/venv/main/lib/python3.12/site-packages/albumentations/core/validation.py:114: UserWarning: ShiftScaleRotate is a special case of Affine transform. Please use Affine transform instead.
  original_init(self, **validated_kwargs)
/workspace/ASR-Position-DETR/src/Position-DETR/transforms/presets.py:109: UserWarning: Argument(s) 'value' are not valid for transform ShiftScaleRotate
  A.ShiftScaleRotate(
/workspace/ASR-Position-DETR/src/Position-DETR/transforms/presets.py:140: UserWarning: Argument(s) 'quality_lower, quality_upper' are not valid for transform ImageCompression
  A.ImageCompression(quality_lower=85, quality_upper=95, p=0.2),
/workspace/ASR-Position-DETR/src/Position-DETR/transforms/presets.py:177: UserWarning: Argument(s) 'value' are not valid for transform ShiftScaleRotate
  A.ShiftScaleRotate(
/workspace/ASR-Position-DETR/src/Position-DETR/transforms/presets.py:208: UserWarning: Argument(s) 'quality_lower, quality_upper' are not valid for transform ImageCompression
  A.ImageCompression(quality_lower=85, quality_upper=95, p=0.2),
loading annotations into memory...
Done (t=1.04s)
creating index...
index created!
loading annotations into memory...
Done (t=0.12s)
creating index...
index created!
[RANK 0] Detected kernel version 5.4.0, which is below the recommended minimum of 5.5.0; this can cause the process to hang. It is recommended to upgrade the kernel to the minimum version or higher.
[2026-08-04 15:45:28 det.util.misc]: [RANK 0] Rank of current process: 0, World size: 1
[2026-08-04 15:45:28 det.util.misc]: [RANK 0] Environment info: 
-------------------------------  ------------------------------------------------------------------------------
sys.platform                     linux
Python                           3.12.13 | packaged by conda-forge | (main, Mar  5 2026, 16:50:00) [GCC 14.3.0]
numpy                            2.4.6
PyTorch                          2.12.0+cu130 @/venv/main/lib/python3.12/site-packages/torch
PyTorch debug build              False
torch._C._GLIBCXX_USE_CXX11_ABI  True
GPU available                    Yes
GPU 0                            NVIDIA GeForce RTX 3090 (arch=8.6)
Driver version                   595.58.03
CUDA_HOME                        /usr/local/cuda
TORCH_CUDA_ARCH_LIST             8.6
Pillow                           12.2.0
torchvision                      0.27.0+cu130 @/venv/main/lib/python3.12/site-packages/torchvision
torchvision arch flags           1.0.0, 1.2.0, 7.5, 8.0, 8.6, 9.0
fvcore                           0.1.5.post20221221
iopath                           0.1.10
cv2                              5.0.0
-------------------------------  ------------------------------------------------------------------------------
PyTorch built with:
  - GCC 13.3
  - C++ Version: 202002
  - Intel(R) oneAPI Math Kernel Library Version 2024.2-Product Build 20240605 for Intel(R) 64 architecture applications
  - Intel(R) MKL-DNN v3.11.2 (Git Hash 03c022d3ffdcee958cfacbe720048e725fdf644c)
  - OpenMP 201511 (a.k.a. OpenMP 4.5)
  - LAPACK is enabled (usually provided by MKL)
  - NNPACK is enabled
  - CPU capability usage: AVX2
  - CUDA Runtime 13.0
  - NVCC architecture flags: -gencode;arch=compute_75,code=sm_75;-gencode;arch=compute_80,code=sm_80;-gencode;arch=compute_86,code=sm_86;-gencode;arch=compute_90,code=sm_90;-gencode;arch=compute_100,code=sm_100;-gencode;arch=compute_120,code=sm_120
  - CuDNN 92.0  (built against CUDA 13.2)
  - Magma 2.6.1
  - Build settings: BLAS_INFO=mkl, BUILD_TYPE=Release, COMMIT_SHA=7661cd9c6b841b62b7f411aa52ec51f05457263b, CUDA_FLAGS= -DLIBCUDACXX_ENABLE_SIMPLIFIED_COMPLEX_OPERATIONS -Xfatbin -compress-all -DONNX_NAMESPACE=onnx_torch -gencode arch=compute_75,code=sm_75 -gencode arch=compute_80,code=sm_80 -gencode arch=compute_86,code=sm_86 -gencode arch=compute_90,code=sm_90 -gencode arch=compute_100,code=sm_100 -gencode arch=compute_120,code=sm_120 -Xcudafe --diag_suppress=cc_clobber_ignored,--diag_suppress=field_without_dll_interface,--diag_suppress=base_class_has_different_dll_interface,--diag_suppress=dll_interface_conflict_none_assumed,--diag_suppress=dll_interface_conflict_dllexport_assumed,--diag_suppress=bad_friend_decl --expt-relaxed-constexpr --expt-extended-lambda -Xfatbin -compress-all --threads 2 -compress-mode=size -Wno-deprecated-gpu-targets --expt-extended-lambda -DCUB_WRAPPED_NAMESPACE=at_cuda_detail -DDISABLE_CUSPARSE_DEPRECATED -DCUDA_HAS_FP16=1 -D__CUDA_NO_HALF_OPERATORS__ -D__CUDA_NO_HALF_CONVERSIONS__ -D__CUDA_NO_HALF2_OPERATORS__ -D__CUDA_NO_BFLOAT16_CONVERSIONS__ -DC10_NODEPRECATED, CUDA_VERSION=13.0, CUDNN_VERSION=9.20.0, CXX_COMPILER=/opt/rh/gcc-toolset-13/root/usr/bin/c++, CXX_FLAGS= -fvisibility-inlines-hidden -DUSE_PTHREADPOOL -DNDEBUG -DUSE_KINETO -DLIBKINETO_NOROCTRACER -DLIBKINETO_NOXPUPTI=ON -DUSE_FBGEMM -DUSE_MSLK -DUSE_PYTORCH_QNNPACK -DUSE_XNNPACK -DSYMBOLICATE_MOBILE_DEBUG_HANDLE -O2 -fPIC -DC10_NODEPRECATED -Wall -Wextra -Werror=return-type -Werror=non-virtual-dtor -Werror=range-loop-construct -Werror=bool-operation -Wnarrowing -Wno-missing-field-initializers -Wno-unknown-pragmas -Wno-unused-parameter -Wno-strict-overflow -Wno-strict-aliasing -Wno-stringop-overflow -Wsuggest-override -Wno-psabi -Wno-error=old-style-cast -faligned-new -Wno-maybe-uninitialized -fno-math-errno -fno-trapping-math -Werror=format -Wno-dangling-reference -Wno-error=dangling-reference -Wno-stringop-overflow, LAPACK_INFO=mkl, PERF_WITH_AVX=1, PERF_WITH_AVX2=1, TORCH_VERSION=2.12.0, USE_CUDA=ON, USE_CUDNN=ON, USE_CUSPARSELT=1, USE_GFLAGS=OFF, USE_GLOG=OFF, USE_GLOO=ON, USE_MKL=ON, USE_MKLDNN=ON, USE_MPI=OFF, USE_NCCL=1, USE_NNPACK=ON, USE_OPENMP=ON, USE_ROCM=OFF, USE_ROCM_KERNEL_ASSERT=OFF, USE_XCCL=OFF, USE_XPU=OFF, 

[2026-08-04 15:45:28 det.util.misc]: [RANK 0] Command line arguments: Namespace(config_file='configs/train_config.py', mixed_precision=None, accumulate_steps=1, seed=None, use_deterministic_algorithms=False, dynamo_backend='no')
[2026-08-04 15:45:28 det.util.misc]: [RANK 0] Contents of args.config_file=configs/train_config.py:
[38;5;245m# from torch import optim[39m

[38;5;245m# from datasets.coco import CocoDetection[39m
[38;5;245m# from transforms import presets[39m
[38;5;245m# from optimizer import param_dict[39m

[38;5;245m# # Commonly changed training configurations[39m
[38;5;245m# num_epochs = 12   # train epochs[39m
[38;5;245m# batch_size = 1    # total_batch_size = #GPU x batch_size[39m
[38;5;245m# num_workers = 4   # workers for pytorch DataLoader[39m
[38;5;245m# pin_memory = True # whether pin_memory for pytorch DataLoader[39m
[38;5;245m# print_freq = 50   # frequency to print logs[39m

[38;5;245m# # Code မှ Directory ကို ဖတ်ပြီး Auto-Resume လုပ်မည်ဖြစ်၍ 0 သာ ထားပါ[39m
[38;5;245m# starting_epoch = 0[39m
[38;5;245m# max_norm = 0.1    # clip gradient norm[39m

[38;5;245m# # 💡 1. Output & Resume Directory (main.py အတွက် resume_from_checkpoint ဟု သုံးရပါမည်)[39m
[38;5;245m# output_dir = "/workspace/ASR-Position-DETR/output" [39m
[38;5;245m# resume_from_checkpoint = "/workspace/ASR-Position-DETR/output"[39m

[38;5;245m# find_unused_parameters = False  # useful for debugging distributed training[39m

[38;5;245m# # 💡 2. COCO VisDrone Path[39m
[38;5;245m# coco_path = "/workspace/ASR-Position-DETR/data/coco_visdrone/"[39m

[38;5;245m# train_transform = presets.detr  # see transforms/presets to choose a transform[39m

[38;5;245m# # 💡 3. VisDrone Folders & JSON Files ချိတ်ဆက်ခြင်း[39m
[38;5;245m# train_dataset = CocoDetection([39m
[38;5;245m#     img_folder=coco_path + 'train',[39m
[38;5;245m#     ann_file=coco_path + 'annotations/instances_train.json',[39m
[38;5;245m#     transforms=train_transform,[39m
[38;5;245m#     train=True,[39m
[38;5;245m# )[39m
[38;5;245m# test_dataset = CocoDetection([39m
[38;5;245m#     img_folder=coco_path + 'val',[39m
[38;5;245m#     ann_file=coco_path + 'annotations/instances_val.json',[39m
[38;5;245m#     transforms=None,  # the eval_transform is integrated in the model[39m
[38;5;245m# )[39m

[38;5;245m# # model config to train[39m
[38;5;245m# model_path = "configs/position_detr/position_detr_resnet50.py"[39m

[38;5;245m# learning_rate = 1e-4  # initial learning rate[39m
[38;5;245m# optimizer = optim.AdamW(lr=learning_rate, weight_decay=1e-4, betas=(0.9, 0.999))[39m
[38;5;245m# lr_scheduler = optim.lr_scheduler.MultiStepLR(milestones=[10], gamma=0.1)[39m

[38;5;245m# # This define parameter groups with different learning rate[39m
[38;5;245m# param_dicts = param_dict.finetune_backbone_and_linear_projection(lr=learning_rate)[39m


[38;5;204mfrom[39m[38;5;255m [39m[38;5;255mtorch[39m[38;5;255m [39m[38;5;204mimport[39m[38;5;255m [39m[38;5;255moptim[39m
[38;5;204mfrom[39m[38;5;255m [39m[38;5;255mfunctools[39m[38;5;255m [39m[38;5;204mimport[39m[38;5;255m [39m[38;5;255mpartial[39m


[38;5;204mfrom[39m[38;5;255m [39m[38;5;255mdatasets[39m[38;5;255m.[39m[38;5;255mcoco[39m[38;5;255m [39m[38;5;204mimport[39m[38;5;255m [39m[38;5;255mCocoDetection[39m
[38;5;204mfrom[39m[38;5;255m [39m[38;5;255mtransforms[39m[38;5;255m [39m[38;5;204mimport[39m[38;5;255m [39m[38;5;255mpresets[39m
[38;5;204mfrom[39m[38;5;255m [39m[38;5;255moptimizer[39m[38;5;255m [39m[38;5;204mimport[39m[38;5;255m [39m[38;5;255mparam_dict[39m


[38;5;255mnum_epochs[39m[38;5;255m [39m[38;5;204m=[39m[38;5;255m [39m[38;5;141m15[39m
[38;5;255mbatch_size[39m[38;5;255m [39m[38;5;204m=[39m[38;5;255m [39m[38;5;141m1[39m
[38;5;255mnum_workers[39m[38;5;255m [39m[38;5;204m=[39m[38;5;255m [39m[38;5;141m4[39m
[38;5;255mpin_memory[39m[38;5;255m [39m[38;5;204m=[39m[38;5;255m [39m[38;5;81mTrue[39m
[38;5;255mprint_freq[39m[38;5;255m [39m[38;5;204m=[39m[38;5;255m [39m[38;5;141m50[39m

[38;5;255mstarting_epoch[39m[38;5;255m [39m[38;5;204m=[39m[38;5;255m [39m[38;5;141m0[39m
[38;5;255mmax_norm[39m[38;5;255m [39m[38;5;204m=[39m[38;5;255m [39m[38;5;141m0.1[39m

[38;5;245m# output_dir = "/workspace/ASR-Position-DETR/output_asr_position_detr"[39m
[38;5;245m# output_dir = "/workspace/ASR-Position-DETR/output_asr_position_detr_saliency_v2"[39m
[38;5;245m# output_dir = ([39m
[38;5;245m#     "/workspace/ASR-Position-DETR/"[39m
[38;5;245m#     "output_position_detr_saliency_v1_original"[39m
[38;5;245m# )[39m
[38;5;245m# output_dir = ([39m
[38;5;245m#     "/workspace/ASR-Position-DETR/"[39m
[38;5;245m#     "output_position_detr_saliency_p2p3_original"[39m
[38;5;245m# )[39m
[38;5;255moutput_dir[39m[38;5;255m [39m[38;5;204m=[39m[38;5;255m [39m[38;5;255m([39m
[38;5;255m    [39m[38;5;186m"[39m[38;5;186m/workspace/ASR-Position-DETR/[39m[38;5;186m"[39m
[38;5;255m    [39m[38;5;186m"[39m[38;5;186moutput_position_detr_saliency_all_k3_original[39m[38;5;186m"[39m
[38;5;255m)[39m
[38;5;245m# output_dir = ([39m
[38;5;245m#     "/workspace/ASR-Position-DETR/"[39m
[38;5;245m#     "output_position_detr_saliency_all_k3_concat1x1"[39m
[38;5;245m# )[39m
[38;5;245m# output_dir = ([39m
[38;5;245m#     "/workspace/ASR-Position-DETR/"[39m
[38;5;245m#     "output_position_detr_saliency_hungarian_matcher"[39m
[38;5;245m# )[39m


[38;5;255mresume_from_checkpoint[39m[38;5;255m [39m[38;5;204m=[39m[38;5;255m [39m[38;5;255m([39m
[38;5;255m    [39m[38;5;186m"[39m[38;5;186m/workspace/ASR-Position-DETR/[39m[38;5;186m"[39m
[38;5;255m    [39m[38;5;186m"[39m[38;5;186moutput_position_detr_saliency_all_k3_original[39m[38;5;186m"[39m
[38;5;255m)[39m


[38;5;245m# resume_from_checkpoint = ([39m
[38;5;245m#     "/workspace/ASR-Position-DETR/position_detr_coco.pth"[39m
[38;5;245m# )[39m

[38;5;255mfind_unused_parameters[39m[38;5;255m [39m[38;5;204m=[39m[38;5;255m [39m[38;5;81mFalse[39m


[38;5;245m# coco_path = "/workspace/ASR-Position-DETR/data/coco_visdrone/"[39m
[38;5;255mcoco_path[39m[38;5;255m [39m[38;5;204m=[39m[38;5;255m [39m[38;5;255m([39m
[38;5;255m    [39m[38;5;186m"[39m[38;5;186m/workspace/ASR-Position-DETR/[39m[38;5;186m"[39m
[38;5;255m    [39m[38;5;186m"[39m[38;5;186mdata/coco_visdrone_original/[39m[38;5;186m"[39m
[38;5;255m)[39m


[38;5;255mtrain_dataset[39m[38;5;255m [39m[38;5;204m=[39m[38;5;255m [39m[38;5;255mCocoDetection[39m[38;5;255m([39m
[38;5;255m    [39m[38;5;255mimg_folder[39m[38;5;204m=[39m[38;5;255mcoco_path[39m[38;5;255m [39m[38;5;204m+[39m[38;5;255m [39m[38;5;186m"[39m[38;5;186mtrain[39m[38;5;186m"[39m[38;5;255m,[39m
[38;5;255m    [39m[38;5;255mann_file[39m[38;5;204m=[39m[38;5;255mcoco_path[39m[38;5;255m [39m[38;5;204m+[39m[38;5;255m [39m[38;5;186m"[39m[38;5;186mannotations/instances_train.json[39m[38;5;186m"[39m[38;5;255m,[39m
[38;5;255m    [39m[38;5;255mtransforms[39m[38;5;204m=[39m[38;5;255mpresets[39m[38;5;204m.[39m[38;5;255mdetr[39m[38;5;255m,[39m
[38;5;255m    [39m[38;5;255mtrain[39m[38;5;204m=[39m[38;5;81mTrue[39m[38;5;255m,[39m
[38;5;255m)[39m


[38;5;255mtest_dataset[39m[38;5;255m [39m[38;5;204m=[39m[38;5;255m [39m[38;5;255mCocoDetection[39m[38;5;255m([39m
[38;5;255m    [39m[38;5;255mimg_folder[39m[38;5;204m=[39m[38;5;255mcoco_path[39m[38;5;255m [39m[38;5;204m+[39m[38;5;255m [39m[38;5;186m"[39m[38;5;186mval[39m[38;5;186m"[39m[38;5;255m,[39m
[38;5;255m    [39m[38;5;255mann_file[39m[38;5;204m=[39m[38;5;255mcoco_path[39m[38;5;255m [39m[38;5;204m+[39m[38;5;255m [39m[38;5;186m"[39m[38;5;186mannotations/instances_val.json[39m[38;5;186m"[39m[38;5;255m,[39m
[38;5;255m    [39m[38;5;255mtransforms[39m[38;5;204m=[39m[38;5;81mNone[39m[38;5;255m,[39m
[38;5;255m)[39m


[38;5;255mmodel_path[39m[38;5;255m [39m[38;5;204m=[39m[38;5;255m [39m[38;5;186m"[39m[38;5;186mconfigs/position_detr/position_detr_resnet50.py[39m[38;5;186m"[39m


[38;5;255mlearning_rate[39m[38;5;255m [39m[38;5;204m=[39m[38;5;255m [39m[38;5;141m1e-4[39m

[38;5;255moptimizer[39m[38;5;255m [39m[38;5;204m=[39m[38;5;255m [39m[38;5;255moptim[39m[38;5;204m.[39m[38;5;255mAdamW[39m[38;5;255m([39m
[38;5;255m    [39m[38;5;255mlr[39m[38;5;204m=[39m[38;5;255mlearning_rate[39m[38;5;255m,[39m
[38;5;255m    [39m[38;5;255mweight_decay[39m[38;5;204m=[39m[38;5;141m1e-4[39m[38;5;255m,[39m
[38;5;255m    [39m[38;5;255mbetas[39m[38;5;204m=[39m[38;5;255m([39m[38;5;141m0.9[39m[38;5;255m,[39m[38;5;255m [39m[38;5;141m0.999[39m[38;5;255m)[39m[38;5;255m,[39m
[38;5;255m)[39m

[38;5;255mlr_scheduler[39m[38;5;255m [39m[38;5;204m=[39m[38;5;255m [39m[38;5;255moptim[39m[38;5;204m.[39m[38;5;255mlr_scheduler[39m[38;5;204m.[39m[38;5;255mMultiStepLR[39m[38;5;255m([39m
[38;5;255m    [39m[38;5;255mmilestones[39m[38;5;204m=[39m[38;5;255m[[39m[38;5;141m10[39m[38;5;255m][39m[38;5;255m,[39m
[38;5;255m    [39m[38;5;255mgamma[39m[38;5;204m=[39m[38;5;141m0.1[39m[38;5;255m,[39m
[38;5;255m)[39m

[38;5;81mdef[39m[38;5;255m [39m[38;5;148mparam_dicts[39m[38;5;255m([39m[38;5;255mmodel[39m[38;5;255m)[39m[38;5;255m:[39m
[38;5;255m    [39m[38;5;81mreturn[39m[38;5;255m [39m[38;5;255mparam_dict[39m[38;5;204m.[39m[38;5;255mfinetune_backbone_and_linear_projection[39m[38;5;255m([39m
[38;5;255m        [39m[38;5;255mmodel[39m[38;5;255m,[39m
[38;5;255m        [39m[38;5;255mlr[39m[38;5;204m=[39m[38;5;255mlearning_rate[39m[38;5;255m,[39m
[38;5;255m    [39m[38;5;255m)[39m

[2026-08-04 15:45:28 det.util.misc]: [RANK 0] Using the random seed: 28505718
Using [0, 0.5, 0.6299605249474366, 0.7937005259840997, 1.0, 1.2599210498948732, 1.5874010519681994, 2.0, inf] as bins for aspect ratio quantization
Count of instances per bin: [3302 3169]
[1/2] /usr/local/cuda/bin/nvcc -MD -MF ms_deform_attn_cuda.cuda.o.d -DTORCH_EXTENSION_NAME=MultiScaleDeformableAttention -DTORCH_API_INCLUDE_EXTENSION_H -isystem /venv/main/lib/python3.12/site-packages/torch/include -isystem /venv/main/lib/python3.12/site-packages/torch/include/torch/csrc/api/include -isystem /usr/local/cuda/include -isystem /venv/main/include/python3.12 -D__CUDA_NO_HALF_OPERATORS__ -D__CUDA_NO_HALF_CONVERSIONS__ -D__CUDA_NO_BFLOAT16_CONVERSIONS__ -D__CUDA_NO_HALF2_OPERATORS__ --expt-relaxed-constexpr -gencode=arch=compute_86,code=sm_86 --compiler-options '-fPIC' -std=c++20 -c /workspace/ASR-Position-DETR/src/Position-DETR/models/bricks/ops/cuda/ms_deform_attn_cuda.cu -o ms_deform_attn_cuda.cuda.o 
/workspace/ASR-Position-DETR/src/Position-DETR/models/bricks/ops/cuda/ms_deform_im2col_cuda.cuh(250): warning #177-D: variable "q_col" was declared but never referenced
      const int q_col = _temp % num_query;
                ^
          detected during instantiation of "void ms_deformable_im2col_cuda(cudaStream_t, const scalar_t *, const int64_t *, const int64_t *, const scalar_t *, const scalar_t *, int, int, int, int, int, int, int, scalar_t *) [with scalar_t=double]" at line 56 of /workspace/ASR-Position-DETR/src/Position-DETR/models/bricks/ops/cuda/ms_deform_attn_cuda.cu

Remark: The warnings can be suppressed with "-diag-suppress <warning-number>"

/workspace/ASR-Position-DETR/src/Position-DETR/models/bricks/ops/cuda/ms_deform_im2col_cuda.cuh(751): warning #177-D: variable "q_col" was declared but never referenced
      const int q_col = _temp % num_query;
                ^
          detected during instantiation of "void ms_deformable_col2im_cuda(cudaStream_t, const scalar_t *, const scalar_t *, const int64_t *, const int64_t *, const scalar_t *, const scalar_t *, int, int, int, int, int, int, int, scalar_t *, scalar_t *, scalar_t *) [with scalar_t=double]" at line 126 of /workspace/ASR-Position-DETR/src/Position-DETR/models/bricks/ops/cuda/ms_deform_attn_cuda.cu

/workspace/ASR-Position-DETR/src/Position-DETR/models/bricks/ops/cuda/ms_deform_im2col_cuda.cuh(861): warning #177-D: variable "q_col" was declared but never referenced
      const int q_col = _temp % num_query;
                ^
          detected during instantiation of "void ms_deformable_col2im_cuda(cudaStream_t, const scalar_t *, const scalar_t *, const int64_t *, const int64_t *, const scalar_t *, const scalar_t *, int, int, int, int, int, int, int, scalar_t *, scalar_t *, scalar_t *) [with scalar_t=double]" at line 126 of /workspace/ASR-Position-DETR/src/Position-DETR/models/bricks/ops/cuda/ms_deform_attn_cuda.cu

/workspace/ASR-Position-DETR/src/Position-DETR/models/bricks/ops/cuda/ms_deform_im2col_cuda.cuh(320): warning #177-D: variable "q_col" was declared but never referenced
      const int q_col = _temp % num_query;
                ^
          detected during instantiation of "void ms_deformable_col2im_cuda(cudaStream_t, const scalar_t *, const scalar_t *, const int64_t *, const int64_t *, const scalar_t *, const scalar_t *, int, int, int, int, int, int, int, scalar_t *, scalar_t *, scalar_t *) [with scalar_t=double]" at line 126 of /workspace/ASR-Position-DETR/src/Position-DETR/models/bricks/ops/cuda/ms_deform_attn_cuda.cu

/workspace/ASR-Position-DETR/src/Position-DETR/models/bricks/ops/cuda/ms_deform_im2col_cuda.cuh(425): warning #177-D: variable "q_col" was declared but never referenced
      const int q_col = _temp % num_query;
                ^
          detected during instantiation of "void ms_deformable_col2im_cuda(cudaStream_t, const scalar_t *, const scalar_t *, const int64_t *, const int64_t *, const scalar_t *, const scalar_t *, int, int, int, int, int, int, int, scalar_t *, scalar_t *, scalar_t *) [with scalar_t=double]" at line 126 of /workspace/ASR-Position-DETR/src/Position-DETR/models/bricks/ops/cuda/ms_deform_attn_cuda.cu

/workspace/ASR-Position-DETR/src/Position-DETR/models/bricks/ops/cuda/ms_deform_im2col_cuda.cuh(533): warning #177-D: variable "q_col" was declared but never referenced
      const int q_col = _temp % num_query;
                ^
          detected during instantiation of "void ms_deformable_col2im_cuda(cudaStream_t, const scalar_t *, const scalar_t *, const int64_t *, const int64_t *, const scalar_t *, const scalar_t *, int, int, int, int, int, int, int, scalar_t *, scalar_t *, scalar_t *) [with scalar_t=double]" at line 126 of /workspace/ASR-Position-DETR/src/Position-DETR/models/bricks/ops/cuda/ms_deform_attn_cuda.cu

/workspace/ASR-Position-DETR/src/Position-DETR/models/bricks/ops/cuda/ms_deform_im2col_cuda.cuh(638): warning #177-D: variable "q_col" was declared but never referenced
      const int q_col = _temp % num_query;
                ^
          detected during instantiation of "void ms_deformable_col2im_cuda(cudaStream_t, const scalar_t *, const scalar_t *, const int64_t *, const int64_t *, const scalar_t *, const scalar_t *, int, int, int, int, int, int, int, scalar_t *, scalar_t *, scalar_t *) [with scalar_t=double]" at line 126 of /workspace/ASR-Position-DETR/src/Position-DETR/models/bricks/ops/cuda/ms_deform_attn_cuda.cu

/workspace/ASR-Position-DETR/src/Position-DETR/models/bricks/ops/cuda/ms_deform_attn_cuda.cu: In lambda function:
/workspace/ASR-Position-DETR/src/Position-DETR/models/bricks/ops/cuda/ms_deform_attn_cuda.cu:56:85: warning: ‘T* at::Tensor::data() const [with T = double]’ is deprecated: Tensor.data<T>() is deprecated. Please use Tensor.data_ptr<T>() instead. [-Wdeprecated-declarations]
   56 |         AT_DISPATCH_FLOATING_TYPES(value.scalar_type(), "ms_deform_attn_forward_cuda", ([&] {
      |                                                               ~~~~~~~~~~~~~~~~~~~~~~^~
/venv/main/lib/python3.12/site-packages/torch/include/ATen/core/TensorBody.h:253:1: note: declared here
  253 |   T * data() const {
      | ^ ~~
/workspace/ASR-Position-DETR/src/Position-DETR/models/bricks/ops/cuda/ms_deform_attn_cuda.cu:56:171: warning: ‘T* at::Tensor::data() const [with T = long int]’ is deprecated: Tensor.data<T>() is deprecated. Please use Tensor.data_ptr<T>() instead. [-Wdeprecated-declarations]
   56 |         AT_DISPATCH_FLOATING_TYPES(value.scalar_type(), "ms_deform_attn_forward_cuda", ([&] {
      |                                                                                                                                                                           ^ 
/venv/main/lib/python3.12/site-packages/torch/include/ATen/core/TensorBody.h:253:1: note: declared here
  253 |   T * data() const {
      | ^ ~~
/workspace/ASR-Position-DETR/src/Position-DETR/models/bricks/ops/cuda/ms_deform_attn_cuda.cu:56:214: warning: ‘T* at::Tensor::data() const [with T = long int]’ is deprecated: Tensor.data<T>() is deprecated. Please use Tensor.data_ptr<T>() instead. [-Wdeprecated-declarations]
   56 |         AT_DISPATCH_FLOATING_TYPES(value.scalar_type(), "ms_deform_attn_forward_cuda", ([&] {
      |                                                                                                                                                                                                                      ^ 
/venv/main/lib/python3.12/site-packages/torch/include/ATen/core/TensorBody.h:253:1: note: declared here
  253 |   T * data() const {
      | ^ ~~
/workspace/ASR-Position-DETR/src/Position-DETR/models/bricks/ops/cuda/ms_deform_attn_cuda.cu:56:247: warning: ‘T* at::Tensor::data() const [with T = double]’ is deprecated: Tensor.data<T>() is deprecated. Please use Tensor.data_ptr<T>() instead. [-Wdeprecated-declarations]
   56 |         AT_DISPATCH_FLOATING_TYPES(value.scalar_type(), "ms_deform_attn_forward_cuda", ([&] {
      |                                                                                                                                                                                                                                                       ^ 
/venv/main/lib/python3.12/site-packages/torch/include/ATen/core/TensorBody.h:253:1: note: declared here
  253 |   T * data() const {
      | ^ ~~
/workspace/ASR-Position-DETR/src/Position-DETR/models/bricks/ops/cuda/ms_deform_attn_cuda.cu:56:330: warning: ‘T* at::Tensor::data() const [with T = double]’ is deprecated: Tensor.data<T>() is deprecated. Please use Tensor.data_ptr<T>() instead. [-Wdeprecated-declarations]
   56 |         AT_DISPATCH_FLOATING_TYPES(value.scalar_type(), "ms_deform_attn_forward_cuda", ([&] {
      |                                                                                                                                                                                                                                                                                                                                          ^ 
/venv/main/lib/python3.12/site-packages/torch/include/ATen/core/TensorBody.h:253:1: note: declared here
  253 |   T * data() const {
      | ^ ~~
/workspace/ASR-Position-DETR/src/Position-DETR/models/bricks/ops/cuda/ms_deform_attn_cuda.cu:56:488: warning: ‘T* at::Tensor::data() const [with T = double]’ is deprecated: Tensor.data<T>() is deprecated. Please use Tensor.data_ptr<T>() instead. [-Wdeprecated-declarations]
   56 |         AT_DISPATCH_FLOATING_TYPES(value.scalar_type(), "ms_deform_attn_forward_cuda", ([&] {
      |                                                                                                                                                                                                                                                                                                                                                                                                                                                                                                        ^ 
/venv/main/lib/python3.12/site-packages/torch/include/ATen/core/TensorBody.h:253:1: note: declared here
  253 |   T * data() const {
      | ^ ~~
/workspace/ASR-Position-DETR/src/Position-DETR/models/bricks/ops/cuda/ms_deform_attn_cuda.cu: In lambda function:
/workspace/ASR-Position-DETR/src/Position-DETR/models/bricks/ops/cuda/ms_deform_attn_cuda.cu:56:84: warning: ‘T* at::Tensor::data() const [with T = float]’ is deprecated: Tensor.data<T>() is deprecated. Please use Tensor.data_ptr<T>() instead. [-Wdeprecated-declarations]
   56 |         AT_DISPATCH_FLOATING_TYPES(value.scalar_type(), "ms_deform_attn_forward_cuda", ([&] {
      |                                                               ~~~~~~~~~~~~~~~~~~~~~^~
/venv/main/lib/python3.12/site-packages/torch/include/ATen/core/TensorBody.h:253:1: note: declared here
  253 |   T * data() const {
      | ^ ~~
/workspace/ASR-Position-DETR/src/Position-DETR/models/bricks/ops/cuda/ms_deform_attn_cuda.cu:56:170: warning: ‘T* at::Tensor::data() const [with T = long int]’ is deprecated: Tensor.data<T>() is deprecated. Please use Tensor.data_ptr<T>() instead. [-Wdeprecated-declarations]
   56 |         AT_DISPATCH_FLOATING_TYPES(value.scalar_type(), "ms_deform_attn_forward_cuda", ([&] {
      |                                                                                                                                                                          ^ 
/venv/main/lib/python3.12/site-packages/torch/include/ATen/core/TensorBody.h:253:1: note: declared here
  253 |   T * data() const {
      | ^ ~~
/workspace/ASR-Position-DETR/src/Position-DETR/models/bricks/ops/cuda/ms_deform_attn_cuda.cu:56:213: warning: ‘T* at::Tensor::data() const [with T = long int]’ is deprecated: Tensor.data<T>() is deprecated. Please use Tensor.data_ptr<T>() instead. [-Wdeprecated-declarations]
   56 |         AT_DISPATCH_FLOATING_TYPES(value.scalar_type(), "ms_deform_attn_forward_cuda", ([&] {
      |                                                                                                                                                                                                                     ^ 
/venv/main/lib/python3.12/site-packages/torch/include/ATen/core/TensorBody.h:253:1: note: declared here
  253 |   T * data() const {
      | ^ ~~
/workspace/ASR-Position-DETR/src/Position-DETR/models/bricks/ops/cuda/ms_deform_attn_cuda.cu:56:245: warning: ‘T* at::Tensor::data() const [with T = float]’ is deprecated: Tensor.data<T>() is deprecated. Please use Tensor.data_ptr<T>() instead. [-Wdeprecated-declarations]
   56 |         AT_DISPATCH_FLOATING_TYPES(value.scalar_type(), "ms_deform_attn_forward_cuda", ([&] {
      |                                                                                                                                                                                                                                                     ^ 
/venv/main/lib/python3.12/site-packages/torch/include/ATen/core/TensorBody.h:253:1: note: declared here
  253 |   T * data() const {
      | ^ ~~
/workspace/ASR-Position-DETR/src/Position-DETR/models/bricks/ops/cuda/ms_deform_attn_cuda.cu:56:327: warning: ‘T* at::Tensor::data() const [with T = float]’ is deprecated: Tensor.data<T>() is deprecated. Please use Tensor.data_ptr<T>() instead. [-Wdeprecated-declarations]
   56 |         AT_DISPATCH_FLOATING_TYPES(value.scalar_type(), "ms_deform_attn_forward_cuda", ([&] {
      |                                                                                                                                                                                                                                                                                                                                       ^ 
/venv/main/lib/python3.12/site-packages/torch/include/ATen/core/TensorBody.h:253:1: note: declared here
  253 |   T * data() const {
      | ^ ~~
/workspace/ASR-Position-DETR/src/Position-DETR/models/bricks/ops/cuda/ms_deform_attn_cuda.cu:56:484: warning: ‘T* at::Tensor::data() const [with T = float]’ is deprecated: Tensor.data<T>() is deprecated. Please use Tensor.data_ptr<T>() instead. [-Wdeprecated-declarations]
   56 |         AT_DISPATCH_FLOATING_TYPES(value.scalar_type(), "ms_deform_attn_forward_cuda", ([&] {
      |                                                                                                                                                                                                                                                                                                                                                                                                                                                                                                    ^ 
/venv/main/lib/python3.12/site-packages/torch/include/ATen/core/TensorBody.h:253:1: note: declared here
  253 |   T * data() const {
      | ^ ~~
/workspace/ASR-Position-DETR/src/Position-DETR/models/bricks/ops/cuda/ms_deform_attn_cuda.cu: In lambda function:
/workspace/ASR-Position-DETR/src/Position-DETR/models/bricks/ops/cuda/ms_deform_attn_cuda.cu:126:93: warning: ‘T* at::Tensor::data() const [with T = double]’ is deprecated: Tensor.data<T>() is deprecated. Please use Tensor.data_ptr<T>() instead. [-Wdeprecated-declarations]
  126 |         AT_DISPATCH_FLOATING_TYPES(value.scalar_type(), "ms_deform_attn_backward_cuda", ([&] {
      |                                                               ~~~~~~~~~~~~~~~~~~~~~~~~~~~~~~^~
/venv/main/lib/python3.12/site-packages/torch/include/ATen/core/TensorBody.h:253:1: note: declared here
  253 |   T * data() const {
      | ^ ~~
/workspace/ASR-Position-DETR/src/Position-DETR/models/bricks/ops/cuda/ms_deform_attn_cuda.cu:126:119: warning: ‘T* at::Tensor::data() const [with T = double]’ is deprecated: Tensor.data<T>() is deprecated. Please use Tensor.data_ptr<T>() instead. [-Wdeprecated-declarations]
  126 |         AT_DISPATCH_FLOATING_TYPES(value.scalar_type(), "ms_deform_attn_backward_cuda", ([&] {
      |                                                                                                                       ^ 
/venv/main/lib/python3.12/site-packages/torch/include/ATen/core/TensorBody.h:253:1: note: declared here
  253 |   T * data() const {
      | ^ ~~
/workspace/ASR-Position-DETR/src/Position-DETR/models/bricks/ops/cuda/ms_deform_attn_cuda.cu:126:205: warning: ‘T* at::Tensor::data() const [with T = long int]’ is deprecated: Tensor.data<T>() is deprecated. Please use Tensor.data_ptr<T>() instead. [-Wdeprecated-declarations]
  126 |         AT_DISPATCH_FLOATING_TYPES(value.scalar_type(), "ms_deform_attn_backward_cuda", ([&] {
      |                                                                                                                                                                                                             ^ 
/venv/main/lib/python3.12/site-packages/torch/include/ATen/core/TensorBody.h:253:1: note: declared here
  253 |   T * data() const {
      | ^ ~~
/workspace/ASR-Position-DETR/src/Position-DETR/models/bricks/ops/cuda/ms_deform_attn_cuda.cu:126:248: warning: ‘T* at::Tensor::data() const [with T = long int]’ is deprecated: Tensor.data<T>() is deprecated. Please use Tensor.data_ptr<T>() instead. [-Wdeprecated-declarations]
  126 |         AT_DISPATCH_FLOATING_TYPES(value.scalar_type(), "ms_deform_attn_backward_cuda", ([&] {
      |                                                                                                                                                                                                                                                        ^ 
/venv/main/lib/python3.12/site-packages/torch/include/ATen/core/TensorBody.h:253:1: note: declared here
  253 |   T * data() const {
      | ^ ~~
/workspace/ASR-Position-DETR/src/Position-DETR/models/bricks/ops/cuda/ms_deform_attn_cuda.cu:126:281: warning: ‘T* at::Tensor::data() const [with T = double]’ is deprecated: Tensor.data<T>() is deprecated. Please use Tensor.data_ptr<T>() instead. [-Wdeprecated-declarations]
  126 |         AT_DISPATCH_FLOATING_TYPES(value.scalar_type(), "ms_deform_attn_backward_cuda", ([&] {
      |                                                                                                                                                                                                                                                                                         ^ 
/venv/main/lib/python3.12/site-packages/torch/include/ATen/core/TensorBody.h:253:1: note: declared here
  253 |   T * data() const {
      | ^ ~~
/workspace/ASR-Position-DETR/src/Position-DETR/models/bricks/ops/cuda/ms_deform_attn_cuda.cu:126:364: warning: ‘T* at::Tensor::data() const [with T = double]’ is deprecated: Tensor.data<T>() is deprecated. Please use Tensor.data_ptr<T>() instead. [-Wdeprecated-declarations]
  126 |         AT_DISPATCH_FLOATING_TYPES(value.scalar_type(), "ms_deform_attn_backward_cuda", ([&] {
      |                                                                                                                                                                                                                                                                                                                                                                            ^ 
/venv/main/lib/python3.12/site-packages/torch/include/ATen/core/TensorBody.h:253:1: note: declared here
  253 |   T * data() const {
      | ^ ~~
/workspace/ASR-Position-DETR/src/Position-DETR/models/bricks/ops/cuda/ms_deform_attn_cuda.cu:126:525: warning: ‘T* at::Tensor::data() const [with T = double]’ is deprecated: Tensor.data<T>() is deprecated. Please use Tensor.data_ptr<T>() instead. [-Wdeprecated-declarations]
  126 |         AT_DISPATCH_FLOATING_TYPES(value.scalar_type(), "ms_deform_attn_backward_cuda", ([&] {
      |                                                                                                                                                                                                                                                                                                                                                                                                                                                                                                                                             ^ 
/venv/main/lib/python3.12/site-packages/torch/include/ATen/core/TensorBody.h:253:1: note: declared here
  253 |   T * data() const {
      | ^ ~~
/workspace/ASR-Position-DETR/src/Position-DETR/models/bricks/ops/cuda/ms_deform_attn_cuda.cu:126:609: warning: ‘T* at::Tensor::data() const [with T = double]’ is deprecated: Tensor.data<T>() is deprecated. Please use Tensor.data_ptr<T>() instead. [-Wdeprecated-declarations]
  126 |         AT_DISPATCH_FLOATING_TYPES(value.scalar_type(), "ms_deform_attn_backward_cuda", ([&] {
      |                                                                                                                                                                                                                                                                                                                                                                                                                                                                                                                                                                                                                                 ^ 
/venv/main/lib/python3.12/site-packages/torch/include/ATen/core/TensorBody.h:253:1: note: declared here
  253 |   T * data() const {
      | ^ ~~
/workspace/ASR-Position-DETR/src/Position-DETR/models/bricks/ops/cuda/ms_deform_attn_cuda.cu:126:697: warning: ‘T* at::Tensor::data() const [with T = double]’ is deprecated: Tensor.data<T>() is deprecated. Please use Tensor.data_ptr<T>() instead. [-Wdeprecated-declarations]
  126 |         AT_DISPATCH_FLOATING_TYPES(value.scalar_type(), "ms_deform_attn_backward_cuda", ([&] {
      |                                                                                                                                                                                                                                                                                                                                                                                                                                                                                                                                                                                                                                                                                                                         ^ 
/venv/main/lib/python3.12/site-packages/torch/include/ATen/core/TensorBody.h:253:1: note: declared here
  253 |   T * data() const {
      | ^ ~~
/workspace/ASR-Position-DETR/src/Position-DETR/models/bricks/ops/cuda/ms_deform_attn_cuda.cu: In lambda function:
/workspace/ASR-Position-DETR/src/Position-DETR/models/bricks/ops/cuda/ms_deform_attn_cuda.cu:126:92: warning: ‘T* at::Tensor::data() const [with T = float]’ is deprecated: Tensor.data<T>() is deprecated. Please use Tensor.data_ptr<T>() instead. [-Wdeprecated-declarations]
  126 |         AT_DISPATCH_FLOATING_TYPES(value.scalar_type(), "ms_deform_attn_backward_cuda", ([&] {
      |                                                               ~~~~~~~~~~~~~~~~~~~~~~~~~~~~~^~
/venv/main/lib/python3.12/site-packages/torch/include/ATen/core/TensorBody.h:253:1: note: declared here
  253 |   T * data() const {
      | ^ ~~
/workspace/ASR-Position-DETR/src/Position-DETR/models/bricks/ops/cuda/ms_deform_attn_cuda.cu:126:117: warning: ‘T* at::Tensor::data() const [with T = float]’ is deprecated: Tensor.data<T>() is deprecated. Please use Tensor.data_ptr<T>() instead. [-Wdeprecated-declarations]
  126 |         AT_DISPATCH_FLOATING_TYPES(value.scalar_type(), "ms_deform_attn_backward_cuda", ([&] {
      |                                                                                                                     ^ 
/venv/main/lib/python3.12/site-packages/torch/include/ATen/core/TensorBody.h:253:1: note: declared here
  253 |   T * data() const {
      | ^ ~~
/workspace/ASR-Position-DETR/src/Position-DETR/models/bricks/ops/cuda/ms_deform_attn_cuda.cu:126:203: warning: ‘T* at::Tensor::data() const [with T = long int]’ is deprecated: Tensor.data<T>() is deprecated. Please use Tensor.data_ptr<T>() instead. [-Wdeprecated-declarations]
  126 |         AT_DISPATCH_FLOATING_TYPES(value.scalar_type(), "ms_deform_attn_backward_cuda", ([&] {
      |                                                                                                                                                                                                           ^ 
/venv/main/lib/python3.12/site-packages/torch/include/ATen/core/TensorBody.h:253:1: note: declared here
  253 |   T * data() const {
      | ^ ~~
/workspace/ASR-Position-DETR/src/Position-DETR/models/bricks/ops/cuda/ms_deform_attn_cuda.cu:126:246: warning: ‘T* at::Tensor::data() const [with T = long int]’ is deprecated: Tensor.data<T>() is deprecated. Please use Tensor.data_ptr<T>() instead. [-Wdeprecated-declarations]
  126 |         AT_DISPATCH_FLOATING_TYPES(value.scalar_type(), "ms_deform_attn_backward_cuda", ([&] {
      |                                                                                                                                                                                                                                                      ^ 
/venv/main/lib/python3.12/site-packages/torch/include/ATen/core/TensorBody.h:253:1: note: declared here
  253 |   T * data() const {
      | ^ ~~
/workspace/ASR-Position-DETR/src/Position-DETR/models/bricks/ops/cuda/ms_deform_attn_cuda.cu:126:278: warning: ‘T* at::Tensor::data() const [with T = float]’ is deprecated: Tensor.data<T>() is deprecated. Please use Tensor.data_ptr<T>() instead. [-Wdeprecated-declarations]
  126 |         AT_DISPATCH_FLOATING_TYPES(value.scalar_type(), "ms_deform_attn_backward_cuda", ([&] {
      |                                                                                                                                                                                                                                                                                      ^ 
/venv/main/lib/python3.12/site-packages/torch/include/ATen/core/TensorBody.h:253:1: note: declared here
  253 |   T * data() const {
      | ^ ~~
/workspace/ASR-Position-DETR/src/Position-DETR/models/bricks/ops/cuda/ms_deform_attn_cuda.cu:126:360: warning: ‘T* at::Tensor::data() const [with T = float]’ is deprecated: Tensor.data<T>() is deprecated. Please use Tensor.data_ptr<T>() instead. [-Wdeprecated-declarations]
  126 |         AT_DISPATCH_FLOATING_TYPES(value.scalar_type(), "ms_deform_attn_backward_cuda", ([&] {
      |                                                                                                                                                                                                                                                                                                                                                                        ^ 
/venv/main/lib/python3.12/site-packages/torch/include/ATen/core/TensorBody.h:253:1: note: declared here
  253 |   T * data() const {
      | ^ ~~
/workspace/ASR-Position-DETR/src/Position-DETR/models/bricks/ops/cuda/ms_deform_attn_cuda.cu:126:520: warning: ‘T* at::Tensor::data() const [with T = float]’ is deprecated: Tensor.data<T>() is deprecated. Please use Tensor.data_ptr<T>() instead. [-Wdeprecated-declarations]
  126 |         AT_DISPATCH_FLOATING_TYPES(value.scalar_type(), "ms_deform_attn_backward_cuda", ([&] {
      |                                                                                                                                                                                                                                                                                                                                                                                                                                                                                                                                        ^ 
/venv/main/lib/python3.12/site-packages/torch/include/ATen/core/TensorBody.h:253:1: note: declared here
  253 |   T * data() const {
      | ^ ~~
/workspace/ASR-Position-DETR/src/Position-DETR/models/bricks/ops/cuda/ms_deform_attn_cuda.cu:126:603: warning: ‘T* at::Tensor::data() const [with T = float]’ is deprecated: Tensor.data<T>() is deprecated. Please use Tensor.data_ptr<T>() instead. [-Wdeprecated-declarations]
  126 |         AT_DISPATCH_FLOATING_TYPES(value.scalar_type(), "ms_deform_attn_backward_cuda", ([&] {
      |                                                                                                                                                                                                                                                                                                                                                                                                                                                                                                                                                                                                                           ^ 
/venv/main/lib/python3.12/site-packages/torch/include/ATen/core/TensorBody.h:253:1: note: declared here
  253 |   T * data() const {
      | ^ ~~
/workspace/ASR-Position-DETR/src/Position-DETR/models/bricks/ops/cuda/ms_deform_attn_cuda.cu:126:690: warning: ‘T* at::Tensor::data() const [with T = float]’ is deprecated: Tensor.data<T>() is deprecated. Please use Tensor.data_ptr<T>() instead. [-Wdeprecated-declarations]
  126 |         AT_DISPATCH_FLOATING_TYPES(value.scalar_type(), "ms_deform_attn_backward_cuda", ([&] {
      |                                                                                                                                                                                                                                                                                                                                                                                                                                                                                                                                                                                                                                                                                                                  ^ 
/venv/main/lib/python3.12/site-packages/torch/include/ATen/core/TensorBody.h:253:1: note: declared here
  253 |   T * data() const {
      | ^ ~~
[2/2] c++ ms_deform_attn_cuda.cuda.o -shared -L/venv/main/lib/python3.12/site-packages/torch/lib -lc10 -lc10_cuda -ltorch_cpu -ltorch_cuda -ltorch -ltorch_python -L/usr/local/cuda/lib64 -lcudart -o MultiScaleDeformableAttention.so
[2026-08-04 15:46:21 det.models.backbones.base_backbone]: Backbone architecture: resnet50
[2026-08-04 15:46:21 det.util.utils]: <All keys matched successfully>
[2026-08-04 15:46:22 accelerate.accelerator]: [RANK 0] Loading states from /workspace/ASR-Position-DETR/output_position_detr_saliency_all_k3_original/checkpoints/checkpoint_11
[2026-08-04 15:46:22 accelerate.checkpointing]: [RANK 0] All model weights loaded successfully
[2026-08-04 15:46:22 accelerate.checkpointing]: [RANK 0] All optimizer states loaded successfully
[2026-08-04 15:46:22 accelerate.checkpointing]: [RANK 0] All scheduler states loaded successfully
[2026-08-04 15:46:22 accelerate.checkpointing]: [RANK 0] All dataloader sampler states loaded successfully
[2026-08-04 15:46:22 accelerate.checkpointing]: [RANK 0] All random states loaded successfully
[2026-08-04 15:46:22 accelerate.accelerator]: [RANK 0] Loading in 0 custom states
[2026-08-04 15:46:22 det.__main__]: [RANK 0] resume training of /workspace/ASR-Position-DETR/output_position_detr_saliency_all_k3_original, from checkpoint_11
[2026-08-04 15:46:22 det.__main__]: [RANK 0] Label names is saved to /workspace/ASR-Position-DETR/output_position_detr_saliency_all_k3_original/label_names.txt
[2026-08-04 15:46:22 det.__main__]: [RANK 0] Start training
WARNING [2026-08-04 15:46:23 py.warnings]: /venv/main/lib/python3.12/site-packages/torch/_dynamo/eval_frame.py:1298: UserWarning: torch.utils.checkpoint: the use_reentrant parameter should be passed explicitly. Starting in PyTorch 2.9, calling checkpoint without use_reentrant will raise an exception. use_reentrant=False is recommended, but if you need to preserve the current default behavior, you can pass use_reentrant=True. Refer to docs for more details on the differences between the two variants.
  return fn(*args, **kwargs)

[2026-08-04 15:46:24 det.util.engine]: Epoch: [12]  [0/6471]  eta: 2:32:11  lr: 0.000010  data_time: 0.0018  iter_time: 1.4111  loss: 25.1678 (25.1678)  loss_class: 0.6056 (0.6056)  loss_bbox: 0.0417 (0.0417)  loss_giou: 0.6325 (0.6325)  loss_class_0: 0.6998 (0.6998)  loss_bbox_0: 0.0406 (0.0406)  loss_giou_0: 0.6205 (0.6205)  loss_class_1: 0.6194 (0.6194)  loss_bbox_1: 0.0419 (0.0419)  loss_giou_1: 0.6462 (0.6462)  loss_class_2: 0.6264 (0.6264)  loss_bbox_2: 0.0415 (0.0415)  loss_giou_2: 0.6286 (0.6286)  loss_class_3: 0.6012 (0.6012)  loss_bbox_3: 0.0412 (0.0412)  loss_giou_3: 0.6458 (0.6458)  loss_class_4: 0.6076 (0.6076)  loss_bbox_4: 0.0417 (0.0417)  loss_giou_4: 0.6323 (0.6323)  loss_class_enc: 0.6480 (0.6480)  loss_bbox_enc: 0.0457 (0.0457)  loss_giou_enc: 0.6692 (0.6692)  loss_class_dn: 0.4397 (0.4397)  loss_bbox_dn: 0.0333 (0.0333)  loss_giou_dn: 0.4997 (0.4997)  loss_class_dn_0: 0.5213 (0.5213)  loss_bbox_dn_0: 0.0393 (0.0393)  loss_giou_dn_0: 0.5670 (0.5670)  loss_class_dn_1: 0.4759 (0.4759)  loss_bbox_dn_1: 0.0339 (0.0339)  loss_giou_dn_1: 0.5078 (0.5078)  loss_class_dn_2: 0.4572 (0.4572)  loss_bbox_dn_2: 0.0332 (0.0332)  loss_giou_dn_2: 0.4927 (0.4927)  loss_class_dn_3: 0.4357 (0.4357)  loss_bbox_dn_3: 0.0334 (0.0334)  loss_giou_dn_3: 0.5006 (0.5006)  loss_class_dn_4: 0.4363 (0.4363)  loss_bbox_dn_4: 0.0333 (0.0333)  loss_giou_dn_4: 0.4993 (0.4993)  loss_position: 0.2585 (0.2585)  loss_class_hybrid: 0.5757 (0.5757)  loss_bbox_hybrid: 0.0527 (0.0527)  loss_giou_hybrid: 0.7355 (0.7355)  loss_class_0_hybrid: 0.5958 (0.5958)  loss_bbox_0_hybrid: 0.0538 (0.0538)  loss_giou_0_hybrid: 0.7382 (0.7382)  loss_class_1_hybrid: 0.6010 (0.6010)  loss_bbox_1_hybrid: 0.0540 (0.0540)  loss_giou_1_hybrid: 0.7376 (0.7376)  loss_class_2_hybrid: 0.5891 (0.5891)  loss_bbox_2_hybrid: 0.0529 (0.0529)  loss_giou_2_hybrid: 0.7332 (0.7332)  loss_class_3_hybrid: 0.5738 (0.5738)  loss_bbox_3_hybrid: 0.0524 (0.0524)  loss_giou_3_hybrid: 0.7395 (0.7395)  loss_class_4_hybrid: 0.5765 (0.5765)  loss_bbox_4_hybrid: 0.0520 (0.0520)  loss_giou_4_hybrid: 0.7362 (0.7362)  loss_class_enc_hybrid: 0.5595 (0.5595)  loss_bbox_enc_hybrid: 0.0607 (0.0607)  loss_giou_enc_hybrid: 0.8226 (0.8226)  mem: 797  max mem: 3710
[2026-08-04 15:46:24 accelerate.tracking]: [RANK 0] Successfully logged to TensorBoard
[2026-08-04 15:46:50 det.util.engine]: Epoch: [12]  [50/6471]  eta: 0:56:38  lr: 0.000010  data_time: 0.0010  iter_time: 0.4395  loss: 24.2904 (23.8910)  loss_class: 0.5425 (0.5348)  loss_bbox: 0.0565 (0.0546)  loss_giou: 0.5523 (0.5487)  loss_class_0: 0.6879 (0.6792)  loss_bbox_0: 0.0511 (0.0565)  loss_giou_0: 0.5246 (0.5660)  loss_class_1: 0.5759 (0.5781)  loss_bbox_1: 0.0557 (0.0544)  loss_giou_1: 0.4931 (0.5514)  loss_class_2: 0.5546 (0.5512)  loss_bbox_2: 0.0570 (0.0544)  loss_giou_2: 0.5220 (0.5502)  loss_class_3: 0.5406 (0.5392)  loss_bbox_3: 0.0568 (0.0542)  loss_giou_3: 0.5254 (0.5484)  loss_class_4: 0.5422 (0.5375)  loss_bbox_4: 0.0564 (0.0542)  loss_giou_4: 0.5222 (0.5488)  loss_class_enc: 0.6526 (0.6438)  loss_bbox_enc: 0.0629 (0.0704)  loss_giou_enc: 0.6395 (0.6371)  loss_class_dn: 0.4139 (0.4054)  loss_bbox_dn: 0.0471 (0.0514)  loss_giou_dn: 0.5166 (0.5165)  loss_class_dn_0: 0.4724 (0.4758)  loss_bbox_dn_0: 0.0597 (0.0683)  loss_giou_dn_0: 0.6365 (0.6208)  loss_class_dn_1: 0.4357 (0.4288)  loss_bbox_dn_1: 0.0487 (0.0538)  loss_giou_dn_1: 0.5414 (0.5329)  loss_class_dn_2: 0.4233 (0.4128)  loss_bbox_dn_2: 0.0474 (0.0517)  loss_giou_dn_2: 0.5230 (0.5184)  loss_class_dn_3: 0.4191 (0.4065)  loss_bbox_dn_3: 0.0471 (0.0515)  loss_giou_dn_3: 0.5174 (0.5170)  loss_class_dn_4: 0.4174 (0.4057)  loss_bbox_dn_4: 0.0470 (0.0514)  loss_giou_dn_4: 0.5165 (0.5165)  loss_position: 0.2808 (0.2912)  loss_class_hybrid: 0.5234 (0.5170)  loss_bbox_hybrid: 0.0679 (0.0779)  loss_giou_hybrid: 0.5155 (0.6534)  loss_class_0_hybrid: 0.5229 (0.5566)  loss_bbox_0_hybrid: 0.0718 (0.0864)  loss_giou_0_hybrid: 0.5519 (0.6965)  loss_class_1_hybrid: 0.5127 (0.5361)  loss_bbox_1_hybrid: 0.0692 (0.0808)  loss_giou_1_hybrid: 0.5302 (0.6647)  loss_class_2_hybrid: 0.5397 (0.5256)  loss_bbox_2_hybrid: 0.0685 (0.0796)  loss_giou_2_hybrid: 0.5212 (0.6561)  loss_class_3_hybrid: 0.5349 (0.5209)  loss_bbox_3_hybrid: 0.0677 (0.0782)  loss_giou_3_hybrid: 0.5206 (0.6539)  loss_class_4_hybrid: 0.5327 (0.5201)  loss_bbox_4_hybrid: 0.0679 (0.0778)  loss_giou_4_hybrid: 0.5150 (0.6534)  loss_class_enc_hybrid: 0.5375 (0.5277)  loss_bbox_enc_hybrid: 0.1000 (0.1112)  loss_giou_enc_hybrid: 0.6606 (0.8278)  mem: 791  max mem: 4020
[2026-08-04 15:46:50 accelerate.tracking]: [RANK 0] Successfully logged to TensorBoard
[2026-08-04 15:47:09 det.util.engine]: Epoch: [12]  [100/6471]  eta: 0:48:19  lr: 0.000010  data_time: 0.0010  iter_time: 0.3830  loss: 24.0646 (23.8673)  loss_class: 0.5604 (0.5450)  loss_bbox: 0.0504 (0.0546)  loss_giou: 0.5600 (0.5456)  loss_class_0: 0.6935 (0.6935)  loss_bbox_0: 0.0530 (0.0568)  loss_giou_0: 0.5486 (0.5601)  loss_class_1: 0.5925 (0.5916)  loss_bbox_1: 0.0518 (0.0544)  loss_giou_1: 0.5826 (0.5487)  loss_class_2: 0.5884 (0.5633)  loss_bbox_2: 0.0518 (0.0543)  loss_giou_2: 0.5450 (0.5462)  loss_class_3: 0.5650 (0.5504)  loss_bbox_3: 0.0516 (0.0541)  loss_giou_3: 0.5955 (0.5450)  loss_class_4: 0.5645 (0.5481)  loss_bbox_4: 0.0515 (0.0542)  loss_giou_4: 0.5602 (0.5452)  loss_class_enc: 0.6450 (0.6605)  loss_bbox_enc: 0.0654 (0.0702)  loss_giou_enc: 0.6140 (0.6298)  loss_class_dn: 0.4191 (0.4071)  loss_bbox_dn: 0.0425 (0.0510)  loss_giou_dn: 0.5064 (0.5083)  loss_class_dn_0: 0.4809 (0.4798)  loss_bbox_dn_0: 0.0598 (0.0683)  loss_giou_dn_0: 0.5958 (0.6143)  loss_class_dn_1: 0.4337 (0.4301)  loss_bbox_dn_1: 0.0459 (0.0540)  loss_giou_dn_1: 0.5208 (0.5264)  loss_class_dn_2: 0.4230 (0.4137)  loss_bbox_dn_2: 0.0430 (0.0514)  loss_giou_dn_2: 0.5073 (0.5109)  loss_class_dn_3: 0.4240 (0.4087)  loss_bbox_dn_3: 0.0425 (0.0511)  loss_giou_dn_3: 0.5065 (0.5086)  loss_class_dn_4: 0.4185 (0.4075)  loss_bbox_dn_4: 0.0425 (0.0510)  loss_giou_dn_4: 0.5063 (0.5082)  loss_position: 0.2944 (0.3019)  loss_class_hybrid: 0.5034 (0.5385)  loss_bbox_hybrid: 0.0730 (0.0716)  loss_giou_hybrid: 0.6093 (0.6324)  loss_class_0_hybrid: 0.5463 (0.5709)  loss_bbox_0_hybrid: 0.0823 (0.0803)  loss_giou_0_hybrid: 0.6263 (0.6748)  loss_class_1_hybrid: 0.5219 (0.5540)  loss_bbox_1_hybrid: 0.0751 (0.0745)  loss_giou_1_hybrid: 0.6127 (0.6454)  loss_class_2_hybrid: 0.5089 (0.5441)  loss_bbox_2_hybrid: 0.0744 (0.0731)  loss_giou_2_hybrid: 0.6068 (0.6364)  loss_class_3_hybrid: 0.5053 (0.5412)  loss_bbox_3_hybrid: 0.0734 (0.0719)  loss_giou_3_hybrid: 0.6101 (0.6333)  loss_class_4_hybrid: 0.5068 (0.5393)  loss_bbox_4_hybrid: 0.0734 (0.0716)  loss_giou_4_hybrid: 0.6115 (0.6329)  loss_class_enc_hybrid: 0.5567 (0.5442)  loss_bbox_enc_hybrid: 0.0974 (0.1046)  loss_giou_enc_hybrid: 0.7682 (0.8082)  mem: 784  max mem: 4025
[2026-08-04 15:47:09 accelerate.tracking]: [RANK 0] Successfully logged to TensorBoard
[2026-08-04 15:47:28 det.util.engine]: Epoch: [12]  [150/6471]  eta: 0:45:25  lr: 0.000010  data_time: 0.0010  iter_time: 0.3981  loss: 23.7346 (23.7064)  loss_class: 0.5763 (0.5503)  loss_bbox: 0.0492 (0.0547)  loss_giou: 0.5019 (0.5355)  loss_class_0: 0.6704 (0.7037)  loss_bbox_0: 0.0545 (0.0569)  loss_giou_0: 0.5328 (0.5489)  loss_class_1: 0.6004 (0.5957)  loss_bbox_1: 0.0508 (0.0548)  loss_giou_1: 0.5081 (0.5393)  loss_class_2: 0.5749 (0.5690)  loss_bbox_2: 0.0508 (0.0545)  loss_giou_2: 0.4903 (0.5360)  loss_class_3: 0.5748 (0.5570)  loss_bbox_3: 0.0498 (0.0543)  loss_giou_3: 0.5006 (0.5346)  loss_class_4: 0.5663 (0.5530)  loss_bbox_4: 0.0492 (0.0544)  loss_giou_4: 0.5027 (0.5362)  loss_class_enc: 0.6457 (0.6627)  loss_bbox_enc: 0.0700 (0.0719)  loss_giou_enc: 0.6216 (0.6244)  loss_class_dn: 0.4016 (0.4022)  loss_bbox_dn: 0.0431 (0.0514)  loss_giou_dn: 0.5276 (0.5011)  loss_class_dn_0: 0.4700 (0.4770)  loss_bbox_dn_0: 0.0607 (0.0694)  loss_giou_dn_0: 0.6247 (0.6065)  loss_class_dn_1: 0.4257 (0.4260)  loss_bbox_dn_1: 0.0479 (0.0547)  loss_giou_dn_1: 0.5428 (0.5202)  loss_class_dn_2: 0.4078 (0.4089)  loss_bbox_dn_2: 0.0432 (0.0519)  loss_giou_dn_2: 0.5287 (0.5040)  loss_class_dn_3: 0.4053 (0.4039)  loss_bbox_dn_3: 0.0430 (0.0515)  loss_giou_dn_3: 0.5278 (0.5016)  loss_class_dn_4: 0.4024 (0.4026)  loss_bbox_dn_4: 0.0431 (0.0514)  loss_giou_dn_4: 0.5272 (0.5010)  loss_position: 0.2727 (0.2962)  loss_class_hybrid: 0.5274 (0.5483)  loss_bbox_hybrid: 0.0644 (0.0696)  loss_giou_hybrid: 0.5880 (0.6151)  loss_class_0_hybrid: 0.5421 (0.5778)  loss_bbox_0_hybrid: 0.0725 (0.0786)  loss_giou_0_hybrid: 0.6449 (0.6593)  loss_class_1_hybrid: 0.5402 (0.5646)  loss_bbox_1_hybrid: 0.0673 (0.0723)  loss_giou_1_hybrid: 0.6063 (0.6278)  loss_class_2_hybrid: 0.5222 (0.5552)  loss_bbox_2_hybrid: 0.0644 (0.0709)  loss_giou_2_hybrid: 0.5936 (0.6191)  loss_class_3_hybrid: 0.5278 (0.5514)  loss_bbox_3_hybrid: 0.0656 (0.0699)  loss_giou_3_hybrid: 0.5885 (0.6158)  loss_class_4_hybrid: 0.5335 (0.5496)  loss_bbox_4_hybrid: 0.0646 (0.0695)  loss_giou_4_hybrid: 0.5871 (0.6155)  loss_class_enc_hybrid: 0.5125 (0.5463)  loss_bbox_enc_hybrid: 0.1065 (0.1040)  loss_giou_enc_hybrid: 0.8056 (0.7967)  mem: 786  max mem: 4025
[2026-08-04 15:47:28 accelerate.tracking]: [RANK 0] Successfully logged to TensorBoard
[2026-08-04 15:47:47 det.util.engine]: Epoch: [12]  [200/6471]  eta: 0:43:43  lr: 0.000010  data_time: 0.0010  iter_time: 0.3947  loss: 22.9393 (23.5901)  loss_class: 0.5512 (0.5536)  loss_bbox: 0.0523 (0.0545)  loss_giou: 0.4635 (0.5295)  loss_class_0: 0.7202 (0.7088)  loss_bbox_0: 0.0530 (0.0569)  loss_giou_0: 0.4758 (0.5420)  loss_class_1: 0.6133 (0.5971)  loss_bbox_1: 0.0530 (0.0549)  loss_giou_1: 0.4707 (0.5335)  loss_class_2: 0.5932 (0.5712)  loss_bbox_2: 0.0522 (0.0544)  loss_giou_2: 0.4709 (0.5298)  loss_class_3: 0.5811 (0.5605)  loss_bbox_3: 0.0524 (0.0542)  loss_giou_3: 0.4640 (0.5288)  loss_class_4: 0.5632 (0.5560)  loss_bbox_4: 0.0523 (0.0542)  loss_giou_4: 0.4634 (0.5300)  loss_class_enc: 0.6896 (0.6694)  loss_bbox_enc: 0.0670 (0.0723)  loss_giou_enc: 0.5939 (0.6176)  loss_class_dn: 0.4069 (0.3998)  loss_bbox_dn: 0.0429 (0.0508)  loss_giou_dn: 0.4659 (0.4942)  loss_class_dn_0: 0.4721 (0.4760)  loss_bbox_dn_0: 0.0567 (0.0693)  loss_giou_dn_0: 0.5730 (0.5991)  loss_class_dn_1: 0.4197 (0.4244)  loss_bbox_dn_1: 0.0461 (0.0540)  loss_giou_dn_1: 0.4810 (0.5126)  loss_class_dn_2: 0.4052 (0.4069)  loss_bbox_dn_2: 0.0436 (0.0513)  loss_giou_dn_2: 0.4701 (0.4968)  loss_class_dn_3: 0.4038 (0.4018)  loss_bbox_dn_3: 0.0425 (0.0510)  loss_giou_dn_3: 0.4642 (0.4948)  loss_class_dn_4: 0.4102 (0.4003)  loss_bbox_dn_4: 0.0429 (0.0508)  loss_giou_dn_4: 0.4657 (0.4941)  loss_position: 0.2857 (0.3023)  loss_class_hybrid: 0.5351 (0.5520)  loss_bbox_hybrid: 0.0669 (0.0686)  loss_giou_hybrid: 0.5369 (0.6064)  loss_class_0_hybrid: 0.5703 (0.5826)  loss_bbox_0_hybrid: 0.0754 (0.0774)  loss_giou_0_hybrid: 0.5645 (0.6483)  loss_class_1_hybrid: 0.5572 (0.5684)  loss_bbox_1_hybrid: 0.0703 (0.0711)  loss_giou_1_hybrid: 0.5529 (0.6185)  loss_class_2_hybrid: 0.5408 (0.5591)  loss_bbox_2_hybrid: 0.0684 (0.0698)  loss_giou_2_hybrid: 0.5465 (0.6099)  loss_class_3_hybrid: 0.5472 (0.5552)  loss_bbox_3_hybrid: 0.0686 (0.0689)  loss_giou_3_hybrid: 0.5383 (0.6070)  loss_class_4_hybrid: 0.5405 (0.5530)  loss_bbox_4_hybrid: 0.0669 (0.0685)  loss_giou_4_hybrid: 0.5368 (0.6067)  loss_class_enc_hybrid: 0.5487 (0.5528)  loss_bbox_enc_hybrid: 0.0968 (0.1025)  loss_giou_enc_hybrid: 0.7354 (0.7837)  mem: 793  max mem: 4111
[2026-08-04 15:47:47 accelerate.tracking]: [RANK 0] Successfully logged to TensorBoard
[2026-08-04 15:48:10 det.util.engine]: Epoch: [12]  [250/6471]  eta: 0:44:20  lr: 0.000010  data_time: 0.0008  iter_time: 0.4674  loss: 24.7829 (23.9866)  loss_class: 0.5567 (0.5543)  loss_bbox: 0.0520 (0.0553)  loss_giou: 0.5557 (0.5460)  loss_class_0: 0.6656 (0.7022)  loss_bbox_0: 0.0545 (0.0579)  loss_giou_0: 0.5792 (0.5598)  loss_class_1: 0.5937 (0.5953)  loss_bbox_1: 0.0531 (0.0558)  loss_giou_1: 0.5655 (0.5496)  loss_class_2: 0.5803 (0.5720)  loss_bbox_2: 0.0478 (0.0552)  loss_giou_2: 0.5539 (0.5457)  loss_class_3: 0.5719 (0.5607)  loss_bbox_3: 0.0521 (0.0551)  loss_giou_3: 0.5591 (0.5454)  loss_class_4: 0.5635 (0.5565)  loss_bbox_4: 0.0520 (0.0551)  loss_giou_4: 0.5626 (0.5464)  loss_class_enc: 0.6043 (0.6633)  loss_bbox_enc: 0.0612 (0.0729)  loss_giou_enc: 0.6351 (0.6344)  loss_class_dn: 0.4202 (0.4018)  loss_bbox_dn: 0.0448 (0.0512)  loss_giou_dn: 0.5620 (0.5094)  loss_class_dn_0: 0.4680 (0.4763)  loss_bbox_dn_0: 0.0524 (0.0689)  loss_giou_dn_0: 0.6328 (0.6114)  loss_class_dn_1: 0.4390 (0.4262)  loss_bbox_dn_1: 0.0450 (0.0541)  loss_giou_dn_1: 0.5706 (0.5268)  loss_class_dn_2: 0.4207 (0.4088)  loss_bbox_dn_2: 0.0450 (0.0516)  loss_giou_dn_2: 0.5590 (0.5120)  loss_class_dn_3: 0.4209 (0.4039)  loss_bbox_dn_3: 0.0449 (0.0513)  loss_giou_dn_3: 0.5626 (0.5099)  loss_class_dn_4: 0.4202 (0.4022)  loss_bbox_dn_4: 0.0448 (0.0512)  loss_giou_dn_4: 0.5615 (0.5093)  loss_position: 0.2898 (0.3023)  loss_class_hybrid: 0.4767 (0.5454)  loss_bbox_hybrid: 0.0714 (0.0730)  loss_giou_hybrid: 0.6041 (0.6362)  loss_class_0_hybrid: 0.5509 (0.5727)  loss_bbox_0_hybrid: 0.0790 (0.0825)  loss_giou_0_hybrid: 0.6650 (0.6794)  loss_class_1_hybrid: 0.4854 (0.5603)  loss_bbox_1_hybrid: 0.0733 (0.0758)  loss_giou_1_hybrid: 0.6219 (0.6484)  loss_class_2_hybrid: 0.4822 (0.5517)  loss_bbox_2_hybrid: 0.0708 (0.0743)  loss_giou_2_hybrid: 0.6072 (0.6399)  loss_class_3_hybrid: 0.4741 (0.5479)  loss_bbox_3_hybrid: 0.0701 (0.0734)  loss_giou_3_hybrid: 0.6071 (0.6370)  loss_class_4_hybrid: 0.4827 (0.5465)  loss_bbox_4_hybrid: 0.0714 (0.0730)  loss_giou_4_hybrid: 0.6051 (0.6366)  loss_class_enc_hybrid: 0.5089 (0.5432)  loss_bbox_enc_hybrid: 0.0930 (0.1076)  loss_giou_enc_hybrid: 0.7704 (0.8146)  mem: 791  max mem: 4111
[2026-08-04 15:48:10 accelerate.tracking]: [RANK 0] Successfully logged to TensorBoard
[2026-08-04 15:48:31 det.util.engine]: Epoch: [12]  [300/6471]  eta: 0:43:53  lr: 0.000010  data_time: 0.0009  iter_time: 0.4485  loss: 23.2283 (24.0521)  loss_class: 0.5100 (0.5549)  loss_bbox: 0.0480 (0.0562)  loss_giou: 0.4997 (0.5474)  loss_class_0: 0.6793 (0.6989)  loss_bbox_0: 0.0503 (0.0591)  loss_giou_0: 0.5259 (0.5637)  loss_class_1: 0.5763 (0.5958)  loss_bbox_1: 0.0469 (0.0567)  loss_giou_1: 0.4911 (0.5513)  loss_class_2: 0.5071 (0.5717)  loss_bbox_2: 0.0470 (0.0562)  loss_giou_2: 0.4875 (0.5473)  loss_class_3: 0.5103 (0.5612)  loss_bbox_3: 0.0469 (0.0560)  loss_giou_3: 0.4871 (0.5470)  loss_class_4: 0.5139 (0.5568)  loss_bbox_4: 0.0461 (0.0560)  loss_giou_4: 0.4820 (0.5478)  loss_class_enc: 0.6734 (0.6638)  loss_bbox_enc: 0.0584 (0.0742)  loss_giou_enc: 0.5909 (0.6371)  loss_class_dn: 0.4175 (0.4020)  loss_bbox_dn: 0.0437 (0.0515)  loss_giou_dn: 0.4880 (0.5096)  loss_class_dn_0: 0.4698 (0.4747)  loss_bbox_dn_0: 0.0573 (0.0692)  loss_giou_dn_0: 0.5915 (0.6121)  loss_class_dn_1: 0.4344 (0.4257)  loss_bbox_dn_1: 0.0454 (0.0545)  loss_giou_dn_1: 0.5162 (0.5276)  loss_class_dn_2: 0.4250 (0.4089)  loss_bbox_dn_2: 0.0443 (0.0520)  loss_giou_dn_2: 0.4900 (0.5122)  loss_class_dn_3: 0.4237 (0.4041)  loss_bbox_dn_3: 0.0439 (0.0516)  loss_giou_dn_3: 0.4885 (0.5100)  loss_class_dn_4: 0.4192 (0.4024)  loss_bbox_dn_4: 0.0437 (0.0515)  loss_giou_dn_4: 0.4881 (0.5095)  loss_position: 0.2670 (0.3043)  loss_class_hybrid: 0.5404 (0.5459)  loss_bbox_hybrid: 0.0643 (0.0747)  loss_giou_hybrid: 0.5241 (0.6405)  loss_class_0_hybrid: 0.5538 (0.5715)  loss_bbox_0_hybrid: 0.0670 (0.0844)  loss_giou_0_hybrid: 0.5651 (0.6840)  loss_class_1_hybrid: 0.5606 (0.5590)  loss_bbox_1_hybrid: 0.0640 (0.0776)  loss_giou_1_hybrid: 0.5266 (0.6532)  loss_class_2_hybrid: 0.5582 (0.5515)  loss_bbox_2_hybrid: 0.0646 (0.0761)  loss_giou_2_hybrid: 0.5234 (0.6442)  loss_class_3_hybrid: 0.5448 (0.5480)  loss_bbox_3_hybrid: 0.0642 (0.0752)  loss_giou_3_hybrid: 0.5253 (0.6413)  loss_class_4_hybrid: 0.5442 (0.5467)  loss_bbox_4_hybrid: 0.0644 (0.0747)  loss_giou_4_hybrid: 0.5230 (0.6409)  loss_class_enc_hybrid: 0.5737 (0.5424)  loss_bbox_enc_hybrid: 0.0906 (0.1095)  loss_giou_enc_hybrid: 0.6908 (0.8182)  mem: 786  max mem: 4111
[2026-08-04 15:48:31 accelerate.tracking]: [RANK 0] Successfully logged to TensorBoard
[2026-08-04 15:48:53 det.util.engine]: Epoch: [12]  [350/6471]  eta: 0:43:40  lr: 0.000010  data_time: 0.0010  iter_time: 0.3958  loss: 21.4866 (24.0592)  loss_class: 0.5336 (0.5559)  loss_bbox: 0.0503 (0.0564)  loss_giou: 0.4486 (0.5477)  loss_class_0: 0.6883 (0.7008)  loss_bbox_0: 0.0525 (0.0593)  loss_giou_0: 0.4514 (0.5641)  loss_class_1: 0.5722 (0.5968)  loss_bbox_1: 0.0501 (0.0570)  loss_giou_1: 0.4421 (0.5511)  loss_class_2: 0.5530 (0.5718)  loss_bbox_2: 0.0511 (0.0566)  loss_giou_2: 0.4467 (0.5483)  loss_class_3: 0.5563 (0.5619)  loss_bbox_3: 0.0506 (0.0564)  loss_giou_3: 0.4445 (0.5477)  loss_class_4: 0.5326 (0.5577)  loss_bbox_4: 0.0503 (0.0562)  loss_giou_4: 0.4502 (0.5481)  loss_class_enc: 0.6570 (0.6629)  loss_bbox_enc: 0.0677 (0.0743)  loss_giou_enc: 0.5252 (0.6382)  loss_class_dn: 0.3794 (0.4012)  loss_bbox_dn: 0.0490 (0.0518)  loss_giou_dn: 0.4719 (0.5101)  loss_class_dn_0: 0.4588 (0.4736)  loss_bbox_dn_0: 0.0583 (0.0691)  loss_giou_dn_0: 0.5428 (0.6113)  loss_class_dn_1: 0.4124 (0.4249)  loss_bbox_dn_1: 0.0514 (0.0547)  loss_giou_dn_1: 0.4767 (0.5280)  loss_class_dn_2: 0.3938 (0.4083)  loss_bbox_dn_2: 0.0506 (0.0522)  loss_giou_dn_2: 0.4709 (0.5126)  loss_class_dn_3: 0.3786 (0.4033)  loss_bbox_dn_3: 0.0502 (0.0519)  loss_giou_dn_3: 0.4717 (0.5106)  loss_class_dn_4: 0.3790 (0.4017)  loss_bbox_dn_4: 0.0491 (0.0518)  loss_giou_dn_4: 0.4720 (0.5100)  loss_position: 0.2573 (0.3042)  loss_class_hybrid: 0.5341 (0.5453)  loss_bbox_hybrid: 0.0624 (0.0754)  loss_giou_hybrid: 0.4665 (0.6406)  loss_class_0_hybrid: 0.5618 (0.5702)  loss_bbox_0_hybrid: 0.0656 (0.0847)  loss_giou_0_hybrid: 0.4870 (0.6839)  loss_class_1_hybrid: 0.5476 (0.5578)  loss_bbox_1_hybrid: 0.0637 (0.0783)  loss_giou_1_hybrid: 0.4642 (0.6535)  loss_class_2_hybrid: 0.5557 (0.5510)  loss_bbox_2_hybrid: 0.0626 (0.0767)  loss_giou_2_hybrid: 0.4664 (0.6442)  loss_class_3_hybrid: 0.5332 (0.5474)  loss_bbox_3_hybrid: 0.0627 (0.0758)  loss_giou_3_hybrid: 0.4716 (0.6413)  loss_class_4_hybrid: 0.5371 (0.5460)  loss_bbox_4_hybrid: 0.0623 (0.0753)  loss_giou_4_hybrid: 0.4666 (0.6411)  loss_class_enc_hybrid: 0.5653 (0.5413)  loss_bbox_enc_hybrid: 0.0886 (0.1099)  loss_giou_enc_hybrid: 0.6017 (0.8190)  mem: 794  max mem: 4458
[2026-08-04 15:48:53 accelerate.tracking]: [RANK 0] Successfully logged to TensorBoard
[2026-08-04 15:49:12 det.util.engine]: Epoch: [12]  [400/6471]  eta: 0:42:48  lr: 0.000010  data_time: 0.0010  iter_time: 0.3676  loss: 25.3714 (24.2130)  loss_class: 0.5870 (0.5593)  loss_bbox: 0.0588 (0.0566)  loss_giou: 0.5709 (0.5530)  loss_class_0: 0.7322 (0.7018)  loss_bbox_0: 0.0589 (0.0594)  loss_giou_0: 0.5798 (0.5685)  loss_class_1: 0.6360 (0.6000)  loss_bbox_1: 0.0586 (0.0572)  loss_giou_1: 0.5665 (0.5557)  loss_class_2: 0.6050 (0.5753)  loss_bbox_2: 0.0583 (0.0568)  loss_giou_2: 0.5835 (0.5532)  loss_class_3: 0.5872 (0.5651)  loss_bbox_3: 0.0585 (0.0566)  loss_giou_3: 0.5848 (0.5529)  loss_class_4: 0.5843 (0.5611)  loss_bbox_4: 0.0595 (0.0565)  loss_giou_4: 0.5745 (0.5533)  loss_class_enc: 0.6639 (0.6643)  loss_bbox_enc: 0.0667 (0.0739)  loss_giou_enc: 0.6624 (0.6418)  loss_class_dn: 0.4186 (0.4027)  loss_bbox_dn: 0.0517 (0.0523)  loss_giou_dn: 0.5791 (0.5173)  loss_class_dn_0: 0.4857 (0.4746)  loss_bbox_dn_0: 0.0663 (0.0693)  loss_giou_dn_0: 0.6651 (0.6182)  loss_class_dn_1: 0.4419 (0.4265)  loss_bbox_dn_1: 0.0547 (0.0551)  loss_giou_dn_1: 0.5949 (0.5349)  loss_class_dn_2: 0.4256 (0.4100)  loss_bbox_dn_2: 0.0522 (0.0527)  loss_giou_dn_2: 0.5784 (0.5198)  loss_class_dn_3: 0.4154 (0.4048)  loss_bbox_dn_3: 0.0519 (0.0524)  loss_giou_dn_3: 0.5806 (0.5178)  loss_class_dn_4: 0.4176 (0.4031)  loss_bbox_dn_4: 0.0517 (0.0523)  loss_giou_dn_4: 0.5792 (0.5173)  loss_position: 0.2710 (0.3023)  loss_class_hybrid: 0.5705 (0.5467)  loss_bbox_hybrid: 0.0692 (0.0754)  loss_giou_hybrid: 0.6550 (0.6466)  loss_class_0_hybrid: 0.5757 (0.5705)  loss_bbox_0_hybrid: 0.0790 (0.0847)  loss_giou_0_hybrid: 0.6986 (0.6898)  loss_class_1_hybrid: 0.5577 (0.5587)  loss_bbox_1_hybrid: 0.0709 (0.0782)  loss_giou_1_hybrid: 0.6793 (0.6594)  loss_class_2_hybrid: 0.5573 (0.5521)  loss_bbox_2_hybrid: 0.0707 (0.0767)  loss_giou_2_hybrid: 0.6687 (0.6503)  loss_class_3_hybrid: 0.5639 (0.5484)  loss_bbox_3_hybrid: 0.0697 (0.0758)  loss_giou_3_hybrid: 0.6576 (0.6474)  loss_class_4_hybrid: 0.5693 (0.5473)  loss_bbox_4_hybrid: 0.0691 (0.0754)  loss_giou_4_hybrid: 0.6556 (0.6471)  loss_class_enc_hybrid: 0.5425 (0.5422)  loss_bbox_enc_hybrid: 0.1056 (0.1097)  loss_giou_enc_hybrid: 0.8444 (0.8247)  mem: 794  max mem: 4458
[2026-08-04 15:49:12 accelerate.tracking]: [RANK 0] Successfully logged to TensorBoard
[2026-08-04 15:49:32 det.util.engine]: Epoch: [12]  [450/6471]  eta: 0:42:01  lr: 0.000010  data_time: 0.0010  iter_time: 0.3928  loss: 28.4659 (24.3821)  loss_class: 0.6036 (0.5646)  loss_bbox: 0.0441 (0.0565)  loss_giou: 0.6613 (0.5588)  loss_class_0: 0.6804 (0.7063)  loss_bbox_0: 0.0476 (0.0591)  loss_giou_0: 0.6773 (0.5741)  loss_class_1: 0.6364 (0.6049)  loss_bbox_1: 0.0459 (0.0571)  loss_giou_1: 0.6450 (0.5615)  loss_class_2: 0.6165 (0.5802)  loss_bbox_2: 0.0445 (0.0566)  loss_giou_2: 0.6490 (0.5587)  loss_class_3: 0.6044 (0.5698)  loss_bbox_3: 0.0440 (0.0565)  loss_giou_3: 0.6513 (0.5588)  loss_class_4: 0.6058 (0.5662)  loss_bbox_4: 0.0444 (0.0563)  loss_giou_4: 0.6613 (0.5590)  loss_class_enc: 0.6471 (0.6662)  loss_bbox_enc: 0.0551 (0.0740)  loss_giou_enc: 0.7220 (0.6478)  loss_class_dn: 0.4258 (0.4035)  loss_bbox_dn: 0.0350 (0.0526)  loss_giou_dn: 0.6290 (0.5228)  loss_class_dn_0: 0.4817 (0.4749)  loss_bbox_dn_0: 0.0478 (0.0696)  loss_giou_dn_0: 0.7336 (0.6229)  loss_class_dn_1: 0.4369 (0.4273)  loss_bbox_dn_1: 0.0373 (0.0554)  loss_giou_dn_1: 0.6615 (0.5403)  loss_class_dn_2: 0.4296 (0.4110)  loss_bbox_dn_2: 0.0355 (0.0530)  loss_giou_dn_2: 0.6342 (0.5251)  loss_class_dn_3: 0.4289 (0.4058)  loss_bbox_dn_3: 0.0348 (0.0527)  loss_giou_dn_3: 0.6299 (0.5232)  loss_class_dn_4: 0.4276 (0.4040)  loss_bbox_dn_4: 0.0350 (0.0526)  loss_giou_dn_4: 0.6290 (0.5227)  loss_position: 0.3137 (0.3033)  loss_class_hybrid: 0.5318 (0.5492)  loss_bbox_hybrid: 0.0792 (0.0749)  loss_giou_hybrid: 0.7308 (0.6536)  loss_class_0_hybrid: 0.5429 (0.5727)  loss_bbox_0_hybrid: 0.0869 (0.0840)  loss_giou_0_hybrid: 0.7767 (0.6966)  loss_class_1_hybrid: 0.5353 (0.5607)  loss_bbox_1_hybrid: 0.0811 (0.0777)  loss_giou_1_hybrid: 0.7492 (0.6661)  loss_class_2_hybrid: 0.5469 (0.5543)  loss_bbox_2_hybrid: 0.0810 (0.0762)  loss_giou_2_hybrid: 0.7321 (0.6573)  loss_class_3_hybrid: 0.5320 (0.5506)  loss_bbox_3_hybrid: 0.0801 (0.0754)  loss_giou_3_hybrid: 0.7309 (0.6544)  loss_class_4_hybrid: 0.5367 (0.5496)  loss_bbox_4_hybrid: 0.0793 (0.0749)  loss_giou_4_hybrid: 0.7338 (0.6540)  loss_class_enc_hybrid: 0.5288 (0.5430)  loss_bbox_enc_hybrid: 0.1052 (0.1096)  loss_giou_enc_hybrid: 0.9569 (0.8321)  mem: 791  max mem: 4458
[2026-08-04 15:49:32 accelerate.tracking]: [RANK 0] Successfully logged to TensorBoard
[2026-08-04 15:49:54 det.util.engine]: Epoch: [12]  [500/6471]  eta: 0:41:54  lr: 0.000010  data_time: 0.0010  iter_time: 0.4660  loss: 26.6965 (24.4045)  loss_class: 0.5737 (0.5651)  loss_bbox: 0.0525 (0.0560)  loss_giou: 0.6321 (0.5601)  loss_class_0: 0.6763 (0.7047)  loss_bbox_0: 0.0537 (0.0589)  loss_giou_0: 0.6446 (0.5760)  loss_class_1: 0.6051 (0.6044)  loss_bbox_1: 0.0525 (0.0568)  loss_giou_1: 0.6249 (0.5635)  loss_class_2: 0.5742 (0.5800)  loss_bbox_2: 0.0525 (0.0562)  loss_giou_2: 0.6289 (0.5606)  loss_class_3: 0.5652 (0.5701)  loss_bbox_3: 0.0527 (0.0561)  loss_giou_3: 0.6322 (0.5603)  loss_class_4: 0.5710 (0.5666)  loss_bbox_4: 0.0527 (0.0559)  loss_giou_4: 0.6327 (0.5602)  loss_class_enc: 0.6522 (0.6656)  loss_bbox_enc: 0.0627 (0.0734)  loss_giou_enc: 0.6541 (0.6484)  loss_class_dn: 0.4199 (0.4036)  loss_bbox_dn: 0.0384 (0.0521)  loss_giou_dn: 0.5360 (0.5219)  loss_class_dn_0: 0.4870 (0.4752)  loss_bbox_dn_0: 0.0548 (0.0689)  loss_giou_dn_0: 0.6423 (0.6214)  loss_class_dn_1: 0.4453 (0.4274)  loss_bbox_dn_1: 0.0411 (0.0549)  loss_giou_dn_1: 0.5679 (0.5393)  loss_class_dn_2: 0.4335 (0.4111)  loss_bbox_dn_2: 0.0389 (0.0525)  loss_giou_dn_2: 0.5337 (0.5240)  loss_class_dn_3: 0.4222 (0.4059)  loss_bbox_dn_3: 0.0389 (0.0522)  loss_giou_dn_3: 0.5315 (0.5223)  loss_class_dn_4: 0.4181 (0.4041)  loss_bbox_dn_4: 0.0383 (0.0521)  loss_giou_dn_4: 0.5362 (0.5218)  loss_position: 0.2781 (0.3039)  loss_class_hybrid: 0.5097 (0.5491)  loss_bbox_hybrid: 0.0744 (0.0758)  loss_giou_hybrid: 0.6297 (0.6563)  loss_class_0_hybrid: 0.5685 (0.5729)  loss_bbox_0_hybrid: 0.0820 (0.0852)  loss_giou_0_hybrid: 0.7331 (0.6991)  loss_class_1_hybrid: 0.5172 (0.5604)  loss_bbox_1_hybrid: 0.0781 (0.0788)  loss_giou_1_hybrid: 0.6962 (0.6688)  loss_class_2_hybrid: 0.5163 (0.5536)  loss_bbox_2_hybrid: 0.0773 (0.0773)  loss_giou_2_hybrid: 0.6435 (0.6600)  loss_class_3_hybrid: 0.5079 (0.5503)  loss_bbox_3_hybrid: 0.0747 (0.0764)  loss_giou_3_hybrid: 0.6290 (0.6572)  loss_class_4_hybrid: 0.5089 (0.5494)  loss_bbox_4_hybrid: 0.0744 (0.0759)  loss_giou_4_hybrid: 0.6307 (0.6568)  loss_class_enc_hybrid: 0.5452 (0.5432)  loss_bbox_enc_hybrid: 0.1079 (0.1105)  loss_giou_enc_hybrid: 0.8536 (0.8340)  mem: 794  max mem: 4458
[2026-08-04 15:49:54 accelerate.tracking]: [RANK 0] Successfully logged to TensorBoard
[2026-08-04 15:50:14 det.util.engine]: Epoch: [12]  [550/6471]  eta: 0:41:23  lr: 0.000010  data_time: 0.0009  iter_time: 0.3516  loss: 23.1002 (24.3597)  loss_class: 0.5353 (0.5647)  loss_bbox: 0.0444 (0.0560)  loss_giou: 0.4245 (0.5588)  loss_class_0: 0.7059 (0.7034)  loss_bbox_0: 0.0427 (0.0589)  loss_giou_0: 0.4509 (0.5749)  loss_class_1: 0.5938 (0.6033)  loss_bbox_1: 0.0458 (0.0568)  loss_giou_1: 0.4075 (0.5624)  loss_class_2: 0.5495 (0.5788)  loss_bbox_2: 0.0455 (0.0562)  loss_giou_2: 0.4270 (0.5593)  loss_class_3: 0.5452 (0.5692)  loss_bbox_3: 0.0452 (0.0561)  loss_giou_3: 0.4193 (0.5589)  loss_class_4: 0.5297 (0.5664)  loss_bbox_4: 0.0444 (0.0559)  loss_giou_4: 0.4183 (0.5588)  loss_class_enc: 0.6880 (0.6645)  loss_bbox_enc: 0.0581 (0.0733)  loss_giou_enc: 0.5839 (0.6475)  loss_class_dn: 0.3868 (0.4032)  loss_bbox_dn: 0.0400 (0.0520)  loss_giou_dn: 0.4367 (0.5206)  loss_class_dn_0: 0.4443 (0.4744)  loss_bbox_dn_0: 0.0532 (0.0687)  loss_giou_dn_0: 0.5469 (0.6201)  loss_class_dn_1: 0.3954 (0.4269)  loss_bbox_dn_1: 0.0433 (0.0548)  loss_giou_dn_1: 0.4599 (0.5379)  loss_class_dn_2: 0.3902 (0.4107)  loss_bbox_dn_2: 0.0415 (0.0523)  loss_giou_dn_2: 0.4403 (0.5228)  loss_class_dn_3: 0.3867 (0.4055)  loss_bbox_dn_3: 0.0403 (0.0521)  loss_giou_dn_3: 0.4379 (0.5210)  loss_class_dn_4: 0.3877 (0.4037)  loss_bbox_dn_4: 0.0400 (0.0520)  loss_giou_dn_4: 0.4368 (0.5205)  loss_position: 0.2634 (0.3038)  loss_class_hybrid: 0.5604 (0.5492)  loss_bbox_hybrid: 0.0500 (0.0758)  loss_giou_hybrid: 0.4781 (0.6537)  loss_class_0_hybrid: 0.5940 (0.5715)  loss_bbox_0_hybrid: 0.0493 (0.0853)  loss_giou_0_hybrid: 0.5345 (0.6975)  loss_class_1_hybrid: 0.5632 (0.5599)  loss_bbox_1_hybrid: 0.0529 (0.0789)  loss_giou_1_hybrid: 0.4966 (0.6668)  loss_class_2_hybrid: 0.5650 (0.5532)  loss_bbox_2_hybrid: 0.0495 (0.0773)  loss_giou_2_hybrid: 0.4884 (0.6577)  loss_class_3_hybrid: 0.5623 (0.5500)  loss_bbox_3_hybrid: 0.0499 (0.0763)  loss_giou_3_hybrid: 0.4819 (0.6547)  loss_class_4_hybrid: 0.5624 (0.5495)  loss_bbox_4_hybrid: 0.0500 (0.0758)  loss_giou_4_hybrid: 0.4772 (0.6542)  loss_class_enc_hybrid: 0.5941 (0.5425)  loss_bbox_enc_hybrid: 0.0744 (0.1105)  loss_giou_enc_hybrid: 0.6943 (0.8323)  mem: 793  max mem: 4458
[2026-08-04 15:50:14 accelerate.tracking]: [RANK 0] Successfully logged to TensorBoard
[2026-08-04 15:50:34 det.util.engine]: Epoch: [12]  [600/6471]  eta: 0:40:56  lr: 0.000010  data_time: 0.0009  iter_time: 0.3769  loss: 26.4220 (24.4460)  loss_class: 0.5333 (0.5654)  loss_bbox: 0.0482 (0.0558)  loss_giou: 0.6108 (0.5631)  loss_class_0: 0.6910 (0.7043)  loss_bbox_0: 0.0573 (0.0585)  loss_giou_0: 0.6018 (0.5791)  loss_class_1: 0.5961 (0.6045)  loss_bbox_1: 0.0468 (0.0565)  loss_giou_1: 0.6169 (0.5663)  loss_class_2: 0.5707 (0.5792)  loss_bbox_2: 0.0488 (0.0560)  loss_giou_2: 0.6221 (0.5637)  loss_class_3: 0.5588 (0.5698)  loss_bbox_3: 0.0493 (0.0559)  loss_giou_3: 0.6034 (0.5632)  loss_class_4: 0.5573 (0.5669)  loss_bbox_4: 0.0482 (0.0557)  loss_giou_4: 0.6036 (0.5630)  loss_class_enc: 0.6250 (0.6645)  loss_bbox_enc: 0.0597 (0.0728)  loss_giou_enc: 0.6757 (0.6519)  loss_class_dn: 0.4183 (0.4039)  loss_bbox_dn: 0.0414 (0.0516)  loss_giou_dn: 0.5473 (0.5239)  loss_class_dn_0: 0.4828 (0.4746)  loss_bbox_dn_0: 0.0521 (0.0681)  loss_giou_dn_0: 0.6466 (0.6233)  loss_class_dn_1: 0.4431 (0.4276)  loss_bbox_dn_1: 0.0438 (0.0543)  loss_giou_dn_1: 0.5646 (0.5411)  loss_class_dn_2: 0.4233 (0.4113)  loss_bbox_dn_2: 0.0420 (0.0519)  loss_giou_dn_2: 0.5477 (0.5260)  loss_class_dn_3: 0.4209 (0.4060)  loss_bbox_dn_3: 0.0415 (0.0517)  loss_giou_dn_3: 0.5434 (0.5242)  loss_class_dn_4: 0.4184 (0.4043)  loss_bbox_dn_4: 0.0414 (0.0516)  loss_giou_dn_4: 0.5478 (0.5238)  loss_position: 0.2807 (0.3055)  loss_class_hybrid: 0.5300 (0.5487)  loss_bbox_hybrid: 0.0709 (0.0757)  loss_giou_hybrid: 0.7536 (0.6589)  loss_class_0_hybrid: 0.5182 (0.5715)  loss_bbox_0_hybrid: 0.0773 (0.0851)  loss_giou_0_hybrid: 0.8356 (0.7027)  loss_class_1_hybrid: 0.5284 (0.5596)  loss_bbox_1_hybrid: 0.0731 (0.0788)  loss_giou_1_hybrid: 0.7783 (0.6719)  loss_class_2_hybrid: 0.5327 (0.5528)  loss_bbox_2_hybrid: 0.0725 (0.0772)  loss_giou_2_hybrid: 0.7542 (0.6628)  loss_class_3_hybrid: 0.5555 (0.5496)  loss_bbox_3_hybrid: 0.0722 (0.0763)  loss_giou_3_hybrid: 0.7488 (0.6597)  loss_class_4_hybrid: 0.5337 (0.5489)  loss_bbox_4_hybrid: 0.0707 (0.0758)  loss_giou_4_hybrid: 0.7534 (0.6593)  loss_class_enc_hybrid: 0.4861 (0.5414)  loss_bbox_enc_hybrid: 0.1034 (0.1103)  loss_giou_enc_hybrid: 0.9601 (0.8382)  mem: 787  max mem: 4458
[2026-08-04 15:50:34 accelerate.tracking]: [RANK 0] Successfully logged to TensorBoard
[2026-08-04 15:50:59 det.util.engine]: Epoch: [12]  [650/6471]  eta: 0:41:10  lr: 0.000010  data_time: 0.0011  iter_time: 0.6452  loss: 25.7786 (24.4995)  loss_class: 0.5450 (0.5650)  loss_bbox: 0.0567 (0.0558)  loss_giou: 0.6131 (0.5662)  loss_class_0: 0.6548 (0.7028)  loss_bbox_0: 0.0591 (0.0585)  loss_giou_0: 0.6001 (0.5825)  loss_class_1: 0.5883 (0.6038)  loss_bbox_1: 0.0549 (0.0565)  loss_giou_1: 0.6092 (0.5696)  loss_class_2: 0.5641 (0.5785)  loss_bbox_2: 0.0559 (0.0559)  loss_giou_2: 0.6077 (0.5669)  loss_class_3: 0.5513 (0.5694)  loss_bbox_3: 0.0565 (0.0558)  loss_giou_3: 0.6167 (0.5663)  loss_class_4: 0.5439 (0.5664)  loss_bbox_4: 0.0566 (0.0556)  loss_giou_4: 0.6129 (0.5661)  loss_class_enc: 0.6445 (0.6630)  loss_bbox_enc: 0.0696 (0.0726)  loss_giou_enc: 0.7030 (0.6551)  loss_class_dn: 0.4115 (0.4041)  loss_bbox_dn: 0.0481 (0.0513)  loss_giou_dn: 0.5618 (0.5252)  loss_class_dn_0: 0.4870 (0.4753)  loss_bbox_dn_0: 0.0669 (0.0677)  loss_giou_dn_0: 0.6685 (0.6246)  loss_class_dn_1: 0.4429 (0.4281)  loss_bbox_dn_1: 0.0522 (0.0540)  loss_giou_dn_1: 0.5812 (0.5426)  loss_class_dn_2: 0.4208 (0.4117)  loss_bbox_dn_2: 0.0490 (0.0516)  loss_giou_dn_2: 0.5613 (0.5273)  loss_class_dn_3: 0.4163 (0.4064)  loss_bbox_dn_3: 0.0484 (0.0514)  loss_giou_dn_3: 0.5615 (0.5255)  loss_class_dn_4: 0.4119 (0.4046)  loss_bbox_dn_4: 0.0481 (0.0513)  loss_giou_dn_4: 0.5619 (0.5251)  loss_position: 0.2640 (0.3050)  loss_class_hybrid: 0.5165 (0.5470)  loss_bbox_hybrid: 0.0711 (0.0764)  loss_giou_hybrid: 0.6992 (0.6643)  loss_class_0_hybrid: 0.5457 (0.5696)  loss_bbox_0_hybrid: 0.0770 (0.0858)  loss_giou_0_hybrid: 0.7606 (0.7079)  loss_class_1_hybrid: 0.5353 (0.5579)  loss_bbox_1_hybrid: 0.0747 (0.0795)  loss_giou_1_hybrid: 0.7045 (0.6772)  loss_class_2_hybrid: 0.5220 (0.5511)  loss_bbox_2_hybrid: 0.0722 (0.0779)  loss_giou_2_hybrid: 0.6894 (0.6680)  loss_class_3_hybrid: 0.5231 (0.5477)  loss_bbox_3_hybrid: 0.0708 (0.0769)  loss_giou_3_hybrid: 0.7032 (0.6651)  loss_class_4_hybrid: 0.5185 (0.5472)  loss_bbox_4_hybrid: 0.0695 (0.0764)  loss_giou_4_hybrid: 0.6989 (0.6647)  loss_class_enc_hybrid: 0.5261 (0.5394)  loss_bbox_enc_hybrid: 0.1057 (0.1109)  loss_giou_enc_hybrid: 0.9176 (0.8433)  mem: 794  max mem: 4458
[2026-08-04 15:50:59 accelerate.tracking]: [RANK 0] Successfully logged to TensorBoard
[2026-08-04 15:51:18 det.util.engine]: Epoch: [12]  [700/6471]  eta: 0:40:32  lr: 0.000010  data_time: 0.0010  iter_time: 0.3607  loss: 22.9115 (24.3897)  loss_class: 0.5811 (0.5635)  loss_bbox: 0.0415 (0.0553)  loss_giou: 0.4374 (0.5619)  loss_class_0: 0.7154 (0.7039)  loss_bbox_0: 0.0472 (0.0580)  loss_giou_0: 0.4636 (0.5783)  loss_class_1: 0.6080 (0.6029)  loss_bbox_1: 0.0426 (0.0560)  loss_giou_1: 0.4596 (0.5652)  loss_class_2: 0.5919 (0.5771)  loss_bbox_2: 0.0428 (0.0554)  loss_giou_2: 0.4484 (0.5625)  loss_class_3: 0.5925 (0.5682)  loss_bbox_3: 0.0418 (0.0553)  loss_giou_3: 0.4419 (0.5620)  loss_class_4: 0.5765 (0.5650)  loss_bbox_4: 0.0415 (0.0551)  loss_giou_4: 0.4371 (0.5618)  loss_class_enc: 0.7155 (0.6635)  loss_bbox_enc: 0.0582 (0.0721)  loss_giou_enc: 0.5715 (0.6509)  loss_class_dn: 0.4065 (0.4035)  loss_bbox_dn: 0.0342 (0.0509)  loss_giou_dn: 0.4479 (0.5217)  loss_class_dn_0: 0.4854 (0.4750)  loss_bbox_dn_0: 0.0580 (0.0673)  loss_giou_dn_0: 0.5581 (0.6214)  loss_class_dn_1: 0.4210 (0.4275)  loss_bbox_dn_1: 0.0375 (0.0536)  loss_giou_dn_1: 0.4710 (0.5392)  loss_class_dn_2: 0.4104 (0.4110)  loss_bbox_dn_2: 0.0343 (0.0512)  loss_giou_dn_2: 0.4515 (0.5238)  loss_class_dn_3: 0.4072 (0.4057)  loss_bbox_dn_3: 0.0342 (0.0509)  loss_giou_dn_3: 0.4483 (0.5220)  loss_class_dn_4: 0.4071 (0.4039)  loss_bbox_dn_4: 0.0341 (0.0509)  loss_giou_dn_4: 0.4477 (0.5216)  loss_position: 0.2898 (0.3064)  loss_class_hybrid: 0.5726 (0.5462)  loss_bbox_hybrid: 0.0524 (0.0755)  loss_giou_hybrid: 0.4817 (0.6592)  loss_class_0_hybrid: 0.6219 (0.5705)  loss_bbox_0_hybrid: 0.0617 (0.0848)  loss_giou_0_hybrid: 0.5304 (0.7023)  loss_class_1_hybrid: 0.5841 (0.5574)  loss_bbox_1_hybrid: 0.0544 (0.0786)  loss_giou_1_hybrid: 0.5012 (0.6719)  loss_class_2_hybrid: 0.5698 (0.5503)  loss_bbox_2_hybrid: 0.0524 (0.0770)  loss_giou_2_hybrid: 0.4832 (0.6629)  loss_class_3_hybrid: 0.5607 (0.5469)  loss_bbox_3_hybrid: 0.0522 (0.0761)  loss_giou_3_hybrid: 0.4838 (0.6601)  loss_class_4_hybrid: 0.5686 (0.5463)  loss_bbox_4_hybrid: 0.0524 (0.0756)  loss_giou_4_hybrid: 0.4815 (0.6596)  loss_class_enc_hybrid: 0.5967 (0.5401)  loss_bbox_enc_hybrid: 0.0795 (0.1097)  loss_giou_enc_hybrid: 0.6501 (0.8373)  mem: 784  max mem: 4458
[2026-08-04 15:51:18 accelerate.tracking]: [RANK 0] Successfully logged to TensorBoard
[2026-08-04 15:51:36 det.util.engine]: Epoch: [12]  [750/6471]  eta: 0:39:46  lr: 0.000010  data_time: 0.0009  iter_time: 0.3440  loss: 22.5966 (24.2527)  loss_class: 0.5819 (0.5636)  loss_bbox: 0.0509 (0.0552)  loss_giou: 0.3614 (0.5542)  loss_class_0: 0.7384 (0.7078)  loss_bbox_0: 0.0547 (0.0581)  loss_giou_0: 0.4542 (0.5711)  loss_class_1: 0.6093 (0.6027)  loss_bbox_1: 0.0532 (0.0560)  loss_giou_1: 0.3723 (0.5579)  loss_class_2: 0.5925 (0.5771)  loss_bbox_2: 0.0486 (0.0553)  loss_giou_2: 0.3653 (0.5548)  loss_class_3: 0.5772 (0.5684)  loss_bbox_3: 0.0491 (0.0553)  loss_giou_3: 0.3573 (0.5542)  loss_class_4: 0.5947 (0.5652)  loss_bbox_4: 0.0508 (0.0551)  loss_giou_4: 0.3593 (0.5540)  loss_class_enc: 0.6873 (0.6654)  loss_bbox_enc: 0.0672 (0.0726)  loss_giou_enc: 0.5384 (0.6456)  loss_class_dn: 0.4070 (0.4025)  loss_bbox_dn: 0.0443 (0.0512)  loss_giou_dn: 0.4418 (0.5159)  loss_class_dn_0: 0.4861 (0.4752)  loss_bbox_dn_0: 0.0633 (0.0680)  loss_giou_dn_0: 0.5700 (0.6163)  loss_class_dn_1: 0.4269 (0.4267)  loss_bbox_dn_1: 0.0481 (0.0540)  loss_giou_dn_1: 0.4530 (0.5336)  loss_class_dn_2: 0.4136 (0.4100)  loss_bbox_dn_2: 0.0447 (0.0516)  loss_giou_dn_2: 0.4469 (0.5179)  loss_class_dn_3: 0.4103 (0.4047)  loss_bbox_dn_3: 0.0443 (0.0513)  loss_giou_dn_3: 0.4469 (0.5162)  loss_class_dn_4: 0.4082 (0.4029)  loss_bbox_dn_4: 0.0442 (0.0512)  loss_giou_dn_4: 0.4422 (0.5158)  loss_position: 0.3038 (0.3070)  loss_class_hybrid: 0.5776 (0.5481)  loss_bbox_hybrid: 0.0525 (0.0750)  loss_giou_hybrid: 0.3905 (0.6491)  loss_class_0_hybrid: 0.5885 (0.5743)  loss_bbox_0_hybrid: 0.0574 (0.0843)  loss_giou_0_hybrid: 0.4899 (0.6926)  loss_class_1_hybrid: 0.5835 (0.5592)  loss_bbox_1_hybrid: 0.0536 (0.0781)  loss_giou_1_hybrid: 0.3886 (0.6620)  loss_class_2_hybrid: 0.5600 (0.5519)  loss_bbox_2_hybrid: 0.0509 (0.0764)  loss_giou_2_hybrid: 0.3896 (0.6527)  loss_class_3_hybrid: 0.5605 (0.5484)  loss_bbox_3_hybrid: 0.0509 (0.0756)  loss_giou_3_hybrid: 0.3902 (0.6499)  loss_class_4_hybrid: 0.5723 (0.5480)  loss_bbox_4_hybrid: 0.0508 (0.0750)  loss_giou_4_hybrid: 0.3904 (0.6494)  loss_class_enc_hybrid: 0.6168 (0.5430)  loss_bbox_enc_hybrid: 0.0795 (0.1095)  loss_giou_enc_hybrid: 0.6079 (0.8285)  mem: 789  max mem: 4458
[2026-08-04 15:51:36 accelerate.tracking]: [RANK 0] Successfully logged to TensorBoard
[2026-08-04 15:51:55 det.util.engine]: Epoch: [12]  [800/6471]  eta: 0:39:12  lr: 0.000010  data_time: 0.0010  iter_time: 0.3778  loss: 23.2517 (24.1999)  loss_class: 0.5239 (0.5642)  loss_bbox: 0.0562 (0.0552)  loss_giou: 0.4762 (0.5506)  loss_class_0: 0.6967 (0.7088)  loss_bbox_0: 0.0613 (0.0583)  loss_giou_0: 0.5316 (0.5683)  loss_class_1: 0.5712 (0.6035)  loss_bbox_1: 0.0596 (0.0560)  loss_giou_1: 0.4872 (0.5544)  loss_class_2: 0.5553 (0.5780)  loss_bbox_2: 0.0583 (0.0553)  loss_giou_2: 0.4675 (0.5513)  loss_class_3: 0.5300 (0.5688)  loss_bbox_3: 0.0589 (0.0553)  loss_giou_3: 0.4790 (0.5508)  loss_class_4: 0.5220 (0.5656)  loss_bbox_4: 0.0568 (0.0551)  loss_giou_4: 0.4742 (0.5505)  loss_class_enc: 0.6464 (0.6671)  loss_bbox_enc: 0.0783 (0.0730)  loss_giou_enc: 0.6096 (0.6429)  loss_class_dn: 0.3941 (0.4019)  loss_bbox_dn: 0.0518 (0.0514)  loss_giou_dn: 0.4971 (0.5140)  loss_class_dn_0: 0.4737 (0.4749)  loss_bbox_dn_0: 0.0608 (0.0684)  loss_giou_dn_0: 0.6280 (0.6151)  loss_class_dn_1: 0.4247 (0.4263)  loss_bbox_dn_1: 0.0519 (0.0543)  loss_giou_dn_1: 0.5345 (0.5318)  loss_class_dn_2: 0.4012 (0.4095)  loss_bbox_dn_2: 0.0517 (0.0517)  loss_giou_dn_2: 0.5052 (0.5160)  loss_class_dn_3: 0.3980 (0.4041)  loss_bbox_dn_3: 0.0518 (0.0515)  loss_giou_dn_3: 0.4944 (0.5143)  loss_class_dn_4: 0.3950 (0.4024)  loss_bbox_dn_4: 0.0518 (0.0514)  loss_giou_dn_4: 0.4970 (0.5139)  loss_position: 0.2739 (0.3066)  loss_class_hybrid: 0.5450 (0.5494)  loss_bbox_hybrid: 0.0684 (0.0746)  loss_giou_hybrid: 0.5272 (0.6447)  loss_class_0_hybrid: 0.5878 (0.5755)  loss_bbox_0_hybrid: 0.0802 (0.0839)  loss_giou_0_hybrid: 0.5671 (0.6887)  loss_class_1_hybrid: 0.5492 (0.5603)  loss_bbox_1_hybrid: 0.0700 (0.0776)  loss_giou_1_hybrid: 0.5300 (0.6577)  loss_class_2_hybrid: 0.5414 (0.5531)  loss_bbox_2_hybrid: 0.0679 (0.0760)  loss_giou_2_hybrid: 0.5272 (0.6484)  loss_class_3_hybrid: 0.5415 (0.5495)  loss_bbox_3_hybrid: 0.0677 (0.0751)  loss_giou_3_hybrid: 0.5223 (0.6456)  loss_class_4_hybrid: 0.5448 (0.5492)  loss_bbox_4_hybrid: 0.0679 (0.0746)  loss_giou_4_hybrid: 0.5263 (0.6451)  loss_class_enc_hybrid: 0.5500 (0.5444)  loss_bbox_enc_hybrid: 0.1001 (0.1092)  loss_giou_enc_hybrid: 0.7326 (0.8248)  mem: 786  max mem: 4458
[2026-08-04 15:51:55 accelerate.tracking]: [RANK 0] Successfully logged to TensorBoard
[2026-08-04 15:52:15 det.util.engine]: Epoch: [12]  [850/6471]  eta: 0:38:49  lr: 0.000010  data_time: 0.0009  iter_time: 0.4625  loss: 25.4597 (24.2329)  loss_class: 0.5181 (0.5644)  loss_bbox: 0.0493 (0.0550)  loss_giou: 0.5379 (0.5524)  loss_class_0: 0.7104 (0.7083)  loss_bbox_0: 0.0535 (0.0580)  loss_giou_0: 0.5651 (0.5693)  loss_class_1: 0.5498 (0.6034)  loss_bbox_1: 0.0492 (0.0558)  loss_giou_1: 0.5248 (0.5561)  loss_class_2: 0.5226 (0.5780)  loss_bbox_2: 0.0490 (0.0552)  loss_giou_2: 0.5313 (0.5530)  loss_class_3: 0.5143 (0.5685)  loss_bbox_3: 0.0492 (0.0552)  loss_giou_3: 0.5255 (0.5526)  loss_class_4: 0.5115 (0.5659)  loss_bbox_4: 0.0493 (0.0549)  loss_giou_4: 0.5382 (0.5522)  loss_class_enc: 0.6595 (0.6673)  loss_bbox_enc: 0.0719 (0.0727)  loss_giou_enc: 0.6792 (0.6441)  loss_class_dn: 0.4092 (0.4023)  loss_bbox_dn: 0.0432 (0.0512)  loss_giou_dn: 0.5363 (0.5151)  loss_class_dn_0: 0.4745 (0.4752)  loss_bbox_dn_0: 0.0605 (0.0680)  loss_giou_dn_0: 0.6801 (0.6160)  loss_class_dn_1: 0.4363 (0.4267)  loss_bbox_dn_1: 0.0437 (0.0540)  loss_giou_dn_1: 0.5724 (0.5329)  loss_class_dn_2: 0.4151 (0.4100)  loss_bbox_dn_2: 0.0431 (0.0515)  loss_giou_dn_2: 0.5443 (0.5172)  loss_class_dn_3: 0.4091 (0.4045)  loss_bbox_dn_3: 0.0429 (0.0512)  loss_giou_dn_3: 0.5371 (0.5155)  loss_class_dn_4: 0.4116 (0.4028)  loss_bbox_dn_4: 0.0432 (0.0512)  loss_giou_dn_4: 0.5360 (0.5151)  loss_position: 0.3240 (0.3075)  loss_class_hybrid: 0.4963 (0.5491)  loss_bbox_hybrid: 0.0589 (0.0748)  loss_giou_hybrid: 0.5826 (0.6469)  loss_class_0_hybrid: 0.5926 (0.5752)  loss_bbox_0_hybrid: 0.0772 (0.0840)  loss_giou_0_hybrid: 0.5970 (0.6910)  loss_class_1_hybrid: 0.5404 (0.5603)  loss_bbox_1_hybrid: 0.0659 (0.0778)  loss_giou_1_hybrid: 0.5848 (0.6598)  loss_class_2_hybrid: 0.5001 (0.5529)  loss_bbox_2_hybrid: 0.0626 (0.0762)  loss_giou_2_hybrid: 0.5935 (0.6506)  loss_class_3_hybrid: 0.5038 (0.5493)  loss_bbox_3_hybrid: 0.0614 (0.0753)  loss_giou_3_hybrid: 0.5820 (0.6477)  loss_class_4_hybrid: 0.5010 (0.5491)  loss_bbox_4_hybrid: 0.0590 (0.0748)  loss_giou_4_hybrid: 0.5854 (0.6473)  loss_class_enc_hybrid: 0.5662 (0.5446)  loss_bbox_enc_hybrid: 0.1000 (0.1091)  loss_giou_enc_hybrid: 0.7486 (0.8269)  mem: 787  max mem: 4458
[2026-08-04 15:52:15 accelerate.tracking]: [RANK 0] Successfully logged to TensorBoard
[2026-08-04 15:52:34 det.util.engine]: Epoch: [12]  [900/6471]  eta: 0:38:13  lr: 0.000010  data_time: 0.0010  iter_time: 0.3681  loss: 24.6557 (24.2142)  loss_class: 0.5565 (0.5640)  loss_bbox: 0.0483 (0.0550)  loss_giou: 0.5494 (0.5522)  loss_class_0: 0.7296 (0.7077)  loss_bbox_0: 0.0517 (0.0579)  loss_giou_0: 0.5581 (0.5688)  loss_class_1: 0.5840 (0.6032)  loss_bbox_1: 0.0506 (0.0558)  loss_giou_1: 0.5547 (0.5557)  loss_class_2: 0.5699 (0.5779)  loss_bbox_2: 0.0498 (0.0552)  loss_giou_2: 0.5673 (0.5527)  loss_class_3: 0.5652 (0.5681)  loss_bbox_3: 0.0480 (0.0552)  loss_giou_3: 0.5517 (0.5524)  loss_class_4: 0.5595 (0.5655)  loss_bbox_4: 0.0483 (0.0549)  loss_giou_4: 0.5495 (0.5519)  loss_class_enc: 0.6641 (0.6672)  loss_bbox_enc: 0.0606 (0.0725)  loss_giou_enc: 0.6396 (0.6436)  loss_class_dn: 0.4085 (0.4025)  loss_bbox_dn: 0.0472 (0.0511)  loss_giou_dn: 0.5428 (0.5155)  loss_class_dn_0: 0.4786 (0.4753)  loss_bbox_dn_0: 0.0582 (0.0678)  loss_giou_dn_0: 0.6674 (0.6159)  loss_class_dn_1: 0.4364 (0.4268)  loss_bbox_dn_1: 0.0493 (0.0539)  loss_giou_dn_1: 0.5604 (0.5331)  loss_class_dn_2: 0.4211 (0.4102)  loss_bbox_dn_2: 0.0473 (0.0515)  loss_giou_dn_2: 0.5518 (0.5176)  loss_class_dn_3: 0.4107 (0.4046)  loss_bbox_dn_3: 0.0472 (0.0512)  loss_giou_dn_3: 0.5436 (0.5159)  loss_class_dn_4: 0.4070 (0.4029)  loss_bbox_dn_4: 0.0472 (0.0511)  loss_giou_dn_4: 0.5426 (0.5155)  loss_position: 0.2712 (0.3072)  loss_class_hybrid: 0.5339 (0.5488)  loss_bbox_hybrid: 0.0641 (0.0743)  loss_giou_hybrid: 0.6053 (0.6455)  loss_class_0_hybrid: 0.5518 (0.5744)  loss_bbox_0_hybrid: 0.0682 (0.0836)  loss_giou_0_hybrid: 0.6588 (0.6898)  loss_class_1_hybrid: 0.5448 (0.5596)  loss_bbox_1_hybrid: 0.0627 (0.0773)  loss_giou_1_hybrid: 0.6270 (0.6585)  loss_class_2_hybrid: 0.5315 (0.5524)  loss_bbox_2_hybrid: 0.0637 (0.0758)  loss_giou_2_hybrid: 0.6074 (0.6494)  loss_class_3_hybrid: 0.5311 (0.5490)  loss_bbox_3_hybrid: 0.0640 (0.0749)  loss_giou_3_hybrid: 0.6116 (0.6463)  loss_class_4_hybrid: 0.5329 (0.5488)  loss_bbox_4_hybrid: 0.0641 (0.0744)  loss_giou_4_hybrid: 0.6054 (0.6459)  loss_class_enc_hybrid: 0.5251 (0.5442)  loss_bbox_enc_hybrid: 0.0921 (0.1086)  loss_giou_enc_hybrid: 0.8153 (0.8258)  mem: 787  max mem: 4458
[2026-08-04 15:52:34 accelerate.tracking]: [RANK 0] Successfully logged to TensorBoard
[2026-08-04 15:52:52 det.util.engine]: Epoch: [12]  [950/6471]  eta: 0:37:42  lr: 0.000010  data_time: 0.0009  iter_time: 0.3882  loss: 28.3214 (24.2693)  loss_class: 0.6047 (0.5655)  loss_bbox: 0.0488 (0.0547)  loss_giou: 0.6182 (0.5544)  loss_class_0: 0.6933 (0.7081)  loss_bbox_0: 0.0508 (0.0575)  loss_giou_0: 0.6255 (0.5707)  loss_class_1: 0.6145 (0.6045)  loss_bbox_1: 0.0496 (0.0554)  loss_giou_1: 0.6221 (0.5580)  loss_class_2: 0.5972 (0.5793)  loss_bbox_2: 0.0488 (0.0548)  loss_giou_2: 0.6249 (0.5550)  loss_class_3: 0.6035 (0.5696)  loss_bbox_3: 0.0486 (0.0548)  loss_giou_3: 0.6183 (0.5546)  loss_class_4: 0.6037 (0.5671)  loss_bbox_4: 0.0486 (0.0546)  loss_giou_4: 0.6182 (0.5542)  loss_class_enc: 0.6560 (0.6680)  loss_bbox_enc: 0.0592 (0.0718)  loss_giou_enc: 0.6469 (0.6449)  loss_class_dn: 0.4155 (0.4030)  loss_bbox_dn: 0.0430 (0.0507)  loss_giou_dn: 0.5608 (0.5170)  loss_class_dn_0: 0.4766 (0.4753)  loss_bbox_dn_0: 0.0518 (0.0672)  loss_giou_dn_0: 0.6600 (0.6175)  loss_class_dn_1: 0.4289 (0.4272)  loss_bbox_dn_1: 0.0438 (0.0535)  loss_giou_dn_1: 0.5752 (0.5347)  loss_class_dn_2: 0.4206 (0.4106)  loss_bbox_dn_2: 0.0429 (0.0510)  loss_giou_dn_2: 0.5648 (0.5190)  loss_class_dn_3: 0.4163 (0.4051)  loss_bbox_dn_3: 0.0428 (0.0508)  loss_giou_dn_3: 0.5601 (0.5173)  loss_class_dn_4: 0.4135 (0.4034)  loss_bbox_dn_4: 0.0430 (0.0507)  loss_giou_dn_4: 0.5610 (0.5169)  loss_position: 0.3199 (0.3077)  loss_class_hybrid: 0.5218 (0.5494)  loss_bbox_hybrid: 0.0670 (0.0740)  loss_giou_hybrid: 0.7161 (0.6491)  loss_class_0_hybrid: 0.5377 (0.5746)  loss_bbox_0_hybrid: 0.0675 (0.0832)  loss_giou_0_hybrid: 0.7715 (0.6934)  loss_class_1_hybrid: 0.5312 (0.5602)  loss_bbox_1_hybrid: 0.0685 (0.0770)  loss_giou_1_hybrid: 0.7416 (0.6623)  loss_class_2_hybrid: 0.5232 (0.5528)  loss_bbox_2_hybrid: 0.0677 (0.0754)  loss_giou_2_hybrid: 0.7255 (0.6531)  loss_class_3_hybrid: 0.5223 (0.5495)  loss_bbox_3_hybrid: 0.0667 (0.0745)  loss_giou_3_hybrid: 0.7162 (0.6499)  loss_class_4_hybrid: 0.5249 (0.5495)  loss_bbox_4_hybrid: 0.0658 (0.0740)  loss_giou_4_hybrid: 0.7151 (0.6495)  loss_class_enc_hybrid: 0.5068 (0.5439)  loss_bbox_enc_hybrid: 0.0914 (0.1081)  loss_giou_enc_hybrid: 0.9171 (0.8296)  mem: 792  max mem: 4458
[2026-08-04 15:52:52 accelerate.tracking]: [RANK 0] Successfully logged to TensorBoard
[2026-08-04 15:53:12 det.util.engine]: Epoch: [12]  [1000/6471]  eta: 0:37:16  lr: 0.000010  data_time: 0.0009  iter_time: 0.4411  loss: 21.8544 (24.2522)  loss_class: 0.5179 (0.5653)  loss_bbox: 0.0489 (0.0549)  loss_giou: 0.4567 (0.5538)  loss_class_0: 0.6437 (0.7076)  loss_bbox_0: 0.0553 (0.0576)  loss_giou_0: 0.4632 (0.5700)  loss_class_1: 0.5709 (0.6040)  loss_bbox_1: 0.0515 (0.0556)  loss_giou_1: 0.4547 (0.5574)  loss_class_2: 0.5399 (0.5788)  loss_bbox_2: 0.0503 (0.0550)  loss_giou_2: 0.4590 (0.5545)  loss_class_3: 0.5171 (0.5692)  loss_bbox_3: 0.0491 (0.0550)  loss_giou_3: 0.4607 (0.5540)  loss_class_4: 0.5175 (0.5668)  loss_bbox_4: 0.0489 (0.0548)  loss_giou_4: 0.4566 (0.5536)  loss_class_enc: 0.6486 (0.6684)  loss_bbox_enc: 0.0681 (0.0718)  loss_giou_enc: 0.5279 (0.6441)  loss_class_dn: 0.4018 (0.4029)  loss_bbox_dn: 0.0484 (0.0509)  loss_giou_dn: 0.4718 (0.5165)  loss_class_dn_0: 0.4643 (0.4754)  loss_bbox_dn_0: 0.0625 (0.0674)  loss_giou_dn_0: 0.5682 (0.6171)  loss_class_dn_1: 0.4375 (0.4272)  loss_bbox_dn_1: 0.0507 (0.0536)  loss_giou_dn_1: 0.4836 (0.5342)  loss_class_dn_2: 0.4177 (0.4106)  loss_bbox_dn_2: 0.0477 (0.0512)  loss_giou_dn_2: 0.4698 (0.5185)  loss_class_dn_3: 0.4053 (0.4050)  loss_bbox_dn_3: 0.0481 (0.0510)  loss_giou_dn_3: 0.4709 (0.5168)  loss_class_dn_4: 0.4019 (0.4033)  loss_bbox_dn_4: 0.0484 (0.0509)  loss_giou_dn_4: 0.4717 (0.5164)  loss_position: 0.2701 (0.3073)  loss_class_hybrid: 0.4973 (0.5494)  loss_bbox_hybrid: 0.0711 (0.0741)  loss_giou_hybrid: 0.5008 (0.6477)  loss_class_0_hybrid: 0.5072 (0.5746)  loss_bbox_0_hybrid: 0.0799 (0.0833)  loss_giou_0_hybrid: 0.5304 (0.6919)  loss_class_1_hybrid: 0.5299 (0.5603)  loss_bbox_1_hybrid: 0.0735 (0.0770)  loss_giou_1_hybrid: 0.4992 (0.6608)  loss_class_2_hybrid: 0.5030 (0.5530)  loss_bbox_2_hybrid: 0.0718 (0.0755)  loss_giou_2_hybrid: 0.5000 (0.6516)  loss_class_3_hybrid: 0.5022 (0.5497)  loss_bbox_3_hybrid: 0.0712 (0.0746)  loss_giou_3_hybrid: 0.4976 (0.6485)  loss_class_4_hybrid: 0.5018 (0.5496)  loss_bbox_4_hybrid: 0.0711 (0.0741)  loss_giou_4_hybrid: 0.5001 (0.6481)  loss_class_enc_hybrid: 0.5468 (0.5448)  loss_bbox_enc_hybrid: 0.1059 (0.1081)  loss_giou_enc_hybrid: 0.6153 (0.8275)  mem: 790  max mem: 4458
[2026-08-04 15:53:12 accelerate.tracking]: [RANK 0] Successfully logged to TensorBoard
[2026-08-04 15:53:34 det.util.engine]: Epoch: [12]  [1050/6471]  eta: 0:37:02  lr: 0.000010  data_time: 0.0010  iter_time: 0.3766  loss: 24.5383 (24.3097)  loss_class: 0.6491 (0.5670)  loss_bbox: 0.0561 (0.0548)  loss_giou: 0.5041 (0.5556)  loss_class_0: 0.7818 (0.7094)  loss_bbox_0: 0.0604 (0.0575)  loss_giou_0: 0.5017 (0.5712)  loss_class_1: 0.6847 (0.6058)  loss_bbox_1: 0.0545 (0.0555)  loss_giou_1: 0.5105 (0.5591)  loss_class_2: 0.6553 (0.5808)  loss_bbox_2: 0.0556 (0.0550)  loss_giou_2: 0.4993 (0.5562)  loss_class_3: 0.6467 (0.5710)  loss_bbox_3: 0.0548 (0.0550)  loss_giou_3: 0.5049 (0.5558)  loss_class_4: 0.6453 (0.5686)  loss_bbox_4: 0.0551 (0.0547)  loss_giou_4: 0.5056 (0.5554)  loss_class_enc: 0.7128 (0.6690)  loss_bbox_enc: 0.0694 (0.0716)  loss_giou_enc: 0.5914 (0.6457)  loss_class_dn: 0.4133 (0.4033)  loss_bbox_dn: 0.0494 (0.0507)  loss_giou_dn: 0.5044 (0.5183)  loss_class_dn_0: 0.4867 (0.4759)  loss_bbox_dn_0: 0.0602 (0.0671)  loss_giou_dn_0: 0.6181 (0.6189)  loss_class_dn_1: 0.4349 (0.4278)  loss_bbox_dn_1: 0.0471 (0.0535)  loss_giou_dn_1: 0.5199 (0.5360)  loss_class_dn_2: 0.4152 (0.4110)  loss_bbox_dn_2: 0.0486 (0.0510)  loss_giou_dn_2: 0.5134 (0.5203)  loss_class_dn_3: 0.4154 (0.4054)  loss_bbox_dn_3: 0.0490 (0.0508)  loss_giou_dn_3: 0.5072 (0.5187)  loss_class_dn_4: 0.4142 (0.4038)  loss_bbox_dn_4: 0.0494 (0.0507)  loss_giou_dn_4: 0.5043 (0.5182)  loss_position: 0.2866 (0.3073)  loss_class_hybrid: 0.6013 (0.5508)  loss_bbox_hybrid: 0.0758 (0.0741)  loss_giou_hybrid: 0.5428 (0.6497)  loss_class_0_hybrid: 0.6177 (0.5753)  loss_bbox_0_hybrid: 0.0757 (0.0833)  loss_giou_0_hybrid: 0.5776 (0.6939)  loss_class_1_hybrid: 0.6155 (0.5616)  loss_bbox_1_hybrid: 0.0743 (0.0771)  loss_giou_1_hybrid: 0.5495 (0.6626)  loss_class_2_hybrid: 0.6095 (0.5545)  loss_bbox_2_hybrid: 0.0757 (0.0755)  loss_giou_2_hybrid: 0.5420 (0.6534)  loss_class_3_hybrid: 0.6034 (0.5512)  loss_bbox_3_hybrid: 0.0761 (0.0746)  loss_giou_3_hybrid: 0.5475 (0.6504)  loss_class_4_hybrid: 0.6037 (0.5511)  loss_bbox_4_hybrid: 0.0759 (0.0741)  loss_giou_4_hybrid: 0.5485 (0.6500)  loss_class_enc_hybrid: 0.5964 (0.5446)  loss_bbox_enc_hybrid: 0.1083 (0.1081)  loss_giou_enc_hybrid: 0.7531 (0.8305)  mem: 794  max mem: 4458
[2026-08-04 15:53:34 accelerate.tracking]: [RANK 0] Successfully logged to TensorBoard
[2026-08-04 15:53:52 det.util.engine]: Epoch: [12]  [1100/6471]  eta: 0:36:32  lr: 0.000010  data_time: 0.0009  iter_time: 0.3646  loss: 23.0310 (24.2960)  loss_class: 0.5680 (0.5667)  loss_bbox: 0.0461 (0.0548)  loss_giou: 0.5136 (0.5556)  loss_class_0: 0.6895 (0.7095)  loss_bbox_0: 0.0491 (0.0574)  loss_giou_0: 0.5197 (0.5707)  loss_class_1: 0.6111 (0.6057)  loss_bbox_1: 0.0475 (0.0555)  loss_giou_1: 0.5252 (0.5590)  loss_class_2: 0.5697 (0.5805)  loss_bbox_2: 0.0470 (0.0549)  loss_giou_2: 0.5239 (0.5561)  loss_class_3: 0.5608 (0.5707)  loss_bbox_3: 0.0461 (0.0549)  loss_giou_3: 0.5133 (0.5557)  loss_class_4: 0.5608 (0.5684)  loss_bbox_4: 0.0461 (0.0547)  loss_giou_4: 0.5132 (0.5554)  loss_class_enc: 0.6614 (0.6689)  loss_bbox_enc: 0.0570 (0.0714)  loss_giou_enc: 0.5708 (0.6451)  loss_class_dn: 0.4020 (0.4036)  loss_bbox_dn: 0.0399 (0.0506)  loss_giou_dn: 0.5043 (0.5184)  loss_class_dn_0: 0.4648 (0.4760)  loss_bbox_dn_0: 0.0569 (0.0670)  loss_giou_dn_0: 0.5896 (0.6189)  loss_class_dn_1: 0.4261 (0.4280)  loss_bbox_dn_1: 0.0428 (0.0534)  loss_giou_dn_1: 0.5101 (0.5362)  loss_class_dn_2: 0.4091 (0.4112)  loss_bbox_dn_2: 0.0403 (0.0509)  loss_giou_dn_2: 0.5045 (0.5205)  loss_class_dn_3: 0.4046 (0.4057)  loss_bbox_dn_3: 0.0398 (0.0507)  loss_giou_dn_3: 0.5039 (0.5188)  loss_class_dn_4: 0.4036 (0.4040)  loss_bbox_dn_4: 0.0399 (0.0506)  loss_giou_dn_4: 0.5041 (0.5184)  loss_position: 0.2671 (0.3060)  loss_class_hybrid: 0.5528 (0.5512)  loss_bbox_hybrid: 0.0541 (0.0737)  loss_giou_hybrid: 0.5488 (0.6483)  loss_class_0_hybrid: 0.5701 (0.5754)  loss_bbox_0_hybrid: 0.0581 (0.0827)  loss_giou_0_hybrid: 0.5864 (0.6922)  loss_class_1_hybrid: 0.5690 (0.5620)  loss_bbox_1_hybrid: 0.0543 (0.0766)  loss_giou_1_hybrid: 0.5654 (0.6613)  loss_class_2_hybrid: 0.5567 (0.5548)  loss_bbox_2_hybrid: 0.0539 (0.0751)  loss_giou_2_hybrid: 0.5612 (0.6521)  loss_class_3_hybrid: 0.5508 (0.5516)  loss_bbox_3_hybrid: 0.0541 (0.0742)  loss_giou_3_hybrid: 0.5466 (0.6490)  loss_class_4_hybrid: 0.5562 (0.5515)  loss_bbox_4_hybrid: 0.0541 (0.0737)  loss_giou_4_hybrid: 0.5485 (0.6486)  loss_class_enc_hybrid: 0.5755 (0.5451)  loss_bbox_enc_hybrid: 0.0826 (0.1074)  loss_giou_enc_hybrid: 0.7329 (0.8290)  mem: 787  max mem: 4458
[2026-08-04 15:53:52 accelerate.tracking]: [RANK 0] Successfully logged to TensorBoard
[2026-08-04 15:54:16 det.util.engine]: Epoch: [12]  [1150/6471]  eta: 0:36:28  lr: 0.000010  data_time: 0.0010  iter_time: 0.6267  loss: 24.1074 (24.3208)  loss_class: 0.5368 (0.5658)  loss_bbox: 0.0383 (0.0546)  loss_giou: 0.4906 (0.5569)  loss_class_0: 0.6590 (0.7092)  loss_bbox_0: 0.0430 (0.0573)  loss_giou_0: 0.4895 (0.5720)  loss_class_1: 0.6087 (0.6053)  loss_bbox_1: 0.0395 (0.0554)  loss_giou_1: 0.4870 (0.5604)  loss_class_2: 0.5645 (0.5798)  loss_bbox_2: 0.0385 (0.0548)  loss_giou_2: 0.4865 (0.5575)  loss_class_3: 0.5524 (0.5701)  loss_bbox_3: 0.0382 (0.0548)  loss_giou_3: 0.4926 (0.5570)  loss_class_4: 0.5404 (0.5677)  loss_bbox_4: 0.0383 (0.0546)  loss_giou_4: 0.4922 (0.5567)  loss_class_enc: 0.6478 (0.6682)  loss_bbox_enc: 0.0501 (0.0712)  loss_giou_enc: 0.5777 (0.6464)  loss_class_dn: 0.4102 (0.4036)  loss_bbox_dn: 0.0331 (0.0504)  loss_giou_dn: 0.4881 (0.5190)  loss_class_dn_0: 0.4697 (0.4760)  loss_bbox_dn_0: 0.0450 (0.0668)  loss_giou_dn_0: 0.5600 (0.6195)  loss_class_dn_1: 0.4319 (0.4279)  loss_bbox_dn_1: 0.0360 (0.0531)  loss_giou_dn_1: 0.5049 (0.5367)  loss_class_dn_2: 0.4185 (0.4112)  loss_bbox_dn_2: 0.0340 (0.0507)  loss_giou_dn_2: 0.4931 (0.5210)  loss_class_dn_3: 0.4144 (0.4056)  loss_bbox_dn_3: 0.0334 (0.0505)  loss_giou_dn_3: 0.4875 (0.5193)  loss_class_dn_4: 0.4112 (0.4040)  loss_bbox_dn_4: 0.0331 (0.0504)  loss_giou_dn_4: 0.4879 (0.5189)  loss_position: 0.2707 (0.3059)  loss_class_hybrid: 0.5251 (0.5501)  loss_bbox_hybrid: 0.0547 (0.0742)  loss_giou_hybrid: 0.6133 (0.6513)  loss_class_0_hybrid: 0.5364 (0.5746)  loss_bbox_0_hybrid: 0.0623 (0.0834)  loss_giou_0_hybrid: 0.6128 (0.6953)  loss_class_1_hybrid: 0.5223 (0.5610)  loss_bbox_1_hybrid: 0.0568 (0.0772)  loss_giou_1_hybrid: 0.6147 (0.6644)  loss_class_2_hybrid: 0.5216 (0.5539)  loss_bbox_2_hybrid: 0.0545 (0.0756)  loss_giou_2_hybrid: 0.6147 (0.6552)  loss_class_3_hybrid: 0.5231 (0.5507)  loss_bbox_3_hybrid: 0.0541 (0.0747)  loss_giou_3_hybrid: 0.6131 (0.6520)  loss_class_4_hybrid: 0.5200 (0.5505)  loss_bbox_4_hybrid: 0.0548 (0.0742)  loss_giou_4_hybrid: 0.6128 (0.6516)  loss_class_enc_hybrid: 0.5466 (0.5445)  loss_bbox_enc_hybrid: 0.0776 (0.1081)  loss_giou_enc_hybrid: 0.7113 (0.8319)  mem: 787  max mem: 4458
[2026-08-04 15:54:16 accelerate.tracking]: [RANK 0] Successfully logged to TensorBoard
[2026-08-04 15:54:36 det.util.engine]: Epoch: [12]  [1200/6471]  eta: 0:36:06  lr: 0.000010  data_time: 0.0010  iter_time: 0.4345  loss: 23.7353 (24.3219)  loss_class: 0.5823 (0.5667)  loss_bbox: 0.0449 (0.0546)  loss_giou: 0.4394 (0.5567)  loss_class_0: 0.7034 (0.7093)  loss_bbox_0: 0.0474 (0.0573)  loss_giou_0: 0.4753 (0.5719)  loss_class_1: 0.5966 (0.6056)  loss_bbox_1: 0.0458 (0.0553)  loss_giou_1: 0.4510 (0.5603)  loss_class_2: 0.5816 (0.5805)  loss_bbox_2: 0.0473 (0.0548)  loss_giou_2: 0.4488 (0.5573)  loss_class_3: 0.5621 (0.5710)  loss_bbox_3: 0.0451 (0.0547)  loss_giou_3: 0.4414 (0.5567)  loss_class_4: 0.5788 (0.5686)  loss_bbox_4: 0.0449 (0.0545)  loss_giou_4: 0.4393 (0.5565)  loss_class_enc: 0.6523 (0.6679)  loss_bbox_enc: 0.0644 (0.0712)  loss_giou_enc: 0.5516 (0.6466)  loss_class_dn: 0.4129 (0.4037)  loss_bbox_dn: 0.0436 (0.0503)  loss_giou_dn: 0.4692 (0.5192)  loss_class_dn_0: 0.4653 (0.4759)  loss_bbox_dn_0: 0.0624 (0.0667)  loss_giou_dn_0: 0.5722 (0.6199)  loss_class_dn_1: 0.4349 (0.4280)  loss_bbox_dn_1: 0.0467 (0.0530)  loss_giou_dn_1: 0.4707 (0.5369)  loss_class_dn_2: 0.4184 (0.4113)  loss_bbox_dn_2: 0.0435 (0.0506)  loss_giou_dn_2: 0.4714 (0.5212)  loss_class_dn_3: 0.4094 (0.4057)  loss_bbox_dn_3: 0.0435 (0.0504)  loss_giou_dn_3: 0.4711 (0.5195)  loss_class_dn_4: 0.4101 (0.4041)  loss_bbox_dn_4: 0.0436 (0.0503)  loss_giou_dn_4: 0.4692 (0.5191)  loss_position: 0.2677 (0.3066)  loss_class_hybrid: 0.5051 (0.5504)  loss_bbox_hybrid: 0.0504 (0.0740)  loss_giou_hybrid: 0.5043 (0.6509)  loss_class_0_hybrid: 0.5509 (0.5745)  loss_bbox_0_hybrid: 0.0577 (0.0832)  loss_giou_0_hybrid: 0.5317 (0.6951)  loss_class_1_hybrid: 0.5109 (0.5610)  loss_bbox_1_hybrid: 0.0522 (0.0771)  loss_giou_1_hybrid: 0.5099 (0.6642)  loss_class_2_hybrid: 0.5186 (0.5542)  loss_bbox_2_hybrid: 0.0508 (0.0754)  loss_giou_2_hybrid: 0.5082 (0.6548)  loss_class_3_hybrid: 0.5095 (0.5509)  loss_bbox_3_hybrid: 0.0502 (0.0746)  loss_giou_3_hybrid: 0.5051 (0.6517)  loss_class_4_hybrid: 0.5114 (0.5506)  loss_bbox_4_hybrid: 0.0504 (0.0741)  loss_giou_4_hybrid: 0.5045 (0.6512)  loss_class_enc_hybrid: 0.5623 (0.5442)  loss_bbox_enc_hybrid: 0.0915 (0.1079)  loss_giou_enc_hybrid: 0.6894 (0.8316)  mem: 787  max mem: 4458
[2026-08-04 15:54:36 accelerate.tracking]: [RANK 0] Successfully logged to TensorBoard
[2026-08-04 15:55:00 det.util.engine]: Epoch: [12]  [1250/6471]  eta: 0:35:58  lr: 0.000010  data_time: 0.0010  iter_time: 0.3579  loss: 24.7826 (24.3484)  loss_class: 0.5859 (0.5669)  loss_bbox: 0.0435 (0.0544)  loss_giou: 0.5649 (0.5581)  loss_class_0: 0.6780 (0.7088)  loss_bbox_0: 0.0490 (0.0571)  loss_giou_0: 0.5900 (0.5734)  loss_class_1: 0.5984 (0.6053)  loss_bbox_1: 0.0433 (0.0551)  loss_giou_1: 0.5686 (0.5617)  loss_class_2: 0.5893 (0.5805)  loss_bbox_2: 0.0430 (0.0545)  loss_giou_2: 0.5726 (0.5588)  loss_class_3: 0.5872 (0.5712)  loss_bbox_3: 0.0433 (0.0545)  loss_giou_3: 0.5644 (0.5582)  loss_class_4: 0.5869 (0.5687)  loss_bbox_4: 0.0436 (0.0543)  loss_giou_4: 0.5646 (0.5579)  loss_class_enc: 0.6283 (0.6675)  loss_bbox_enc: 0.0540 (0.0709)  loss_giou_enc: 0.6257 (0.6476)  loss_class_dn: 0.4049 (0.4039)  loss_bbox_dn: 0.0391 (0.0501)  loss_giou_dn: 0.5782 (0.5203)  loss_class_dn_0: 0.4772 (0.4759)  loss_bbox_dn_0: 0.0500 (0.0664)  loss_giou_dn_0: 0.6749 (0.6206)  loss_class_dn_1: 0.4316 (0.4281)  loss_bbox_dn_1: 0.0410 (0.0528)  loss_giou_dn_1: 0.5985 (0.5380)  loss_class_dn_2: 0.4119 (0.4115)  loss_bbox_dn_2: 0.0395 (0.0504)  loss_giou_dn_2: 0.5847 (0.5224)  loss_class_dn_3: 0.4066 (0.4058)  loss_bbox_dn_3: 0.0391 (0.0502)  loss_giou_dn_3: 0.5810 (0.5207)  loss_class_dn_4: 0.4040 (0.4042)  loss_bbox_dn_4: 0.0391 (0.0501)  loss_giou_dn_4: 0.5787 (0.5202)  loss_position: 0.2617 (0.3059)  loss_class_hybrid: 0.5407 (0.5501)  loss_bbox_hybrid: 0.0572 (0.0741)  loss_giou_hybrid: 0.6076 (0.6533)  loss_class_0_hybrid: 0.5658 (0.5739)  loss_bbox_0_hybrid: 0.0753 (0.0834)  loss_giou_0_hybrid: 0.6776 (0.6975)  loss_class_1_hybrid: 0.5389 (0.5606)  loss_bbox_1_hybrid: 0.0602 (0.0771)  loss_giou_1_hybrid: 0.6345 (0.6666)  loss_class_2_hybrid: 0.5384 (0.5539)  loss_bbox_2_hybrid: 0.0581 (0.0755)  loss_giou_2_hybrid: 0.6163 (0.6573)  loss_class_3_hybrid: 0.5434 (0.5506)  loss_bbox_3_hybrid: 0.0578 (0.0746)  loss_giou_3_hybrid: 0.6098 (0.6541)  loss_class_4_hybrid: 0.5448 (0.5503)  loss_bbox_4_hybrid: 0.0573 (0.0741)  loss_giou_4_hybrid: 0.6080 (0.6536)  loss_class_enc_hybrid: 0.5512 (0.5433)  loss_bbox_enc_hybrid: 0.0985 (0.1080)  loss_giou_enc_hybrid: 0.8062 (0.8340)  mem: 787  max mem: 4458
[2026-08-04 15:55:00 accelerate.tracking]: [RANK 0] Successfully logged to TensorBoard
[2026-08-04 15:55:19 det.util.engine]: Epoch: [12]  [1300/6471]  eta: 0:35:32  lr: 0.000010  data_time: 0.0009  iter_time: 0.4084  loss: 24.2101 (24.3539)  loss_class: 0.5805 (0.5674)  loss_bbox: 0.0507 (0.0544)  loss_giou: 0.4878 (0.5583)  loss_class_0: 0.6848 (0.7094)  loss_bbox_0: 0.0517 (0.0571)  loss_giou_0: 0.4951 (0.5733)  loss_class_1: 0.6051 (0.6053)  loss_bbox_1: 0.0513 (0.0551)  loss_giou_1: 0.4763 (0.5620)  loss_class_2: 0.5957 (0.5808)  loss_bbox_2: 0.0508 (0.0545)  loss_giou_2: 0.4830 (0.5591)  loss_class_3: 0.5885 (0.5717)  loss_bbox_3: 0.0505 (0.0545)  loss_giou_3: 0.4808 (0.5584)  loss_class_4: 0.5743 (0.5691)  loss_bbox_4: 0.0507 (0.0543)  loss_giou_4: 0.4880 (0.5581)  loss_class_enc: 0.6572 (0.6675)  loss_bbox_enc: 0.0604 (0.0708)  loss_giou_enc: 0.6232 (0.6477)  loss_class_dn: 0.4204 (0.4040)  loss_bbox_dn: 0.0453 (0.0500)  loss_giou_dn: 0.5341 (0.5206)  loss_class_dn_0: 0.4778 (0.4759)  loss_bbox_dn_0: 0.0572 (0.0663)  loss_giou_dn_0: 0.6348 (0.6209)  loss_class_dn_1: 0.4462 (0.4283)  loss_bbox_dn_1: 0.0478 (0.0528)  loss_giou_dn_1: 0.5609 (0.5383)  loss_class_dn_2: 0.4324 (0.4116)  loss_bbox_dn_2: 0.0455 (0.0503)  loss_giou_dn_2: 0.5457 (0.5227)  loss_class_dn_3: 0.4229 (0.4060)  loss_bbox_dn_3: 0.0452 (0.0501)  loss_giou_dn_3: 0.5406 (0.5210)  loss_class_dn_4: 0.4272 (0.4043)  loss_bbox_dn_4: 0.0453 (0.0500)  loss_giou_dn_4: 0.5344 (0.5205)  loss_position: 0.2587 (0.3051)  loss_class_hybrid: 0.5438 (0.5505)  loss_bbox_hybrid: 0.0660 (0.0739)  loss_giou_hybrid: 0.5653 (0.6532)  loss_class_0_hybrid: 0.5319 (0.5741)  loss_bbox_0_hybrid: 0.0748 (0.0832)  loss_giou_0_hybrid: 0.6170 (0.6974)  loss_class_1_hybrid: 0.5317 (0.5608)  loss_bbox_1_hybrid: 0.0695 (0.0770)  loss_giou_1_hybrid: 0.5863 (0.6666)  loss_class_2_hybrid: 0.5433 (0.5541)  loss_bbox_2_hybrid: 0.0669 (0.0753)  loss_giou_2_hybrid: 0.5673 (0.6573)  loss_class_3_hybrid: 0.5401 (0.5510)  loss_bbox_3_hybrid: 0.0664 (0.0745)  loss_giou_3_hybrid: 0.5628 (0.6541)  loss_class_4_hybrid: 0.5449 (0.5506)  loss_bbox_4_hybrid: 0.0659 (0.0739)  loss_giou_4_hybrid: 0.5652 (0.6535)  loss_class_enc_hybrid: 0.5092 (0.5435)  loss_bbox_enc_hybrid: 0.1011 (0.1078)  loss_giou_enc_hybrid: 0.8071 (0.8339)  mem: 794  max mem: 4458
[2026-08-04 15:55:19 accelerate.tracking]: [RANK 0] Successfully logged to TensorBoard
[2026-08-04 15:55:37 det.util.engine]: Epoch: [12]  [1350/6471]  eta: 0:35:01  lr: 0.000010  data_time: 0.0010  iter_time: 0.3533  loss: 23.0916 (24.3155)  loss_class: 0.6040 (0.5674)  loss_bbox: 0.0517 (0.0544)  loss_giou: 0.4631 (0.5563)  loss_class_0: 0.7241 (0.7100)  loss_bbox_0: 0.0534 (0.0571)  loss_giou_0: 0.4824 (0.5711)  loss_class_1: 0.6094 (0.6053)  loss_bbox_1: 0.0522 (0.0552)  loss_giou_1: 0.4527 (0.5599)  loss_class_2: 0.5926 (0.5809)  loss_bbox_2: 0.0505 (0.0546)  loss_giou_2: 0.4568 (0.5570)  loss_class_3: 0.5893 (0.5718)  loss_bbox_3: 0.0507 (0.0546)  loss_giou_3: 0.4573 (0.5563)  loss_class_4: 0.5859 (0.5691)  loss_bbox_4: 0.0517 (0.0544)  loss_giou_4: 0.4624 (0.5561)  loss_class_enc: 0.6859 (0.6683)  loss_bbox_enc: 0.0635 (0.0709)  loss_giou_enc: 0.5645 (0.6455)  loss_class_dn: 0.4124 (0.4039)  loss_bbox_dn: 0.0491 (0.0502)  loss_giou_dn: 0.4752 (0.5189)  loss_class_dn_0: 0.4797 (0.4760)  loss_bbox_dn_0: 0.0666 (0.0665)  loss_giou_dn_0: 0.5670 (0.6194)  loss_class_dn_1: 0.4336 (0.4282)  loss_bbox_dn_1: 0.0503 (0.0529)  loss_giou_dn_1: 0.4902 (0.5368)  loss_class_dn_2: 0.4167 (0.4115)  loss_bbox_dn_2: 0.0488 (0.0505)  loss_giou_dn_2: 0.4801 (0.5211)  loss_class_dn_3: 0.4160 (0.4059)  loss_bbox_dn_3: 0.0486 (0.0503)  loss_giou_dn_3: 0.4753 (0.5193)  loss_class_dn_4: 0.4134 (0.4042)  loss_bbox_dn_4: 0.0491 (0.0502)  loss_giou_dn_4: 0.4750 (0.5189)  loss_position: 0.2956 (0.3053)  loss_class_hybrid: 0.5620 (0.5513)  loss_bbox_hybrid: 0.0602 (0.0738)  loss_giou_hybrid: 0.5032 (0.6502)  loss_class_0_hybrid: 0.6097 (0.5754)  loss_bbox_0_hybrid: 0.0641 (0.0830)  loss_giou_0_hybrid: 0.5490 (0.6941)  loss_class_1_hybrid: 0.5778 (0.5616)  loss_bbox_1_hybrid: 0.0632 (0.0768)  loss_giou_1_hybrid: 0.5172 (0.6635)  loss_class_2_hybrid: 0.5737 (0.5548)  loss_bbox_2_hybrid: 0.0607 (0.0752)  loss_giou_2_hybrid: 0.4999 (0.6543)  loss_class_3_hybrid: 0.5605 (0.5517)  loss_bbox_3_hybrid: 0.0602 (0.0743)  loss_giou_3_hybrid: 0.5041 (0.6511)  loss_class_4_hybrid: 0.5672 (0.5513)  loss_bbox_4_hybrid: 0.0618 (0.0738)  loss_giou_4_hybrid: 0.4994 (0.6506)  loss_class_enc_hybrid: 0.6134 (0.5449)  loss_bbox_enc_hybrid: 0.0839 (0.1075)  loss_giou_enc_hybrid: 0.6765 (0.8304)  mem: 786  max mem: 4458
[2026-08-04 15:55:37 accelerate.tracking]: [RANK 0] Successfully logged to TensorBoard
[2026-08-04 15:55:57 det.util.engine]: Epoch: [12]  [1400/6471]  eta: 0:34:37  lr: 0.000010  data_time: 0.0011  iter_time: 0.3702  loss: 25.5320 (24.3363)  loss_class: 0.6344 (0.5679)  loss_bbox: 0.0471 (0.0543)  loss_giou: 0.5972 (0.5573)  loss_class_0: 0.7158 (0.7098)  loss_bbox_0: 0.0468 (0.0570)  loss_giou_0: 0.5903 (0.5722)  loss_class_1: 0.6146 (0.6055)  loss_bbox_1: 0.0467 (0.0551)  loss_giou_1: 0.6086 (0.5610)  loss_class_2: 0.6132 (0.5814)  loss_bbox_2: 0.0465 (0.0545)  loss_giou_2: 0.5938 (0.5581)  loss_class_3: 0.6314 (0.5724)  loss_bbox_3: 0.0463 (0.0545)  loss_giou_3: 0.5937 (0.5573)  loss_class_4: 0.6366 (0.5696)  loss_bbox_4: 0.0470 (0.0543)  loss_giou_4: 0.5972 (0.5571)  loss_class_enc: 0.6996 (0.6682)  loss_bbox_enc: 0.0574 (0.0707)  loss_giou_enc: 0.6665 (0.6461)  loss_class_dn: 0.4041 (0.4043)  loss_bbox_dn: 0.0351 (0.0501)  loss_giou_dn: 0.5750 (0.5200)  loss_class_dn_0: 0.4747 (0.4760)  loss_bbox_dn_0: 0.0462 (0.0663)  loss_giou_dn_0: 0.6547 (0.6201)  loss_class_dn_1: 0.4332 (0.4286)  loss_bbox_dn_1: 0.0357 (0.0528)  loss_giou_dn_1: 0.5933 (0.5378)  loss_class_dn_2: 0.4068 (0.4118)  loss_bbox_dn_2: 0.0354 (0.0504)  loss_giou_dn_2: 0.5877 (0.5221)  loss_class_dn_3: 0.4036 (0.4062)  loss_bbox_dn_3: 0.0351 (0.0501)  loss_giou_dn_3: 0.5821 (0.5204)  loss_class_dn_4: 0.4029 (0.4046)  loss_bbox_dn_4: 0.0351 (0.0501)  loss_giou_dn_4: 0.5738 (0.5199)  loss_position: 0.2509 (0.3058)  loss_class_hybrid: 0.5636 (0.5512)  loss_bbox_hybrid: 0.0525 (0.0736)  loss_giou_hybrid: 0.7015 (0.6514)  loss_class_0_hybrid: 0.5639 (0.5749)  loss_bbox_0_hybrid: 0.0609 (0.0827)  loss_giou_0_hybrid: 0.7129 (0.6952)  loss_class_1_hybrid: 0.5625 (0.5614)  loss_bbox_1_hybrid: 0.0558 (0.0766)  loss_giou_1_hybrid: 0.7059 (0.6647)  loss_class_2_hybrid: 0.5577 (0.5547)  loss_bbox_2_hybrid: 0.0549 (0.0750)  loss_giou_2_hybrid: 0.6944 (0.6555)  loss_class_3_hybrid: 0.5584 (0.5516)  loss_bbox_3_hybrid: 0.0525 (0.0741)  loss_giou_3_hybrid: 0.6992 (0.6522)  loss_class_4_hybrid: 0.5626 (0.5512)  loss_bbox_4_hybrid: 0.0524 (0.0736)  loss_giou_4_hybrid: 0.6990 (0.6517)  loss_class_enc_hybrid: 0.5269 (0.5443)  loss_bbox_enc_hybrid: 0.0900 (0.1073)  loss_giou_enc_hybrid: 0.8974 (0.8318)  mem: 785  max mem: 4458
[2026-08-04 15:55:57 accelerate.tracking]: [RANK 0] Successfully logged to TensorBoard
[2026-08-04 15:56:15 det.util.engine]: Epoch: [12]  [1450/6471]  eta: 0:34:08  lr: 0.000010  data_time: 0.0009  iter_time: 0.3701  loss: 24.1897 (24.3471)  loss_class: 0.5871 (0.5686)  loss_bbox: 0.0508 (0.0544)  loss_giou: 0.5889 (0.5576)  loss_class_0: 0.6868 (0.7097)  loss_bbox_0: 0.0558 (0.0571)  loss_giou_0: 0.5810 (0.5723)  loss_class_1: 0.6225 (0.6060)  loss_bbox_1: 0.0516 (0.0552)  loss_giou_1: 0.5826 (0.5612)  loss_class_2: 0.6079 (0.5823)  loss_bbox_2: 0.0510 (0.0546)  loss_giou_2: 0.5862 (0.5583)  loss_class_3: 0.5841 (0.5730)  loss_bbox_3: 0.0511 (0.0545)  loss_giou_3: 0.5857 (0.5576)  loss_class_4: 0.5918 (0.5703)  loss_bbox_4: 0.0509 (0.0544)  loss_giou_4: 0.5893 (0.5574)  loss_class_enc: 0.6955 (0.6688)  loss_bbox_enc: 0.0614 (0.0706)  loss_giou_enc: 0.6603 (0.6460)  loss_class_dn: 0.4180 (0.4046)  loss_bbox_dn: 0.0407 (0.0501)  loss_giou_dn: 0.5407 (0.5205)  loss_class_dn_0: 0.4871 (0.4763)  loss_bbox_dn_0: 0.0512 (0.0663)  loss_giou_dn_0: 0.6312 (0.6206)  loss_class_dn_1: 0.4386 (0.4288)  loss_bbox_dn_1: 0.0448 (0.0529)  loss_giou_dn_1: 0.5522 (0.5382)  loss_class_dn_2: 0.4241 (0.4120)  loss_bbox_dn_2: 0.0412 (0.0505)  loss_giou_dn_2: 0.5453 (0.5226)  loss_class_dn_3: 0.4154 (0.4064)  loss_bbox_dn_3: 0.0408 (0.0502)  loss_giou_dn_3: 0.5413 (0.5209)  loss_class_dn_4: 0.4173 (0.4048)  loss_bbox_dn_4: 0.0407 (0.0501)  loss_giou_dn_4: 0.5407 (0.5204)  loss_position: 0.2778 (0.3057)  loss_class_hybrid: 0.5354 (0.5516)  loss_bbox_hybrid: 0.0634 (0.0734)  loss_giou_hybrid: 0.6605 (0.6513)  loss_class_0_hybrid: 0.5333 (0.5750)  loss_bbox_0_hybrid: 0.0747 (0.0825)  loss_giou_0_hybrid: 0.7425 (0.6952)  loss_class_1_hybrid: 0.5428 (0.5619)  loss_bbox_1_hybrid: 0.0674 (0.0764)  loss_giou_1_hybrid: 0.6781 (0.6646)  loss_class_2_hybrid: 0.5460 (0.5551)  loss_bbox_2_hybrid: 0.0683 (0.0748)  loss_giou_2_hybrid: 0.6597 (0.6554)  loss_class_3_hybrid: 0.5435 (0.5520)  loss_bbox_3_hybrid: 0.0679 (0.0740)  loss_giou_3_hybrid: 0.6607 (0.6522)  loss_class_4_hybrid: 0.5426 (0.5516)  loss_bbox_4_hybrid: 0.0635 (0.0734)  loss_giou_4_hybrid: 0.6606 (0.6517)  loss_class_enc_hybrid: 0.5074 (0.5444)  loss_bbox_enc_hybrid: 0.0976 (0.1070)  loss_giou_enc_hybrid: 0.9034 (0.8315)  mem: 788  max mem: 4458
[2026-08-04 15:56:15 accelerate.tracking]: [RANK 0] Successfully logged to TensorBoard
[2026-08-04 15:56:35 det.util.engine]: Epoch: [12]  [1500/6471]  eta: 0:33:46  lr: 0.000010  data_time: 0.0009  iter_time: 0.4060  loss: 25.9955 (24.3763)  loss_class: 0.5375 (0.5688)  loss_bbox: 0.0516 (0.0544)  loss_giou: 0.5701 (0.5591)  loss_class_0: 0.6467 (0.7091)  loss_bbox_0: 0.0543 (0.0571)  loss_giou_0: 0.6233 (0.5739)  loss_class_1: 0.5661 (0.6063)  loss_bbox_1: 0.0533 (0.0551)  loss_giou_1: 0.5836 (0.5626)  loss_class_2: 0.5669 (0.5827)  loss_bbox_2: 0.0525 (0.0546)  loss_giou_2: 0.5773 (0.5596)  loss_class_3: 0.5463 (0.5733)  loss_bbox_3: 0.0525 (0.0545)  loss_giou_3: 0.5688 (0.5590)  loss_class_4: 0.5352 (0.5705)  loss_bbox_4: 0.0518 (0.0543)  loss_giou_4: 0.5698 (0.5588)  loss_class_enc: 0.6346 (0.6682)  loss_bbox_enc: 0.0639 (0.0706)  loss_giou_enc: 0.6802 (0.6475)  loss_class_dn: 0.4213 (0.4048)  loss_bbox_dn: 0.0403 (0.0501)  loss_giou_dn: 0.5906 (0.5214)  loss_class_dn_0: 0.4662 (0.4762)  loss_bbox_dn_0: 0.0541 (0.0662)  loss_giou_dn_0: 0.6980 (0.6216)  loss_class_dn_1: 0.4414 (0.4290)  loss_bbox_dn_1: 0.0429 (0.0528)  loss_giou_dn_1: 0.6177 (0.5391)  loss_class_dn_2: 0.4290 (0.4123)  loss_bbox_dn_2: 0.0418 (0.0504)  loss_giou_dn_2: 0.5928 (0.5235)  loss_class_dn_3: 0.4255 (0.4067)  loss_bbox_dn_3: 0.0425 (0.0502)  loss_giou_dn_3: 0.5908 (0.5218)  loss_class_dn_4: 0.4257 (0.4051)  loss_bbox_dn_4: 0.0403 (0.0501)  loss_giou_dn_4: 0.5901 (0.5213)  loss_position: 0.2686 (0.3052)  loss_class_hybrid: 0.5142 (0.5514)  loss_bbox_hybrid: 0.0614 (0.0735)  loss_giou_hybrid: 0.6614 (0.6535)  loss_class_0_hybrid: 0.5216 (0.5743)  loss_bbox_0_hybrid: 0.0681 (0.0827)  loss_giou_0_hybrid: 0.6905 (0.6976)  loss_class_1_hybrid: 0.5336 (0.5613)  loss_bbox_1_hybrid: 0.0631 (0.0765)  loss_giou_1_hybrid: 0.6549 (0.6668)  loss_class_2_hybrid: 0.5280 (0.5548)  loss_bbox_2_hybrid: 0.0622 (0.0749)  loss_giou_2_hybrid: 0.6558 (0.6576)  loss_class_3_hybrid: 0.5142 (0.5518)  loss_bbox_3_hybrid: 0.0617 (0.0740)  loss_giou_3_hybrid: 0.6552 (0.6543)  loss_class_4_hybrid: 0.5174 (0.5514)  loss_bbox_4_hybrid: 0.0616 (0.0735)  loss_giou_4_hybrid: 0.6588 (0.6538)  loss_class_enc_hybrid: 0.5232 (0.5436)  loss_bbox_enc_hybrid: 0.1011 (0.1072)  loss_giou_enc_hybrid: 0.8043 (0.8344)  mem: 790  max mem: 4458
[2026-08-04 15:56:35 accelerate.tracking]: [RANK 0] Successfully logged to TensorBoard
[2026-08-04 15:56:54 det.util.engine]: Epoch: [12]  [1550/6471]  eta: 0:33:21  lr: 0.000010  data_time: 0.0009  iter_time: 0.3599  loss: 26.7723 (24.4228)  loss_class: 0.5406 (0.5695)  loss_bbox: 0.0608 (0.0546)  loss_giou: 0.6043 (0.5606)  loss_class_0: 0.7567 (0.7102)  loss_bbox_0: 0.0608 (0.0573)  loss_giou_0: 0.6427 (0.5754)  loss_class_1: 0.6101 (0.6074)  loss_bbox_1: 0.0601 (0.0554)  loss_giou_1: 0.6044 (0.5641)  loss_class_2: 0.5900 (0.5839)  loss_bbox_2: 0.0596 (0.0548)  loss_giou_2: 0.5946 (0.5610)  loss_class_3: 0.5650 (0.5741)  loss_bbox_3: 0.0627 (0.0547)  loss_giou_3: 0.6014 (0.5605)  loss_class_4: 0.5600 (0.5712)  loss_bbox_4: 0.0622 (0.0546)  loss_giou_4: 0.6059 (0.5603)  loss_class_enc: 0.6737 (0.6689)  loss_bbox_enc: 0.0663 (0.0708)  loss_giou_enc: 0.6401 (0.6489)  loss_class_dn: 0.4218 (0.4054)  loss_bbox_dn: 0.0533 (0.0503)  loss_giou_dn: 0.6079 (0.5225)  loss_class_dn_0: 0.4913 (0.4764)  loss_bbox_dn_0: 0.0658 (0.0664)  loss_giou_dn_0: 0.7075 (0.6229)  loss_class_dn_1: 0.4507 (0.4296)  loss_bbox_dn_1: 0.0550 (0.0530)  loss_giou_dn_1: 0.6219 (0.5403)  loss_class_dn_2: 0.4304 (0.4128)  loss_bbox_dn_2: 0.0532 (0.0506)  loss_giou_dn_2: 0.6123 (0.5247)  loss_class_dn_3: 0.4267 (0.4073)  loss_bbox_dn_3: 0.0532 (0.0504)  loss_giou_dn_3: 0.6100 (0.5229)  loss_class_dn_4: 0.4268 (0.4056)  loss_bbox_dn_4: 0.0533 (0.0503)  loss_giou_dn_4: 0.6073 (0.5225)  loss_position: 0.2784 (0.3069)  loss_class_hybrid: 0.5539 (0.5527)  loss_bbox_hybrid: 0.0782 (0.0736)  loss_giou_hybrid: 0.7040 (0.6543)  loss_class_0_hybrid: 0.6010 (0.5755)  loss_bbox_0_hybrid: 0.0946 (0.0828)  loss_giou_0_hybrid: 0.7288 (0.6987)  loss_class_1_hybrid: 0.5648 (0.5623)  loss_bbox_1_hybrid: 0.0836 (0.0766)  loss_giou_1_hybrid: 0.7161 (0.6678)  loss_class_2_hybrid: 0.5662 (0.5560)  loss_bbox_2_hybrid: 0.0827 (0.0750)  loss_giou_2_hybrid: 0.6948 (0.6585)  loss_class_3_hybrid: 0.5490 (0.5530)  loss_bbox_3_hybrid: 0.0787 (0.0741)  loss_giou_3_hybrid: 0.7039 (0.6552)  loss_class_4_hybrid: 0.5499 (0.5526)  loss_bbox_4_hybrid: 0.0782 (0.0736)  loss_giou_4_hybrid: 0.7045 (0.6547)  loss_class_enc_hybrid: 0.5701 (0.5439)  loss_bbox_enc_hybrid: 0.1058 (0.1073)  loss_giou_enc_hybrid: 0.8220 (0.8355)  mem: 786  max mem: 4458
[2026-08-04 15:56:54 accelerate.tracking]: [RANK 0] Successfully logged to TensorBoard
[2026-08-04 15:57:14 det.util.engine]: Epoch: [12]  [1600/6471]  eta: 0:33:01  lr: 0.000010  data_time: 0.0009  iter_time: 0.3821  loss: 24.9468 (24.4146)  loss_class: 0.5685 (0.5691)  loss_bbox: 0.0479 (0.0547)  loss_giou: 0.4980 (0.5598)  loss_class_0: 0.7245 (0.7106)  loss_bbox_0: 0.0487 (0.0574)  loss_giou_0: 0.5358 (0.5747)  loss_class_1: 0.6023 (0.6075)  loss_bbox_1: 0.0476 (0.0555)  loss_giou_1: 0.4950 (0.5634)  loss_class_2: 0.5881 (0.5838)  loss_bbox_2: 0.0497 (0.0549)  loss_giou_2: 0.4949 (0.5602)  loss_class_3: 0.5733 (0.5738)  loss_bbox_3: 0.0487 (0.0548)  loss_giou_3: 0.4997 (0.5597)  loss_class_4: 0.5663 (0.5708)  loss_bbox_4: 0.0479 (0.0547)  loss_giou_4: 0.4978 (0.5595)  loss_class_enc: 0.6466 (0.6690)  loss_bbox_enc: 0.0670 (0.0709)  loss_giou_enc: 0.6092 (0.6481)  loss_class_dn: 0.4070 (0.4052)  loss_bbox_dn: 0.0431 (0.0504)  loss_giou_dn: 0.5449 (0.5222)  loss_class_dn_0: 0.4718 (0.4765)  loss_bbox_dn_0: 0.0564 (0.0666)  loss_giou_dn_0: 0.6263 (0.6228)  loss_class_dn_1: 0.4318 (0.4296)  loss_bbox_dn_1: 0.0489 (0.0532)  loss_giou_dn_1: 0.5666 (0.5400)  loss_class_dn_2: 0.4162 (0.4128)  loss_bbox_dn_2: 0.0441 (0.0508)  loss_giou_dn_2: 0.5450 (0.5243)  loss_class_dn_3: 0.4113 (0.4072)  loss_bbox_dn_3: 0.0437 (0.0505)  loss_giou_dn_3: 0.5447 (0.5226)  loss_class_dn_4: 0.4061 (0.4055)  loss_bbox_dn_4: 0.0431 (0.0504)  loss_giou_dn_4: 0.5448 (0.5221)  loss_position: 0.2787 (0.3065)  loss_class_hybrid: 0.5234 (0.5522)  loss_bbox_hybrid: 0.0618 (0.0738)  loss_giou_hybrid: 0.6717 (0.6543)  loss_class_0_hybrid: 0.5403 (0.5752)  loss_bbox_0_hybrid: 0.0826 (0.0830)  loss_giou_0_hybrid: 0.7406 (0.6987)  loss_class_1_hybrid: 0.5294 (0.5620)  loss_bbox_1_hybrid: 0.0696 (0.0768)  loss_giou_1_hybrid: 0.7022 (0.6677)  loss_class_2_hybrid: 0.5215 (0.5557)  loss_bbox_2_hybrid: 0.0653 (0.0752)  loss_giou_2_hybrid: 0.6820 (0.6584)  loss_class_3_hybrid: 0.5230 (0.5526)  loss_bbox_3_hybrid: 0.0627 (0.0743)  loss_giou_3_hybrid: 0.6751 (0.6551)  loss_class_4_hybrid: 0.5302 (0.5522)  loss_bbox_4_hybrid: 0.0617 (0.0738)  loss_giou_4_hybrid: 0.6742 (0.6546)  loss_class_enc_hybrid: 0.5730 (0.5439)  loss_bbox_enc_hybrid: 0.0994 (0.1075)  loss_giou_enc_hybrid: 0.8147 (0.8353)  mem: 788  max mem: 4458
[2026-08-04 15:57:14 accelerate.tracking]: [RANK 0] Successfully logged to TensorBoard
[2026-08-04 15:57:32 det.util.engine]: Epoch: [12]  [1650/6471]  eta: 0:32:34  lr: 0.000010  data_time: 0.0010  iter_time: 0.3700  loss: 23.0113 (24.4167)  loss_class: 0.5449 (0.5690)  loss_bbox: 0.0437 (0.0548)  loss_giou: 0.4442 (0.5601)  loss_class_0: 0.6671 (0.7104)  loss_bbox_0: 0.0430 (0.0574)  loss_giou_0: 0.4394 (0.5749)  loss_class_1: 0.5716 (0.6074)  loss_bbox_1: 0.0467 (0.0556)  loss_giou_1: 0.4287 (0.5637)  loss_class_2: 0.5535 (0.5836)  loss_bbox_2: 0.0439 (0.0550)  loss_giou_2: 0.4398 (0.5605)  loss_class_3: 0.5445 (0.5737)  loss_bbox_3: 0.0438 (0.0549)  loss_giou_3: 0.4430 (0.5601)  loss_class_4: 0.5530 (0.5707)  loss_bbox_4: 0.0437 (0.0547)  loss_giou_4: 0.4443 (0.5598)  loss_class_enc: 0.6548 (0.6689)  loss_bbox_enc: 0.0637 (0.0710)  loss_giou_enc: 0.4613 (0.6485)  loss_class_dn: 0.3971 (0.4053)  loss_bbox_dn: 0.0400 (0.0504)  loss_giou_dn: 0.4410 (0.5217)  loss_class_dn_0: 0.4552 (0.4766)  loss_bbox_dn_0: 0.0593 (0.0667)  loss_giou_dn_0: 0.5190 (0.6223)  loss_class_dn_1: 0.4098 (0.4297)  loss_bbox_dn_1: 0.0422 (0.0532)  loss_giou_dn_1: 0.4653 (0.5396)  loss_class_dn_2: 0.4044 (0.4128)  loss_bbox_dn_2: 0.0400 (0.0508)  loss_giou_dn_2: 0.4418 (0.5239)  loss_class_dn_3: 0.4017 (0.4072)  loss_bbox_dn_3: 0.0397 (0.0505)  loss_giou_dn_3: 0.4418 (0.5221)  loss_class_dn_4: 0.3980 (0.4056)  loss_bbox_dn_4: 0.0400 (0.0504)  loss_giou_dn_4: 0.4412 (0.5216)  loss_position: 0.2445 (0.3068)  loss_class_hybrid: 0.5515 (0.5522)  loss_bbox_hybrid: 0.0554 (0.0740)  loss_giou_hybrid: 0.4427 (0.6545)  loss_class_0_hybrid: 0.5866 (0.5751)  loss_bbox_0_hybrid: 0.0565 (0.0832)  loss_giou_0_hybrid: 0.4445 (0.6987)  loss_class_1_hybrid: 0.5588 (0.5620)  loss_bbox_1_hybrid: 0.0563 (0.0770)  loss_giou_1_hybrid: 0.4326 (0.6678)  loss_class_2_hybrid: 0.5543 (0.5557)  loss_bbox_2_hybrid: 0.0565 (0.0754)  loss_giou_2_hybrid: 0.4414 (0.6586)  loss_class_3_hybrid: 0.5483 (0.5526)  loss_bbox_3_hybrid: 0.0540 (0.0746)  loss_giou_3_hybrid: 0.4409 (0.6553)  loss_class_4_hybrid: 0.5488 (0.5522)  loss_bbox_4_hybrid: 0.0554 (0.0741)  loss_giou_4_hybrid: 0.4427 (0.6548)  loss_class_enc_hybrid: 0.5832 (0.5441)  loss_bbox_enc_hybrid: 0.0827 (0.1076)  loss_giou_enc_hybrid: 0.5342 (0.8351)  mem: 788  max mem: 4458
[2026-08-04 15:57:32 accelerate.tracking]: [RANK 0] Successfully logged to TensorBoard
[2026-08-04 15:57:51 det.util.engine]: Epoch: [12]  [1700/6471]  eta: 0:32:09  lr: 0.000010  data_time: 0.0010  iter_time: 0.3591  loss: 23.9958 (24.4121)  loss_class: 0.5448 (0.5691)  loss_bbox: 0.0531 (0.0548)  loss_giou: 0.5464 (0.5599)  loss_class_0: 0.6756 (0.7107)  loss_bbox_0: 0.0547 (0.0574)  loss_giou_0: 0.5178 (0.5744)  loss_class_1: 0.5919 (0.6077)  loss_bbox_1: 0.0552 (0.0556)  loss_giou_1: 0.5328 (0.5634)  loss_class_2: 0.5612 (0.5838)  loss_bbox_2: 0.0543 (0.0550)  loss_giou_2: 0.5371 (0.5603)  loss_class_3: 0.5485 (0.5738)  loss_bbox_3: 0.0530 (0.0549)  loss_giou_3: 0.5478 (0.5599)  loss_class_4: 0.5450 (0.5709)  loss_bbox_4: 0.0531 (0.0548)  loss_giou_4: 0.5393 (0.5596)  loss_class_enc: 0.6632 (0.6693)  loss_bbox_enc: 0.0639 (0.0710)  loss_giou_enc: 0.5719 (0.6479)  loss_class_dn: 0.4003 (0.4054)  loss_bbox_dn: 0.0407 (0.0505)  loss_giou_dn: 0.5225 (0.5216)  loss_class_dn_0: 0.4703 (0.4767)  loss_bbox_dn_0: 0.0575 (0.0667)  loss_giou_dn_0: 0.6241 (0.6221)  loss_class_dn_1: 0.4277 (0.4298)  loss_bbox_dn_1: 0.0431 (0.0532)  loss_giou_dn_1: 0.5417 (0.5394)  loss_class_dn_2: 0.4112 (0.4129)  loss_bbox_dn_2: 0.0408 (0.0508)  loss_giou_dn_2: 0.5251 (0.5238)  loss_class_dn_3: 0.4036 (0.4072)  loss_bbox_dn_3: 0.0403 (0.0506)  loss_giou_dn_3: 0.5221 (0.5220)  loss_class_dn_4: 0.4038 (0.4056)  loss_bbox_dn_4: 0.0407 (0.0505)  loss_giou_dn_4: 0.5225 (0.5216)  loss_position: 0.2681 (0.3058)  loss_class_hybrid: 0.5450 (0.5524)  loss_bbox_hybrid: 0.0648 (0.0739)  loss_giou_hybrid: 0.5800 (0.6541)  loss_class_0_hybrid: 0.5585 (0.5752)  loss_bbox_0_hybrid: 0.0701 (0.0830)  loss_giou_0_hybrid: 0.6100 (0.6980)  loss_class_1_hybrid: 0.5625 (0.5623)  loss_bbox_1_hybrid: 0.0696 (0.0769)  loss_giou_1_hybrid: 0.5887 (0.6673)  loss_class_2_hybrid: 0.5506 (0.5559)  loss_bbox_2_hybrid: 0.0663 (0.0753)  loss_giou_2_hybrid: 0.5829 (0.6581)  loss_class_3_hybrid: 0.5503 (0.5529)  loss_bbox_3_hybrid: 0.0651 (0.0745)  loss_giou_3_hybrid: 0.5826 (0.6549)  loss_class_4_hybrid: 0.5479 (0.5525)  loss_bbox_4_hybrid: 0.0648 (0.0740)  loss_giou_4_hybrid: 0.5792 (0.6544)  loss_class_enc_hybrid: 0.5489 (0.5444)  loss_bbox_enc_hybrid: 0.0887 (0.1074)  loss_giou_enc_hybrid: 0.7234 (0.8340)  mem: 791  max mem: 4458
[2026-08-04 15:57:51 accelerate.tracking]: [RANK 0] Successfully logged to TensorBoard
[2026-08-04 15:58:16 det.util.engine]: Epoch: [12]  [1750/6471]  eta: 0:32:04  lr: 0.000010  data_time: 0.0010  iter_time: 0.7166  loss: 24.7539 (24.4338)  loss_class: 0.5667 (0.5696)  loss_bbox: 0.0480 (0.0549)  loss_giou: 0.5781 (0.5602)  loss_class_0: 0.6554 (0.7116)  loss_bbox_0: 0.0524 (0.0575)  loss_giou_0: 0.5515 (0.5748)  loss_class_1: 0.6006 (0.6087)  loss_bbox_1: 0.0496 (0.0557)  loss_giou_1: 0.5748 (0.5636)  loss_class_2: 0.5804 (0.5848)  loss_bbox_2: 0.0496 (0.0550)  loss_giou_2: 0.5844 (0.5604)  loss_class_3: 0.5753 (0.5747)  loss_bbox_3: 0.0485 (0.0550)  loss_giou_3: 0.5787 (0.5601)  loss_class_4: 0.5725 (0.5716)  loss_bbox_4: 0.0482 (0.0548)  loss_giou_4: 0.5782 (0.5599)  loss_class_enc: 0.6366 (0.6695)  loss_bbox_enc: 0.0611 (0.0711)  loss_giou_enc: 0.6697 (0.6482)  loss_class_dn: 0.4122 (0.4055)  loss_bbox_dn: 0.0416 (0.0505)  loss_giou_dn: 0.5466 (0.5219)  loss_class_dn_0: 0.4631 (0.4766)  loss_bbox_dn_0: 0.0569 (0.0667)  loss_giou_dn_0: 0.6459 (0.6221)  loss_class_dn_1: 0.4353 (0.4299)  loss_bbox_dn_1: 0.0433 (0.0533)  loss_giou_dn_1: 0.5745 (0.5396)  loss_class_dn_2: 0.4183 (0.4130)  loss_bbox_dn_2: 0.0420 (0.0508)  loss_giou_dn_2: 0.5467 (0.5240)  loss_class_dn_3: 0.4130 (0.4074)  loss_bbox_dn_3: 0.0416 (0.0506)  loss_giou_dn_3: 0.5456 (0.5223)  loss_class_dn_4: 0.4127 (0.4057)  loss_bbox_dn_4: 0.0415 (0.0505)  loss_giou_dn_4: 0.5466 (0.5218)  loss_position: 0.2715 (0.3068)  loss_class_hybrid: 0.5168 (0.5527)  loss_bbox_hybrid: 0.0610 (0.0746)  loss_giou_hybrid: 0.6265 (0.6547)  loss_class_0_hybrid: 0.5411 (0.5756)  loss_bbox_0_hybrid: 0.0679 (0.0838)  loss_giou_0_hybrid: 0.6616 (0.6987)  loss_class_1_hybrid: 0.5149 (0.5626)  loss_bbox_1_hybrid: 0.0632 (0.0777)  loss_giou_1_hybrid: 0.6240 (0.6680)  loss_class_2_hybrid: 0.5075 (0.5561)  loss_bbox_2_hybrid: 0.0621 (0.0760)  loss_giou_2_hybrid: 0.6354 (0.6588)  loss_class_3_hybrid: 0.5203 (0.5532)  loss_bbox_3_hybrid: 0.0611 (0.0752)  loss_giou_3_hybrid: 0.6265 (0.6556)  loss_class_4_hybrid: 0.5138 (0.5528)  loss_bbox_4_hybrid: 0.0606 (0.0747)  loss_giou_4_hybrid: 0.6274 (0.6550)  loss_class_enc_hybrid: 0.5397 (0.5447)  loss_bbox_enc_hybrid: 0.0934 (0.1082)  loss_giou_enc_hybrid: 0.7908 (0.8346)  mem: 795  max mem: 4549
[2026-08-04 15:58:16 accelerate.tracking]: [RANK 0] Successfully logged to TensorBoard
[2026-08-04 15:58:36 det.util.engine]: Epoch: [12]  [1800/6471]  eta: 0:31:43  lr: 0.000010  data_time: 0.0009  iter_time: 0.4086  loss: 23.6754 (24.4412)  loss_class: 0.5062 (0.5695)  loss_bbox: 0.0575 (0.0550)  loss_giou: 0.5061 (0.5608)  loss_class_0: 0.6566 (0.7110)  loss_bbox_0: 0.0615 (0.0576)  loss_giou_0: 0.5300 (0.5754)  loss_class_1: 0.5326 (0.6084)  loss_bbox_1: 0.0587 (0.0557)  loss_giou_1: 0.5213 (0.5642)  loss_class_2: 0.5320 (0.5846)  loss_bbox_2: 0.0548 (0.0551)  loss_giou_2: 0.5197 (0.5610)  loss_class_3: 0.5175 (0.5745)  loss_bbox_3: 0.0550 (0.0550)  loss_giou_3: 0.5211 (0.5607)  loss_class_4: 0.5046 (0.5714)  loss_bbox_4: 0.0575 (0.0549)  loss_giou_4: 0.5128 (0.5605)  loss_class_enc: 0.6517 (0.6693)  loss_bbox_enc: 0.0647 (0.0711)  loss_giou_enc: 0.5747 (0.6485)  loss_class_dn: 0.4192 (0.4056)  loss_bbox_dn: 0.0367 (0.0505)  loss_giou_dn: 0.4702 (0.5219)  loss_class_dn_0: 0.4774 (0.4766)  loss_bbox_dn_0: 0.0569 (0.0667)  loss_giou_dn_0: 0.5887 (0.6222)  loss_class_dn_1: 0.4424 (0.4299)  loss_bbox_dn_1: 0.0410 (0.0532)  loss_giou_dn_1: 0.4966 (0.5398)  loss_class_dn_2: 0.4327 (0.4131)  loss_bbox_dn_2: 0.0373 (0.0508)  loss_giou_dn_2: 0.4719 (0.5241)  loss_class_dn_3: 0.4188 (0.4075)  loss_bbox_dn_3: 0.0364 (0.0506)  loss_giou_dn_3: 0.4718 (0.5224)  loss_class_dn_4: 0.4201 (0.4059)  loss_bbox_dn_4: 0.0367 (0.0505)  loss_giou_dn_4: 0.4703 (0.5219)  loss_position: 0.2832 (0.3068)  loss_class_hybrid: 0.5214 (0.5524)  loss_bbox_hybrid: 0.0692 (0.0747)  loss_giou_hybrid: 0.5644 (0.6557)  loss_class_0_hybrid: 0.5219 (0.5751)  loss_bbox_0_hybrid: 0.0828 (0.0838)  loss_giou_0_hybrid: 0.5854 (0.6996)  loss_class_1_hybrid: 0.5112 (0.5622)  loss_bbox_1_hybrid: 0.0729 (0.0777)  loss_giou_1_hybrid: 0.5688 (0.6689)  loss_class_2_hybrid: 0.4949 (0.5558)  loss_bbox_2_hybrid: 0.0691 (0.0761)  loss_giou_2_hybrid: 0.5631 (0.6597)  loss_class_3_hybrid: 0.5041 (0.5529)  loss_bbox_3_hybrid: 0.0697 (0.0752)  loss_giou_3_hybrid: 0.5612 (0.6565)  loss_class_4_hybrid: 0.5128 (0.5525)  loss_bbox_4_hybrid: 0.0692 (0.0747)  loss_giou_4_hybrid: 0.5631 (0.6559)  loss_class_enc_hybrid: 0.5335 (0.5445)  loss_bbox_enc_hybrid: 0.1094 (0.1081)  loss_giou_enc_hybrid: 0.6545 (0.8352)  mem: 793  max mem: 4549
[2026-08-04 15:58:36 accelerate.tracking]: [RANK 0] Successfully logged to TensorBoard
[2026-08-04 15:58:55 det.util.engine]: Epoch: [12]  [1850/6471]  eta: 0:31:17  lr: 0.000010  data_time: 0.0009  iter_time: 0.3512  loss: 23.8391 (24.4424)  loss_class: 0.5621 (0.5695)  loss_bbox: 0.0455 (0.0549)  loss_giou: 0.4720 (0.5605)  loss_class_0: 0.6819 (0.7110)  loss_bbox_0: 0.0489 (0.0576)  loss_giou_0: 0.4911 (0.5751)  loss_class_1: 0.6104 (0.6085)  loss_bbox_1: 0.0469 (0.0557)  loss_giou_1: 0.4800 (0.5640)  loss_class_2: 0.5950 (0.5848)  loss_bbox_2: 0.0465 (0.0550)  loss_giou_2: 0.4742 (0.5607)  loss_class_3: 0.5596 (0.5746)  loss_bbox_3: 0.0459 (0.0550)  loss_giou_3: 0.4726 (0.5604)  loss_class_4: 0.5636 (0.5715)  loss_bbox_4: 0.0455 (0.0548)  loss_giou_4: 0.4848 (0.5601)  loss_class_enc: 0.6642 (0.6696)  loss_bbox_enc: 0.0560 (0.0711)  loss_giou_enc: 0.5178 (0.6482)  loss_class_dn: 0.3857 (0.4053)  loss_bbox_dn: 0.0404 (0.0506)  loss_giou_dn: 0.4511 (0.5218)  loss_class_dn_0: 0.4745 (0.4764)  loss_bbox_dn_0: 0.0593 (0.0668)  loss_giou_dn_0: 0.5499 (0.6220)  loss_class_dn_1: 0.4333 (0.4296)  loss_bbox_dn_1: 0.0431 (0.0534)  loss_giou_dn_1: 0.4751 (0.5397)  loss_class_dn_2: 0.4039 (0.4127)  loss_bbox_dn_2: 0.0407 (0.0509)  loss_giou_dn_2: 0.4492 (0.5240)  loss_class_dn_3: 0.3905 (0.4072)  loss_bbox_dn_3: 0.0404 (0.0507)  loss_giou_dn_3: 0.4506 (0.5222)  loss_class_dn_4: 0.3873 (0.4055)  loss_bbox_dn_4: 0.0404 (0.0506)  loss_giou_dn_4: 0.4511 (0.5217)  loss_position: 0.3115 (0.3111)  loss_class_hybrid: 0.5134 (0.5523)  loss_bbox_hybrid: 0.0629 (0.0746)  loss_giou_hybrid: 0.4923 (0.6559)  loss_class_0_hybrid: 0.5250 (0.5751)  loss_bbox_0_hybrid: 0.0664 (0.0837)  loss_giou_0_hybrid: 0.5329 (0.6997)  loss_class_1_hybrid: 0.5085 (0.5622)  loss_bbox_1_hybrid: 0.0662 (0.0776)  loss_giou_1_hybrid: 0.5027 (0.6691)  loss_class_2_hybrid: 0.5141 (0.5558)  loss_bbox_2_hybrid: 0.0653 (0.0760)  loss_giou_2_hybrid: 0.4837 (0.6599)  loss_class_3_hybrid: 0.5153 (0.5527)  loss_bbox_3_hybrid: 0.0635 (0.0751)  loss_giou_3_hybrid: 0.4796 (0.6567)  loss_class_4_hybrid: 0.5177 (0.5523)  loss_bbox_4_hybrid: 0.0629 (0.0746)  loss_giou_4_hybrid: 0.4867 (0.6562)  loss_class_enc_hybrid: 0.5476 (0.5445)  loss_bbox_enc_hybrid: 0.0913 (0.1082)  loss_giou_enc_hybrid: 0.6715 (0.8355)  mem: 787  max mem: 4549
[2026-08-04 15:58:55 accelerate.tracking]: [RANK 0] Successfully logged to TensorBoard
[2026-08-04 15:59:16 det.util.engine]: Epoch: [12]  [1900/6471]  eta: 0:30:59  lr: 0.000010  data_time: 0.0009  iter_time: 0.4780  loss: 23.5734 (24.4325)  loss_class: 0.5365 (0.5687)  loss_bbox: 0.0456 (0.0549)  loss_giou: 0.5989 (0.5608)  loss_class_0: 0.6682 (0.7098)  loss_bbox_0: 0.0522 (0.0575)  loss_giou_0: 0.6229 (0.5754)  loss_class_1: 0.5653 (0.6076)  loss_bbox_1: 0.0471 (0.0557)  loss_giou_1: 0.6088 (0.5642)  loss_class_2: 0.5338 (0.5840)  loss_bbox_2: 0.0458 (0.0550)  loss_giou_2: 0.6024 (0.5610)  loss_class_3: 0.5418 (0.5738)  loss_bbox_3: 0.0458 (0.0550)  loss_giou_3: 0.5987 (0.5607)  loss_class_4: 0.5346 (0.5707)  loss_bbox_4: 0.0455 (0.0548)  loss_giou_4: 0.5970 (0.5604)  loss_class_enc: 0.6310 (0.6688)  loss_bbox_enc: 0.0540 (0.0711)  loss_giou_enc: 0.6566 (0.6483)  loss_class_dn: 0.4119 (0.4051)  loss_bbox_dn: 0.0398 (0.0505)  loss_giou_dn: 0.5054 (0.5216)  loss_class_dn_0: 0.4844 (0.4762)  loss_bbox_dn_0: 0.0529 (0.0667)  loss_giou_dn_0: 0.5980 (0.6218)  loss_class_dn_1: 0.4270 (0.4294)  loss_bbox_dn_1: 0.0426 (0.0533)  loss_giou_dn_1: 0.5214 (0.5395)  loss_class_dn_2: 0.4200 (0.4125)  loss_bbox_dn_2: 0.0400 (0.0508)  loss_giou_dn_2: 0.4990 (0.5238)  loss_class_dn_3: 0.4167 (0.4070)  loss_bbox_dn_3: 0.0397 (0.0506)  loss_giou_dn_3: 0.5010 (0.5221)  loss_class_dn_4: 0.4132 (0.4054)  loss_bbox_dn_4: 0.0398 (0.0505)  loss_giou_dn_4: 0.5032 (0.5216)  loss_position: 0.2740 (0.3110)  loss_class_hybrid: 0.5233 (0.5514)  loss_bbox_hybrid: 0.0584 (0.0746)  loss_giou_hybrid: 0.6409 (0.6563)  loss_class_0_hybrid: 0.5644 (0.5744)  loss_bbox_0_hybrid: 0.0708 (0.0838)  loss_giou_0_hybrid: 0.6674 (0.7000)  loss_class_1_hybrid: 0.5353 (0.5613)  loss_bbox_1_hybrid: 0.0635 (0.0777)  loss_giou_1_hybrid: 0.6509 (0.6695)  loss_class_2_hybrid: 0.5258 (0.5548)  loss_bbox_2_hybrid: 0.0584 (0.0760)  loss_giou_2_hybrid: 0.6471 (0.6603)  loss_class_3_hybrid: 0.5284 (0.5519)  loss_bbox_3_hybrid: 0.0576 (0.0752)  loss_giou_3_hybrid: 0.6463 (0.6571)  loss_class_4_hybrid: 0.5281 (0.5514)  loss_bbox_4_hybrid: 0.0584 (0.0747)  loss_giou_4_hybrid: 0.6459 (0.6566)  loss_class_enc_hybrid: 0.5399 (0.5440)  loss_bbox_enc_hybrid: 0.0953 (0.1083)  loss_giou_enc_hybrid: 0.7937 (0.8357)  mem: 785  max mem: 4549
[2026-08-04 15:59:16 accelerate.tracking]: [RANK 0] Successfully logged to TensorBoard
[2026-08-04 15:59:34 det.util.engine]: Epoch: [12]  [1950/6471]  eta: 0:30:34  lr: 0.000010  data_time: 0.0009  iter_time: 0.3530  loss: 25.1351 (24.4373)  loss_class: 0.5472 (0.5688)  loss_bbox: 0.0551 (0.0548)  loss_giou: 0.5417 (0.5611)  loss_class_0: 0.7070 (0.7093)  loss_bbox_0: 0.0583 (0.0575)  loss_giou_0: 0.5570 (0.5758)  loss_class_1: 0.5783 (0.6073)  loss_bbox_1: 0.0571 (0.0556)  loss_giou_1: 0.5347 (0.5646)  loss_class_2: 0.5542 (0.5841)  loss_bbox_2: 0.0549 (0.0549)  loss_giou_2: 0.5433 (0.5613)  loss_class_3: 0.5457 (0.5739)  loss_bbox_3: 0.0546 (0.0549)  loss_giou_3: 0.5500 (0.5610)  loss_class_4: 0.5520 (0.5708)  loss_bbox_4: 0.0548 (0.0547)  loss_giou_4: 0.5420 (0.5607)  loss_class_enc: 0.6650 (0.6688)  loss_bbox_enc: 0.0663 (0.0709)  loss_giou_enc: 0.6271 (0.6486)  loss_class_dn: 0.4185 (0.4050)  loss_bbox_dn: 0.0473 (0.0504)  loss_giou_dn: 0.5741 (0.5219)  loss_class_dn_0: 0.4653 (0.4761)  loss_bbox_dn_0: 0.0674 (0.0666)  loss_giou_dn_0: 0.6971 (0.6221)  loss_class_dn_1: 0.4471 (0.4293)  loss_bbox_dn_1: 0.0508 (0.0532)  loss_giou_dn_1: 0.5941 (0.5399)  loss_class_dn_2: 0.4271 (0.4124)  loss_bbox_dn_2: 0.0479 (0.0507)  loss_giou_dn_2: 0.5785 (0.5240)  loss_class_dn_3: 0.4193 (0.4069)  loss_bbox_dn_3: 0.0475 (0.0505)  loss_giou_dn_3: 0.5748 (0.5223)  loss_class_dn_4: 0.4194 (0.4052)  loss_bbox_dn_4: 0.0473 (0.0504)  loss_giou_dn_4: 0.5742 (0.5219)  loss_position: 0.3128 (0.3110)  loss_class_hybrid: 0.5587 (0.5513)  loss_bbox_hybrid: 0.0709 (0.0745)  loss_giou_hybrid: 0.5779 (0.6570)  loss_class_0_hybrid: 0.5609 (0.5741)  loss_bbox_0_hybrid: 0.0778 (0.0837)  loss_giou_0_hybrid: 0.6233 (0.7008)  loss_class_1_hybrid: 0.5496 (0.5611)  loss_bbox_1_hybrid: 0.0739 (0.0776)  loss_giou_1_hybrid: 0.5937 (0.6702)  loss_class_2_hybrid: 0.5506 (0.5548)  loss_bbox_2_hybrid: 0.0727 (0.0759)  loss_giou_2_hybrid: 0.5776 (0.6610)  loss_class_3_hybrid: 0.5580 (0.5518)  loss_bbox_3_hybrid: 0.0699 (0.0750)  loss_giou_3_hybrid: 0.5758 (0.6578)  loss_class_4_hybrid: 0.5606 (0.5513)  loss_bbox_4_hybrid: 0.0709 (0.0745)  loss_giou_4_hybrid: 0.5772 (0.6573)  loss_class_enc_hybrid: 0.5196 (0.5436)  loss_bbox_enc_hybrid: 0.1030 (0.1081)  loss_giou_enc_hybrid: 0.7432 (0.8367)  mem: 794  max mem: 4549
[2026-08-04 15:59:34 accelerate.tracking]: [RANK 0] Successfully logged to TensorBoard
[2026-08-04 15:59:55 det.util.engine]: Epoch: [12]  [2000/6471]  eta: 0:30:14  lr: 0.000010  data_time: 0.0009  iter_time: 0.4969  loss: 27.3462 (24.4764)  loss_class: 0.5679 (0.5697)  loss_bbox: 0.0598 (0.0549)  loss_giou: 0.6221 (0.5622)  loss_class_0: 0.7471 (0.7103)  loss_bbox_0: 0.0689 (0.0576)  loss_giou_0: 0.6201 (0.5769)  loss_class_1: 0.6033 (0.6080)  loss_bbox_1: 0.0641 (0.0557)  loss_giou_1: 0.6114 (0.5657)  loss_class_2: 0.5836 (0.5849)  loss_bbox_2: 0.0671 (0.0550)  loss_giou_2: 0.6099 (0.5623)  loss_class_3: 0.5621 (0.5748)  loss_bbox_3: 0.0585 (0.0550)  loss_giou_3: 0.6148 (0.5620)  loss_class_4: 0.5643 (0.5717)  loss_bbox_4: 0.0598 (0.0548)  loss_giou_4: 0.6222 (0.5618)  loss_class_enc: 0.6581 (0.6699)  loss_bbox_enc: 0.0774 (0.0710)  loss_giou_enc: 0.6695 (0.6497)  loss_class_dn: 0.4210 (0.4054)  loss_bbox_dn: 0.0494 (0.0504)  loss_giou_dn: 0.5365 (0.5228)  loss_class_dn_0: 0.4939 (0.4764)  loss_bbox_dn_0: 0.0629 (0.0667)  loss_giou_dn_0: 0.6512 (0.6230)  loss_class_dn_1: 0.4487 (0.4297)  loss_bbox_dn_1: 0.0505 (0.0532)  loss_giou_dn_1: 0.5683 (0.5408)  loss_class_dn_2: 0.4316 (0.4127)  loss_bbox_dn_2: 0.0493 (0.0508)  loss_giou_dn_2: 0.5469 (0.5249)  loss_class_dn_3: 0.4266 (0.4072)  loss_bbox_dn_3: 0.0491 (0.0505)  loss_giou_dn_3: 0.5416 (0.5232)  loss_class_dn_4: 0.4203 (0.4056)  loss_bbox_dn_4: 0.0493 (0.0504)  loss_giou_dn_4: 0.5355 (0.5228)  loss_position: 0.3123 (0.3116)  loss_class_hybrid: 0.5240 (0.5517)  loss_bbox_hybrid: 0.0794 (0.0748)  loss_giou_hybrid: 0.6492 (0.6587)  loss_class_0_hybrid: 0.5968 (0.5743)  loss_bbox_0_hybrid: 0.0933 (0.0840)  loss_giou_0_hybrid: 0.6974 (0.7026)  loss_class_1_hybrid: 0.5648 (0.5615)  loss_bbox_1_hybrid: 0.0837 (0.0779)  loss_giou_1_hybrid: 0.6781 (0.6719)  loss_class_2_hybrid: 0.5419 (0.5551)  loss_bbox_2_hybrid: 0.0801 (0.0762)  loss_giou_2_hybrid: 0.6522 (0.6626)  loss_class_3_hybrid: 0.5304 (0.5522)  loss_bbox_3_hybrid: 0.0800 (0.0754)  loss_giou_3_hybrid: 0.6669 (0.6594)  loss_class_4_hybrid: 0.5178 (0.5517)  loss_bbox_4_hybrid: 0.0797 (0.0749)  loss_giou_4_hybrid: 0.6519 (0.6589)  loss_class_enc_hybrid: 0.5738 (0.5437)  loss_bbox_enc_hybrid: 0.1251 (0.1084)  loss_giou_enc_hybrid: 0.8594 (0.8385)  mem: 785  max mem: 4549
[2026-08-04 15:59:55 accelerate.tracking]: [RANK 0] Successfully logged to TensorBoard
[2026-08-04 16:00:18 det.util.engine]: Epoch: [12]  [2050/6471]  eta: 0:29:59  lr: 0.000010  data_time: 0.0009  iter_time: 0.5863  loss: 25.9916 (24.4818)  loss_class: 0.5543 (0.5702)  loss_bbox: 0.0518 (0.0549)  loss_giou: 0.5996 (0.5619)  loss_class_0: 0.7066 (0.7109)  loss_bbox_0: 0.0538 (0.0576)  loss_giou_0: 0.5986 (0.5765)  loss_class_1: 0.6413 (0.6086)  loss_bbox_1: 0.0503 (0.0557)  loss_giou_1: 0.6036 (0.5653)  loss_class_2: 0.5944 (0.5855)  loss_bbox_2: 0.0518 (0.0550)  loss_giou_2: 0.5926 (0.5619)  loss_class_3: 0.5785 (0.5755)  loss_bbox_3: 0.0519 (0.0550)  loss_giou_3: 0.6006 (0.5617)  loss_class_4: 0.5733 (0.5721)  loss_bbox_4: 0.0518 (0.0548)  loss_giou_4: 0.5999 (0.5615)  loss_class_enc: 0.6603 (0.6705)  loss_bbox_enc: 0.0642 (0.0711)  loss_giou_enc: 0.6506 (0.6494)  loss_class_dn: 0.4202 (0.4052)  loss_bbox_dn: 0.0410 (0.0505)  loss_giou_dn: 0.5830 (0.5227)  loss_class_dn_0: 0.4628 (0.4764)  loss_bbox_dn_0: 0.0525 (0.0668)  loss_giou_dn_0: 0.6619 (0.6229)  loss_class_dn_1: 0.4355 (0.4296)  loss_bbox_dn_1: 0.0426 (0.0533)  loss_giou_dn_1: 0.5890 (0.5407)  loss_class_dn_2: 0.4198 (0.4126)  loss_bbox_dn_2: 0.0410 (0.0509)  loss_giou_dn_2: 0.5849 (0.5249)  loss_class_dn_3: 0.4238 (0.4071)  loss_bbox_dn_3: 0.0407 (0.0506)  loss_giou_dn_3: 0.5823 (0.5232)  loss_class_dn_4: 0.4203 (0.4055)  loss_bbox_dn_4: 0.0409 (0.0505)  loss_giou_dn_4: 0.5831 (0.5227)  loss_position: 0.2786 (0.3116)  loss_class_hybrid: 0.4947 (0.5521)  loss_bbox_hybrid: 0.0718 (0.0750)  loss_giou_hybrid: 0.7149 (0.6586)  loss_class_0_hybrid: 0.5366 (0.5747)  loss_bbox_0_hybrid: 0.0797 (0.0842)  loss_giou_0_hybrid: 0.7185 (0.7024)  loss_class_1_hybrid: 0.4971 (0.5620)  loss_bbox_1_hybrid: 0.0747 (0.0781)  loss_giou_1_hybrid: 0.7035 (0.6718)  loss_class_2_hybrid: 0.4919 (0.5556)  loss_bbox_2_hybrid: 0.0731 (0.0764)  loss_giou_2_hybrid: 0.7214 (0.6626)  loss_class_3_hybrid: 0.4946 (0.5527)  loss_bbox_3_hybrid: 0.0720 (0.0755)  loss_giou_3_hybrid: 0.7229 (0.6593)  loss_class_4_hybrid: 0.4937 (0.5521)  loss_bbox_4_hybrid: 0.0717 (0.0750)  loss_giou_4_hybrid: 0.7267 (0.6589)  loss_class_enc_hybrid: 0.5202 (0.5444)  loss_bbox_enc_hybrid: 0.0980 (0.1086)  loss_giou_enc_hybrid: 0.8706 (0.8381)  mem: 787  max mem: 4549
[2026-08-04 16:00:18 accelerate.tracking]: [RANK 0] Successfully logged to TensorBoard
[2026-08-04 16:00:39 det.util.engine]: Epoch: [12]  [2100/6471]  eta: 0:29:42  lr: 0.000010  data_time: 0.0010  iter_time: 0.5164  loss: 23.3375 (24.4820)  loss_class: 0.5564 (0.5705)  loss_bbox: 0.0449 (0.0547)  loss_giou: 0.4733 (0.5619)  loss_class_0: 0.6844 (0.7108)  loss_bbox_0: 0.0488 (0.0575)  loss_giou_0: 0.5100 (0.5764)  loss_class_1: 0.5827 (0.6087)  loss_bbox_1: 0.0433 (0.0555)  loss_giou_1: 0.4693 (0.5653)  loss_class_2: 0.5802 (0.5859)  loss_bbox_2: 0.0442 (0.0549)  loss_giou_2: 0.4672 (0.5619)  loss_class_3: 0.5662 (0.5758)  loss_bbox_3: 0.0441 (0.0548)  loss_giou_3: 0.4819 (0.5617)  loss_class_4: 0.5625 (0.5724)  loss_bbox_4: 0.0441 (0.0547)  loss_giou_4: 0.4856 (0.5615)  loss_class_enc: 0.6480 (0.6705)  loss_bbox_enc: 0.0571 (0.0708)  loss_giou_enc: 0.5892 (0.6492)  loss_class_dn: 0.4143 (0.4053)  loss_bbox_dn: 0.0434 (0.0503)  loss_giou_dn: 0.5339 (0.5229)  loss_class_dn_0: 0.4750 (0.4764)  loss_bbox_dn_0: 0.0528 (0.0666)  loss_giou_dn_0: 0.6070 (0.6229)  loss_class_dn_1: 0.4413 (0.4296)  loss_bbox_dn_1: 0.0453 (0.0532)  loss_giou_dn_1: 0.5557 (0.5409)  loss_class_dn_2: 0.4255 (0.4126)  loss_bbox_dn_2: 0.0446 (0.0507)  loss_giou_dn_2: 0.5347 (0.5251)  loss_class_dn_3: 0.4185 (0.4071)  loss_bbox_dn_3: 0.0437 (0.0505)  loss_giou_dn_3: 0.5318 (0.5233)  loss_class_dn_4: 0.4187 (0.4055)  loss_bbox_dn_4: 0.0434 (0.0503)  loss_giou_dn_4: 0.5336 (0.5228)  loss_position: 0.2684 (0.3107)  loss_class_hybrid: 0.5037 (0.5524)  loss_bbox_hybrid: 0.0537 (0.0748)  loss_giou_hybrid: 0.5919 (0.6588)  loss_class_0_hybrid: 0.5652 (0.5748)  loss_bbox_0_hybrid: 0.0588 (0.0840)  loss_giou_0_hybrid: 0.6375 (0.7025)  loss_class_1_hybrid: 0.5310 (0.5623)  loss_bbox_1_hybrid: 0.0535 (0.0779)  loss_giou_1_hybrid: 0.5990 (0.6720)  loss_class_2_hybrid: 0.5172 (0.5559)  loss_bbox_2_hybrid: 0.0543 (0.0762)  loss_giou_2_hybrid: 0.5960 (0.6627)  loss_class_3_hybrid: 0.5086 (0.5530)  loss_bbox_3_hybrid: 0.0542 (0.0753)  loss_giou_3_hybrid: 0.5904 (0.6595)  loss_class_4_hybrid: 0.5061 (0.5524)  loss_bbox_4_hybrid: 0.0539 (0.0748)  loss_giou_4_hybrid: 0.5954 (0.6590)  loss_class_enc_hybrid: 0.5542 (0.5446)  loss_bbox_enc_hybrid: 0.0749 (0.1083)  loss_giou_enc_hybrid: 0.7325 (0.8382)  mem: 788  max mem: 4549
[2026-08-04 16:00:39 accelerate.tracking]: [RANK 0] Successfully logged to TensorBoard
[2026-08-04 16:00:58 det.util.engine]: Epoch: [12]  [2150/6471]  eta: 0:29:17  lr: 0.000010  data_time: 0.0009  iter_time: 0.3622  loss: 23.6096 (24.4612)  loss_class: 0.5662 (0.5708)  loss_bbox: 0.0548 (0.0547)  loss_giou: 0.5070 (0.5606)  loss_class_0: 0.7374 (0.7113)  loss_bbox_0: 0.0543 (0.0575)  loss_giou_0: 0.5035 (0.5751)  loss_class_1: 0.6220 (0.6091)  loss_bbox_1: 0.0542 (0.0555)  loss_giou_1: 0.5194 (0.5639)  loss_class_2: 0.5975 (0.5861)  loss_bbox_2: 0.0559 (0.0549)  loss_giou_2: 0.5031 (0.5605)  loss_class_3: 0.5867 (0.5761)  loss_bbox_3: 0.0546 (0.0548)  loss_giou_3: 0.5067 (0.5603)  loss_class_4: 0.5714 (0.5727)  loss_bbox_4: 0.0546 (0.0547)  loss_giou_4: 0.5060 (0.5602)  loss_class_enc: 0.6727 (0.6708)  loss_bbox_enc: 0.0584 (0.0708)  loss_giou_enc: 0.5614 (0.6479)  loss_class_dn: 0.4142 (0.4052)  loss_bbox_dn: 0.0417 (0.0504)  loss_giou_dn: 0.4567 (0.5219)  loss_class_dn_0: 0.4814 (0.4763)  loss_bbox_dn_0: 0.0544 (0.0666)  loss_giou_dn_0: 0.5621 (0.6218)  loss_class_dn_1: 0.4356 (0.4294)  loss_bbox_dn_1: 0.0446 (0.0532)  loss_giou_dn_1: 0.4842 (0.5399)  loss_class_dn_2: 0.4209 (0.4125)  loss_bbox_dn_2: 0.0429 (0.0507)  loss_giou_dn_2: 0.4654 (0.5241)  loss_class_dn_3: 0.4110 (0.4070)  loss_bbox_dn_3: 0.0420 (0.0505)  loss_giou_dn_3: 0.4607 (0.5223)  loss_class_dn_4: 0.4088 (0.4054)  loss_bbox_dn_4: 0.0417 (0.0504)  loss_giou_dn_4: 0.4568 (0.5219)  loss_position: 0.3023 (0.3112)  loss_class_hybrid: 0.5761 (0.5532)  loss_bbox_hybrid: 0.0568 (0.0747)  loss_giou_hybrid: 0.4857 (0.6572)  loss_class_0_hybrid: 0.5875 (0.5756)  loss_bbox_0_hybrid: 0.0666 (0.0839)  loss_giou_0_hybrid: 0.5201 (0.7008)  loss_class_1_hybrid: 0.5763 (0.5629)  loss_bbox_1_hybrid: 0.0614 (0.0778)  loss_giou_1_hybrid: 0.5107 (0.6703)  loss_class_2_hybrid: 0.5718 (0.5566)  loss_bbox_2_hybrid: 0.0596 (0.0761)  loss_giou_2_hybrid: 0.4870 (0.6611)  loss_class_3_hybrid: 0.5699 (0.5537)  loss_bbox_3_hybrid: 0.0573 (0.0752)  loss_giou_3_hybrid: 0.4874 (0.6579)  loss_class_4_hybrid: 0.5680 (0.5531)  loss_bbox_4_hybrid: 0.0571 (0.0747)  loss_giou_4_hybrid: 0.4799 (0.6574)  loss_class_enc_hybrid: 0.5418 (0.5452)  loss_bbox_enc_hybrid: 0.0940 (0.1082)  loss_giou_enc_hybrid: 0.6837 (0.8364)  mem: 792  max mem: 4549
[2026-08-04 16:00:58 accelerate.tracking]: [RANK 0] Successfully logged to TensorBoard
[2026-08-04 16:01:19 det.util.engine]: Epoch: [12]  [2200/6471]  eta: 0:28:58  lr: 0.000010  data_time: 0.0009  iter_time: 0.3471  loss: 28.3009 (24.4794)  loss_class: 0.6387 (0.5708)  loss_bbox: 0.0517 (0.0549)  loss_giou: 0.6220 (0.5611)  loss_class_0: 0.7501 (0.7118)  loss_bbox_0: 0.0583 (0.0576)  loss_giou_0: 0.5864 (0.5755)  loss_class_1: 0.6817 (0.6094)  loss_bbox_1: 0.0541 (0.0556)  loss_giou_1: 0.5913 (0.5643)  loss_class_2: 0.6460 (0.5864)  loss_bbox_2: 0.0498 (0.0550)  loss_giou_2: 0.6038 (0.5610)  loss_class_3: 0.6448 (0.5762)  loss_bbox_3: 0.0502 (0.0549)  loss_giou_3: 0.6205 (0.5608)  loss_class_4: 0.6387 (0.5727)  loss_bbox_4: 0.0512 (0.0548)  loss_giou_4: 0.6207 (0.5607)  loss_class_enc: 0.6786 (0.6707)  loss_bbox_enc: 0.0650 (0.0711)  loss_giou_enc: 0.6754 (0.6486)  loss_class_dn: 0.4180 (0.4050)  loss_bbox_dn: 0.0504 (0.0505)  loss_giou_dn: 0.5880 (0.5223)  loss_class_dn_0: 0.4815 (0.4763)  loss_bbox_dn_0: 0.0652 (0.0669)  loss_giou_dn_0: 0.6855 (0.6223)  loss_class_dn_1: 0.4418 (0.4293)  loss_bbox_dn_1: 0.0520 (0.0534)  loss_giou_dn_1: 0.6027 (0.5403)  loss_class_dn_2: 0.4230 (0.4123)  loss_bbox_dn_2: 0.0505 (0.0509)  loss_giou_dn_2: 0.5889 (0.5245)  loss_class_dn_3: 0.4240 (0.4068)  loss_bbox_dn_3: 0.0504 (0.0507)  loss_giou_dn_3: 0.5876 (0.5227)  loss_class_dn_4: 0.4154 (0.4052)  loss_bbox_dn_4: 0.0504 (0.0505)  loss_giou_dn_4: 0.5883 (0.5222)  loss_position: 0.3353 (0.3119)  loss_class_hybrid: 0.5597 (0.5531)  loss_bbox_hybrid: 0.0748 (0.0750)  loss_giou_hybrid: 0.6874 (0.6584)  loss_class_0_hybrid: 0.5709 (0.5754)  loss_bbox_0_hybrid: 0.0861 (0.0842)  loss_giou_0_hybrid: 0.7757 (0.7022)  loss_class_1_hybrid: 0.5727 (0.5627)  loss_bbox_1_hybrid: 0.0811 (0.0781)  loss_giou_1_hybrid: 0.7507 (0.6716)  loss_class_2_hybrid: 0.5772 (0.5563)  loss_bbox_2_hybrid: 0.0778 (0.0764)  loss_giou_2_hybrid: 0.7044 (0.6623)  loss_class_3_hybrid: 0.5611 (0.5536)  loss_bbox_3_hybrid: 0.0753 (0.0755)  loss_giou_3_hybrid: 0.6892 (0.6591)  loss_class_4_hybrid: 0.5706 (0.5529)  loss_bbox_4_hybrid: 0.0749 (0.0750)  loss_giou_4_hybrid: 0.6917 (0.6586)  loss_class_enc_hybrid: 0.5526 (0.5448)  loss_bbox_enc_hybrid: 0.1175 (0.1086)  loss_giou_enc_hybrid: 0.9267 (0.8377)  mem: 791  max mem: 4549
[2026-08-04 16:01:19 accelerate.tracking]: [RANK 0] Successfully logged to TensorBoard
[2026-08-04 16:01:37 det.util.engine]: Epoch: [12]  [2250/6471]  eta: 0:28:34  lr: 0.000010  data_time: 0.0009  iter_time: 0.3526  loss: 24.3187 (24.4921)  loss_class: 0.5851 (0.5709)  loss_bbox: 0.0446 (0.0548)  loss_giou: 0.5037 (0.5619)  loss_class_0: 0.7241 (0.7117)  loss_bbox_0: 0.0442 (0.0576)  loss_giou_0: 0.5251 (0.5761)  loss_class_1: 0.6187 (0.6094)  loss_bbox_1: 0.0471 (0.0556)  loss_giou_1: 0.5336 (0.5651)  loss_class_2: 0.5901 (0.5864)  loss_bbox_2: 0.0452 (0.0550)  loss_giou_2: 0.5030 (0.5618)  loss_class_3: 0.6027 (0.5764)  loss_bbox_3: 0.0449 (0.0549)  loss_giou_3: 0.5040 (0.5615)  loss_class_4: 0.5858 (0.5727)  loss_bbox_4: 0.0446 (0.0548)  loss_giou_4: 0.5036 (0.5615)  loss_class_enc: 0.6998 (0.6707)  loss_bbox_enc: 0.0568 (0.0711)  loss_giou_enc: 0.6253 (0.6493)  loss_class_dn: 0.4063 (0.4052)  loss_bbox_dn: 0.0441 (0.0505)  loss_giou_dn: 0.5367 (0.5230)  loss_class_dn_0: 0.4749 (0.4763)  loss_bbox_dn_0: 0.0539 (0.0669)  loss_giou_dn_0: 0.6327 (0.6230)  loss_class_dn_1: 0.4355 (0.4295)  loss_bbox_dn_1: 0.0455 (0.0534)  loss_giou_dn_1: 0.5592 (0.5410)  loss_class_dn_2: 0.4144 (0.4125)  loss_bbox_dn_2: 0.0445 (0.0509)  loss_giou_dn_2: 0.5367 (0.5252)  loss_class_dn_3: 0.4069 (0.4070)  loss_bbox_dn_3: 0.0440 (0.0506)  loss_giou_dn_3: 0.5380 (0.5234)  loss_class_dn_4: 0.4080 (0.4054)  loss_bbox_dn_4: 0.0441 (0.0505)  loss_giou_dn_4: 0.5367 (0.5229)  loss_position: 0.3081 (0.3115)  loss_class_hybrid: 0.5845 (0.5532)  loss_bbox_hybrid: 0.0494 (0.0749)  loss_giou_hybrid: 0.5377 (0.6589)  loss_class_0_hybrid: 0.5990 (0.5754)  loss_bbox_0_hybrid: 0.0554 (0.0841)  loss_giou_0_hybrid: 0.5854 (0.7028)  loss_class_1_hybrid: 0.5930 (0.5628)  loss_bbox_1_hybrid: 0.0507 (0.0779)  loss_giou_1_hybrid: 0.5414 (0.6721)  loss_class_2_hybrid: 0.5914 (0.5564)  loss_bbox_2_hybrid: 0.0496 (0.0762)  loss_giou_2_hybrid: 0.5359 (0.6628)  loss_class_3_hybrid: 0.5849 (0.5537)  loss_bbox_3_hybrid: 0.0493 (0.0754)  loss_giou_3_hybrid: 0.5385 (0.6596)  loss_class_4_hybrid: 0.5795 (0.5530)  loss_bbox_4_hybrid: 0.0494 (0.0749)  loss_giou_4_hybrid: 0.5391 (0.6591)  loss_class_enc_hybrid: 0.5650 (0.5448)  loss_bbox_enc_hybrid: 0.0796 (0.1084)  loss_giou_enc_hybrid: 0.7436 (0.8384)  mem: 788  max mem: 4549
[2026-08-04 16:01:37 accelerate.tracking]: [RANK 0] Successfully logged to TensorBoard
[2026-08-04 16:01:55 det.util.engine]: Epoch: [12]  [2300/6471]  eta: 0:28:09  lr: 0.000010  data_time: 0.0009  iter_time: 0.3427  loss: 21.8716 (24.4459)  loss_class: 0.5552 (0.5706)  loss_bbox: 0.0483 (0.0547)  loss_giou: 0.4081 (0.5599)  loss_class_0: 0.6587 (0.7116)  loss_bbox_0: 0.0517 (0.0575)  loss_giou_0: 0.4410 (0.5741)  loss_class_1: 0.5795 (0.6091)  loss_bbox_1: 0.0483 (0.0555)  loss_giou_1: 0.4269 (0.5631)  loss_class_2: 0.5546 (0.5860)  loss_bbox_2: 0.0485 (0.0548)  loss_giou_2: 0.4146 (0.5598)  loss_class_3: 0.5528 (0.5762)  loss_bbox_3: 0.0492 (0.0548)  loss_giou_3: 0.4064 (0.5595)  loss_class_4: 0.5555 (0.5725)  loss_bbox_4: 0.0482 (0.0547)  loss_giou_4: 0.4081 (0.5595)  loss_class_enc: 0.6663 (0.6705)  loss_bbox_enc: 0.0575 (0.0710)  loss_giou_enc: 0.5444 (0.6473)  loss_class_dn: 0.3927 (0.4047)  loss_bbox_dn: 0.0405 (0.0505)  loss_giou_dn: 0.4749 (0.5218)  loss_class_dn_0: 0.4652 (0.4758)  loss_bbox_dn_0: 0.0556 (0.0669)  loss_giou_dn_0: 0.6035 (0.6217)  loss_class_dn_1: 0.4114 (0.4290)  loss_bbox_dn_1: 0.0415 (0.0534)  loss_giou_dn_1: 0.4964 (0.5398)  loss_class_dn_2: 0.3920 (0.4120)  loss_bbox_dn_2: 0.0404 (0.0509)  loss_giou_dn_2: 0.4750 (0.5239)  loss_class_dn_3: 0.3890 (0.4065)  loss_bbox_dn_3: 0.0406 (0.0506)  loss_giou_dn_3: 0.4782 (0.5222)  loss_class_dn_4: 0.3911 (0.4048)  loss_bbox_dn_4: 0.0405 (0.0505)  loss_giou_dn_4: 0.4753 (0.5217)  loss_position: 0.2695 (0.3112)  loss_class_hybrid: 0.4876 (0.5530)  loss_bbox_hybrid: 0.0638 (0.0746)  loss_giou_hybrid: 0.5045 (0.6567)  loss_class_0_hybrid: 0.5088 (0.5752)  loss_bbox_0_hybrid: 0.0711 (0.0838)  loss_giou_0_hybrid: 0.5174 (0.7003)  loss_class_1_hybrid: 0.4975 (0.5625)  loss_bbox_1_hybrid: 0.0661 (0.0777)  loss_giou_1_hybrid: 0.5081 (0.6698)  loss_class_2_hybrid: 0.4947 (0.5562)  loss_bbox_2_hybrid: 0.0651 (0.0760)  loss_giou_2_hybrid: 0.5045 (0.6605)  loss_class_3_hybrid: 0.4923 (0.5535)  loss_bbox_3_hybrid: 0.0648 (0.0751)  loss_giou_3_hybrid: 0.5015 (0.6574)  loss_class_4_hybrid: 0.4896 (0.5529)  loss_bbox_4_hybrid: 0.0640 (0.0746)  loss_giou_4_hybrid: 0.5039 (0.6569)  loss_class_enc_hybrid: 0.5026 (0.5449)  loss_bbox_enc_hybrid: 0.0912 (0.1081)  loss_giou_enc_hybrid: 0.6583 (0.8358)  mem: 790  max mem: 4549
[2026-08-04 16:01:55 accelerate.tracking]: [RANK 0] Successfully logged to TensorBoard
[2026-08-04 16:02:13 det.util.engine]: Epoch: [12]  [2350/6471]  eta: 0:27:46  lr: 0.000010  data_time: 0.0009  iter_time: 0.3553  loss: 25.3997 (24.4619)  loss_class: 0.6009 (0.5714)  loss_bbox: 0.0512 (0.0547)  loss_giou: 0.5427 (0.5601)  loss_class_0: 0.6990 (0.7120)  loss_bbox_0: 0.0527 (0.0575)  loss_giou_0: 0.5615 (0.5744)  loss_class_1: 0.6284 (0.6098)  loss_bbox_1: 0.0510 (0.0555)  loss_giou_1: 0.5320 (0.5634)  loss_class_2: 0.6028 (0.5868)  loss_bbox_2: 0.0522 (0.0549)  loss_giou_2: 0.5186 (0.5600)  loss_class_3: 0.6106 (0.5769)  loss_bbox_3: 0.0517 (0.0548)  loss_giou_3: 0.5280 (0.5597)  loss_class_4: 0.5972 (0.5733)  loss_bbox_4: 0.0499 (0.0547)  loss_giou_4: 0.5282 (0.5597)  loss_class_enc: 0.7079 (0.6710)  loss_bbox_enc: 0.0564 (0.0709)  loss_giou_enc: 0.5906 (0.6474)  loss_class_dn: 0.4146 (0.4049)  loss_bbox_dn: 0.0386 (0.0505)  loss_giou_dn: 0.5463 (0.5222)  loss_class_dn_0: 0.4883 (0.4759)  loss_bbox_dn_0: 0.0449 (0.0669)  loss_giou_dn_0: 0.6529 (0.6221)  loss_class_dn_1: 0.4435 (0.4291)  loss_bbox_dn_1: 0.0417 (0.0534)  loss_giou_dn_1: 0.5725 (0.5402)  loss_class_dn_2: 0.4266 (0.4122)  loss_bbox_dn_2: 0.0388 (0.0509)  loss_giou_dn_2: 0.5530 (0.5243)  loss_class_dn_3: 0.4176 (0.4067)  loss_bbox_dn_3: 0.0383 (0.0506)  loss_giou_dn_3: 0.5478 (0.5226)  loss_class_dn_4: 0.4146 (0.4051)  loss_bbox_dn_4: 0.0386 (0.0505)  loss_giou_dn_4: 0.5461 (0.5221)  loss_position: 0.2800 (0.3116)  loss_class_hybrid: 0.5591 (0.5535)  loss_bbox_hybrid: 0.0664 (0.0746)  loss_giou_hybrid: 0.6344 (0.6572)  loss_class_0_hybrid: 0.5915 (0.5756)  loss_bbox_0_hybrid: 0.0788 (0.0837)  loss_giou_0_hybrid: 0.6600 (0.7007)  loss_class_1_hybrid: 0.5858 (0.5630)  loss_bbox_1_hybrid: 0.0729 (0.0776)  loss_giou_1_hybrid: 0.6398 (0.6703)  loss_class_2_hybrid: 0.5736 (0.5567)  loss_bbox_2_hybrid: 0.0696 (0.0759)  loss_giou_2_hybrid: 0.6292 (0.6610)  loss_class_3_hybrid: 0.5575 (0.5540)  loss_bbox_3_hybrid: 0.0668 (0.0751)  loss_giou_3_hybrid: 0.6354 (0.6579)  loss_class_4_hybrid: 0.5631 (0.5534)  loss_bbox_4_hybrid: 0.0663 (0.0746)  loss_giou_4_hybrid: 0.6314 (0.6574)  loss_class_enc_hybrid: 0.5690 (0.5451)  loss_bbox_enc_hybrid: 0.0996 (0.1080)  loss_giou_enc_hybrid: 0.7783 (0.8361)  mem: 788  max mem: 4549
[2026-08-04 16:02:13 accelerate.tracking]: [RANK 0] Successfully logged to TensorBoard
[2026-08-04 16:02:32 det.util.engine]: Epoch: [12]  [2400/6471]  eta: 0:27:23  lr: 0.000010  data_time: 0.0009  iter_time: 0.3903  loss: 25.0143 (24.4344)  loss_class: 0.5954 (0.5714)  loss_bbox: 0.0515 (0.0547)  loss_giou: 0.5155 (0.5588)  loss_class_0: 0.6666 (0.7120)  loss_bbox_0: 0.0556 (0.0575)  loss_giou_0: 0.5396 (0.5732)  loss_class_1: 0.6225 (0.6097)  loss_bbox_1: 0.0527 (0.0555)  loss_giou_1: 0.5319 (0.5621)  loss_class_2: 0.6103 (0.5867)  loss_bbox_2: 0.0524 (0.0548)  loss_giou_2: 0.5139 (0.5588)  loss_class_3: 0.5990 (0.5767)  loss_bbox_3: 0.0519 (0.0548)  loss_giou_3: 0.5053 (0.5585)  loss_class_4: 0.6038 (0.5732)  loss_bbox_4: 0.0514 (0.0546)  loss_giou_4: 0.5151 (0.5585)  loss_class_enc: 0.6694 (0.6714)  loss_bbox_enc: 0.0631 (0.0709)  loss_giou_enc: 0.5669 (0.6459)  loss_class_dn: 0.3995 (0.4047)  loss_bbox_dn: 0.0429 (0.0505)  loss_giou_dn: 0.5191 (0.5214)  loss_class_dn_0: 0.4777 (0.4757)  loss_bbox_dn_0: 0.0546 (0.0669)  loss_giou_dn_0: 0.6299 (0.6212)  loss_class_dn_1: 0.4337 (0.4289)  loss_bbox_dn_1: 0.0443 (0.0534)  loss_giou_dn_1: 0.5412 (0.5394)  loss_class_dn_2: 0.4134 (0.4119)  loss_bbox_dn_2: 0.0427 (0.0509)  loss_giou_dn_2: 0.5279 (0.5235)  loss_class_dn_3: 0.4030 (0.4064)  loss_bbox_dn_3: 0.0428 (0.0506)  loss_giou_dn_3: 0.5229 (0.5218)  loss_class_dn_4: 0.3988 (0.4048)  loss_bbox_dn_4: 0.0429 (0.0505)  loss_giou_dn_4: 0.5192 (0.5213)  loss_position: 0.2728 (0.3114)  loss_class_hybrid: 0.5569 (0.5534)  loss_bbox_hybrid: 0.0681 (0.0745)  loss_giou_hybrid: 0.6155 (0.6557)  loss_class_0_hybrid: 0.5660 (0.5759)  loss_bbox_0_hybrid: 0.0722 (0.0836)  loss_giou_0_hybrid: 0.6582 (0.6991)  loss_class_1_hybrid: 0.5672 (0.5630)  loss_bbox_1_hybrid: 0.0692 (0.0775)  loss_giou_1_hybrid: 0.6290 (0.6687)  loss_class_2_hybrid: 0.5574 (0.5567)  loss_bbox_2_hybrid: 0.0683 (0.0758)  loss_giou_2_hybrid: 0.6112 (0.6595)  loss_class_3_hybrid: 0.5581 (0.5539)  loss_bbox_3_hybrid: 0.0667 (0.0750)  loss_giou_3_hybrid: 0.6057 (0.6563)  loss_class_4_hybrid: 0.5578 (0.5534)  loss_bbox_4_hybrid: 0.0672 (0.0745)  loss_giou_4_hybrid: 0.6153 (0.6558)  loss_class_enc_hybrid: 0.5687 (0.5457)  loss_bbox_enc_hybrid: 0.0894 (0.1077)  loss_giou_enc_hybrid: 0.7393 (0.8340)  mem: 784  max mem: 4549
[2026-08-04 16:02:32 accelerate.tracking]: [RANK 0] Successfully logged to TensorBoard
[2026-08-04 16:02:54 det.util.engine]: Epoch: [12]  [2450/6471]  eta: 0:27:05  lr: 0.000010  data_time: 0.0009  iter_time: 0.4930  loss: 22.2740 (24.4294)  loss_class: 0.5790 (0.5713)  loss_bbox: 0.0479 (0.0546)  loss_giou: 0.4519 (0.5587)  loss_class_0: 0.7063 (0.7116)  loss_bbox_0: 0.0493 (0.0574)  loss_giou_0: 0.4674 (0.5732)  loss_class_1: 0.6107 (0.6095)  loss_bbox_1: 0.0489 (0.0554)  loss_giou_1: 0.4726 (0.5621)  loss_class_2: 0.5947 (0.5866)  loss_bbox_2: 0.0481 (0.0547)  loss_giou_2: 0.4501 (0.5587)  loss_class_3: 0.5861 (0.5767)  loss_bbox_3: 0.0482 (0.0547)  loss_giou_3: 0.4492 (0.5583)  loss_class_4: 0.5775 (0.5731)  loss_bbox_4: 0.0479 (0.0545)  loss_giou_4: 0.4520 (0.5584)  loss_class_enc: 0.6718 (0.6710)  loss_bbox_enc: 0.0614 (0.0707)  loss_giou_enc: 0.5789 (0.6458)  loss_class_dn: 0.4030 (0.4046)  loss_bbox_dn: 0.0434 (0.0504)  loss_giou_dn: 0.4832 (0.5214)  loss_class_dn_0: 0.4732 (0.4756)  loss_bbox_dn_0: 0.0599 (0.0668)  loss_giou_dn_0: 0.5646 (0.6212)  loss_class_dn_1: 0.4330 (0.4289)  loss_bbox_dn_1: 0.0465 (0.0533)  loss_giou_dn_1: 0.4923 (0.5393)  loss_class_dn_2: 0.4089 (0.4119)  loss_bbox_dn_2: 0.0449 (0.0508)  loss_giou_dn_2: 0.4854 (0.5235)  loss_class_dn_3: 0.4015 (0.4064)  loss_bbox_dn_3: 0.0439 (0.0506)  loss_giou_dn_3: 0.4833 (0.5218)  loss_class_dn_4: 0.4020 (0.4048)  loss_bbox_dn_4: 0.0434 (0.0504)  loss_giou_dn_4: 0.4833 (0.5213)  loss_position: 0.2586 (0.3106)  loss_class_hybrid: 0.5516 (0.5532)  loss_bbox_hybrid: 0.0573 (0.0744)  loss_giou_hybrid: 0.5084 (0.6559)  loss_class_0_hybrid: 0.5679 (0.5755)  loss_bbox_0_hybrid: 0.0662 (0.0835)  loss_giou_0_hybrid: 0.5475 (0.6995)  loss_class_1_hybrid: 0.5568 (0.5627)  loss_bbox_1_hybrid: 0.0592 (0.0774)  loss_giou_1_hybrid: 0.5220 (0.6690)  loss_class_2_hybrid: 0.5681 (0.5564)  loss_bbox_2_hybrid: 0.0575 (0.0757)  loss_giou_2_hybrid: 0.5140 (0.6597)  loss_class_3_hybrid: 0.5546 (0.5537)  loss_bbox_3_hybrid: 0.0575 (0.0749)  loss_giou_3_hybrid: 0.5114 (0.6565)  loss_class_4_hybrid: 0.5529 (0.5531)  loss_bbox_4_hybrid: 0.0575 (0.0744)  loss_giou_4_hybrid: 0.5075 (0.6561)  loss_class_enc_hybrid: 0.5700 (0.5453)  loss_bbox_enc_hybrid: 0.0883 (0.1077)  loss_giou_enc_hybrid: 0.6852 (0.8344)  mem: 786  max mem: 4549
[2026-08-04 16:02:54 accelerate.tracking]: [RANK 0] Successfully logged to TensorBoard
[2026-08-04 16:03:18 det.util.engine]: Epoch: [12]  [2500/6471]  eta: 0:26:51  lr: 0.000010  data_time: 0.0010  iter_time: 0.6221  loss: 27.2975 (24.4633)  loss_class: 0.5968 (0.5711)  loss_bbox: 0.0480 (0.0546)  loss_giou: 0.6085 (0.5605)  loss_class_0: 0.7130 (0.7112)  loss_bbox_0: 0.0504 (0.0574)  loss_giou_0: 0.6418 (0.5748)  loss_class_1: 0.6075 (0.6091)  loss_bbox_1: 0.0484 (0.0554)  loss_giou_1: 0.6084 (0.5640)  loss_class_2: 0.6006 (0.5864)  loss_bbox_2: 0.0495 (0.0547)  loss_giou_2: 0.6074 (0.5605)  loss_class_3: 0.5961 (0.5764)  loss_bbox_3: 0.0488 (0.0547)  loss_giou_3: 0.6086 (0.5601)  loss_class_4: 0.5873 (0.5729)  loss_bbox_4: 0.0480 (0.0545)  loss_giou_4: 0.6087 (0.5602)  loss_class_enc: 0.6596 (0.6703)  loss_bbox_enc: 0.0620 (0.0707)  loss_giou_enc: 0.6955 (0.6475)  loss_class_dn: 0.4288 (0.4049)  loss_bbox_dn: 0.0429 (0.0504)  loss_giou_dn: 0.5742 (0.5226)  loss_class_dn_0: 0.4878 (0.4757)  loss_bbox_dn_0: 0.0594 (0.0667)  loss_giou_dn_0: 0.7263 (0.6224)  loss_class_dn_1: 0.4528 (0.4291)  loss_bbox_dn_1: 0.0472 (0.0532)  loss_giou_dn_1: 0.6289 (0.5406)  loss_class_dn_2: 0.4372 (0.4122)  loss_bbox_dn_2: 0.0436 (0.0507)  loss_giou_dn_2: 0.5752 (0.5248)  loss_class_dn_3: 0.4303 (0.4067)  loss_bbox_dn_3: 0.0431 (0.0505)  loss_giou_dn_3: 0.5747 (0.5230)  loss_class_dn_4: 0.4272 (0.4050)  loss_bbox_dn_4: 0.0429 (0.0504)  loss_giou_dn_4: 0.5745 (0.5225)  loss_position: 0.2737 (0.3105)  loss_class_hybrid: 0.5193 (0.5525)  loss_bbox_hybrid: 0.0696 (0.0746)  loss_giou_hybrid: 0.7550 (0.6586)  loss_class_0_hybrid: 0.5466 (0.5745)  loss_bbox_0_hybrid: 0.0733 (0.0838)  loss_giou_0_hybrid: 0.8013 (0.7022)  loss_class_1_hybrid: 0.5338 (0.5620)  loss_bbox_1_hybrid: 0.0686 (0.0777)  loss_giou_1_hybrid: 0.7783 (0.6718)  loss_class_2_hybrid: 0.5232 (0.5557)  loss_bbox_2_hybrid: 0.0711 (0.0760)  loss_giou_2_hybrid: 0.7607 (0.6624)  loss_class_3_hybrid: 0.5211 (0.5530)  loss_bbox_3_hybrid: 0.0668 (0.0751)  loss_giou_3_hybrid: 0.7520 (0.6592)  loss_class_4_hybrid: 0.5234 (0.5525)  loss_bbox_4_hybrid: 0.0666 (0.0746)  loss_giou_4_hybrid: 0.7553 (0.6588)  loss_class_enc_hybrid: 0.4960 (0.5443)  loss_bbox_enc_hybrid: 0.1062 (0.1079)  loss_giou_enc_hybrid: 0.9647 (0.8372)  mem: 787  max mem: 4549
[2026-08-04 16:03:18 accelerate.tracking]: [RANK 0] Successfully logged to TensorBoard
[2026-08-04 16:03:36 det.util.engine]: Epoch: [12]  [2550/6471]  eta: 0:26:28  lr: 0.000010  data_time: 0.0010  iter_time: 0.3770  loss: 27.1951 (24.4785)  loss_class: 0.6289 (0.5721)  loss_bbox: 0.0519 (0.0547)  loss_giou: 0.5931 (0.5603)  loss_class_0: 0.7257 (0.7121)  loss_bbox_0: 0.0550 (0.0575)  loss_giou_0: 0.6001 (0.5748)  loss_class_1: 0.6445 (0.6101)  loss_bbox_1: 0.0555 (0.0555)  loss_giou_1: 0.6020 (0.5639)  loss_class_2: 0.6332 (0.5874)  loss_bbox_2: 0.0531 (0.0548)  loss_giou_2: 0.5919 (0.5604)  loss_class_3: 0.6293 (0.5774)  loss_bbox_3: 0.0554 (0.0548)  loss_giou_3: 0.5879 (0.5601)  loss_class_4: 0.6272 (0.5739)  loss_bbox_4: 0.0551 (0.0546)  loss_giou_4: 0.5934 (0.5600)  loss_class_enc: 0.6747 (0.6709)  loss_bbox_enc: 0.0732 (0.0709)  loss_giou_enc: 0.6780 (0.6475)  loss_class_dn: 0.4189 (0.4052)  loss_bbox_dn: 0.0501 (0.0504)  loss_giou_dn: 0.5730 (0.5226)  loss_class_dn_0: 0.4746 (0.4760)  loss_bbox_dn_0: 0.0717 (0.0668)  loss_giou_dn_0: 0.6657 (0.6224)  loss_class_dn_1: 0.4395 (0.4293)  loss_bbox_dn_1: 0.0571 (0.0533)  loss_giou_dn_1: 0.5930 (0.5406)  loss_class_dn_2: 0.4248 (0.4124)  loss_bbox_dn_2: 0.0525 (0.0508)  loss_giou_dn_2: 0.5825 (0.5248)  loss_class_dn_3: 0.4157 (0.4069)  loss_bbox_dn_3: 0.0519 (0.0505)  loss_giou_dn_3: 0.5775 (0.5230)  loss_class_dn_4: 0.4175 (0.4053)  loss_bbox_dn_4: 0.0500 (0.0504)  loss_giou_dn_4: 0.5727 (0.5225)  loss_position: 0.3245 (0.3108)  loss_class_hybrid: 0.5397 (0.5532)  loss_bbox_hybrid: 0.0663 (0.0747)  loss_giou_hybrid: 0.6399 (0.6587)  loss_class_0_hybrid: 0.5850 (0.5753)  loss_bbox_0_hybrid: 0.0783 (0.0840)  loss_giou_0_hybrid: 0.6837 (0.7022)  loss_class_1_hybrid: 0.5469 (0.5627)  loss_bbox_1_hybrid: 0.0726 (0.0778)  loss_giou_1_hybrid: 0.6463 (0.6719)  loss_class_2_hybrid: 0.5400 (0.5564)  loss_bbox_2_hybrid: 0.0752 (0.0761)  loss_giou_2_hybrid: 0.6496 (0.6625)  loss_class_3_hybrid: 0.5377 (0.5538)  loss_bbox_3_hybrid: 0.0665 (0.0752)  loss_giou_3_hybrid: 0.6431 (0.6593)  loss_class_4_hybrid: 0.5441 (0.5532)  loss_bbox_4_hybrid: 0.0662 (0.0748)  loss_giou_4_hybrid: 0.6361 (0.6589)  loss_class_enc_hybrid: 0.5159 (0.5449)  loss_bbox_enc_hybrid: 0.1012 (0.1081)  loss_giou_enc_hybrid: 0.8455 (0.8372)  mem: 788  max mem: 4549
[2026-08-04 16:03:36 accelerate.tracking]: [RANK 0] Successfully logged to TensorBoard
[2026-08-04 16:04:04 det.util.engine]: Epoch: [12]  [2600/6471]  eta: 0:26:18  lr: 0.000010  data_time: 0.0009  iter_time: 0.6407  loss: 23.1612 (24.4690)  loss_class: 0.5482 (0.5721)  loss_bbox: 0.0450 (0.0546)  loss_giou: 0.4700 (0.5597)  loss_class_0: 0.7123 (0.7119)  loss_bbox_0: 0.0476 (0.0574)  loss_giou_0: 0.4713 (0.5744)  loss_class_1: 0.5615 (0.6100)  loss_bbox_1: 0.0469 (0.0554)  loss_giou_1: 0.4791 (0.5633)  loss_class_2: 0.5432 (0.5873)  loss_bbox_2: 0.0461 (0.0548)  loss_giou_2: 0.4746 (0.5598)  loss_class_3: 0.5448 (0.5774)  loss_bbox_3: 0.0457 (0.0547)  loss_giou_3: 0.4701 (0.5594)  loss_class_4: 0.5287 (0.5739)  loss_bbox_4: 0.0461 (0.0545)  loss_giou_4: 0.4701 (0.5594)  loss_class_enc: 0.6858 (0.6708)  loss_bbox_enc: 0.0562 (0.0708)  loss_giou_enc: 0.5124 (0.6471)  loss_class_dn: 0.3961 (0.4051)  loss_bbox_dn: 0.0382 (0.0503)  loss_giou_dn: 0.4173 (0.5221)  loss_class_dn_0: 0.4691 (0.4760)  loss_bbox_dn_0: 0.0528 (0.0667)  loss_giou_dn_0: 0.5406 (0.6221)  loss_class_dn_1: 0.4180 (0.4292)  loss_bbox_dn_1: 0.0418 (0.0532)  loss_giou_dn_1: 0.4337 (0.5402)  loss_class_dn_2: 0.4055 (0.4123)  loss_bbox_dn_2: 0.0380 (0.0507)  loss_giou_dn_2: 0.4155 (0.5243)  loss_class_dn_3: 0.3992 (0.4068)  loss_bbox_dn_3: 0.0381 (0.0504)  loss_giou_dn_3: 0.4174 (0.5226)  loss_class_dn_4: 0.3958 (0.4052)  loss_bbox_dn_4: 0.0383 (0.0503)  loss_giou_dn_4: 0.4175 (0.5220)  loss_position: 0.2803 (0.3106)  loss_class_hybrid: 0.5513 (0.5533)  loss_bbox_hybrid: 0.0518 (0.0749)  loss_giou_hybrid: 0.4722 (0.6583)  loss_class_0_hybrid: 0.5927 (0.5754)  loss_bbox_0_hybrid: 0.0529 (0.0842)  loss_giou_0_hybrid: 0.5048 (0.7020)  loss_class_1_hybrid: 0.5404 (0.5627)  loss_bbox_1_hybrid: 0.0520 (0.0780)  loss_giou_1_hybrid: 0.4808 (0.6715)  loss_class_2_hybrid: 0.5427 (0.5564)  loss_bbox_2_hybrid: 0.0512 (0.0763)  loss_giou_2_hybrid: 0.4744 (0.6621)  loss_class_3_hybrid: 0.5529 (0.5538)  loss_bbox_3_hybrid: 0.0519 (0.0754)  loss_giou_3_hybrid: 0.4749 (0.6589)  loss_class_4_hybrid: 0.5404 (0.5532)  loss_bbox_4_hybrid: 0.0518 (0.0749)  loss_giou_4_hybrid: 0.4715 (0.6585)  loss_class_enc_hybrid: 0.5890 (0.5450)  loss_bbox_enc_hybrid: 0.0799 (0.1082)  loss_giou_enc_hybrid: 0.6906 (0.8369)  mem: 793  max mem: 4549
[2026-08-04 16:04:04 accelerate.tracking]: [RANK 0] Successfully logged to TensorBoard
[2026-08-04 16:04:25 det.util.engine]: Epoch: [12]  [2650/6471]  eta: 0:25:59  lr: 0.000010  data_time: 0.0009  iter_time: 0.3524  loss: 22.2551 (24.4645)  loss_class: 0.5435 (0.5721)  loss_bbox: 0.0469 (0.0546)  loss_giou: 0.5139 (0.5596)  loss_class_0: 0.7085 (0.7121)  loss_bbox_0: 0.0460 (0.0574)  loss_giou_0: 0.5527 (0.5743)  loss_class_1: 0.5908 (0.6100)  loss_bbox_1: 0.0445 (0.0554)  loss_giou_1: 0.5399 (0.5632)  loss_class_2: 0.5726 (0.5873)  loss_bbox_2: 0.0473 (0.0548)  loss_giou_2: 0.5309 (0.5598)  loss_class_3: 0.5492 (0.5773)  loss_bbox_3: 0.0477 (0.0547)  loss_giou_3: 0.5180 (0.5594)  loss_class_4: 0.5471 (0.5739)  loss_bbox_4: 0.0469 (0.0545)  loss_giou_4: 0.5166 (0.5593)  loss_class_enc: 0.6472 (0.6708)  loss_bbox_enc: 0.0682 (0.0708)  loss_giou_enc: 0.6334 (0.6470)  loss_class_dn: 0.3928 (0.4050)  loss_bbox_dn: 0.0399 (0.0503)  loss_giou_dn: 0.4819 (0.5220)  loss_class_dn_0: 0.4858 (0.4760)  loss_bbox_dn_0: 0.0597 (0.0666)  loss_giou_dn_0: 0.5614 (0.6219)  loss_class_dn_1: 0.4101 (0.4291)  loss_bbox_dn_1: 0.0449 (0.0532)  loss_giou_dn_1: 0.4778 (0.5400)  loss_class_dn_2: 0.3995 (0.4122)  loss_bbox_dn_2: 0.0419 (0.0506)  loss_giou_dn_2: 0.4812 (0.5242)  loss_class_dn_3: 0.3929 (0.4068)  loss_bbox_dn_3: 0.0411 (0.0504)  loss_giou_dn_3: 0.4815 (0.5224)  loss_class_dn_4: 0.3920 (0.4052)  loss_bbox_dn_4: 0.0398 (0.0503)  loss_giou_dn_4: 0.4820 (0.5219)  loss_position: 0.2829 (0.3102)  loss_class_hybrid: 0.5538 (0.5533)  loss_bbox_hybrid: 0.0655 (0.0750)  loss_giou_hybrid: 0.5655 (0.6579)  loss_class_0_hybrid: 0.5756 (0.5755)  loss_bbox_0_hybrid: 0.0760 (0.0842)  loss_giou_0_hybrid: 0.6142 (0.7015)  loss_class_1_hybrid: 0.5515 (0.5628)  loss_bbox_1_hybrid: 0.0700 (0.0781)  loss_giou_1_hybrid: 0.5736 (0.6711)  loss_class_2_hybrid: 0.5467 (0.5564)  loss_bbox_2_hybrid: 0.0674 (0.0764)  loss_giou_2_hybrid: 0.5718 (0.6617)  loss_class_3_hybrid: 0.5528 (0.5538)  loss_bbox_3_hybrid: 0.0656 (0.0755)  loss_giou_3_hybrid: 0.5577 (0.6586)  loss_class_4_hybrid: 0.5512 (0.5532)  loss_bbox_4_hybrid: 0.0647 (0.0750)  loss_giou_4_hybrid: 0.5634 (0.6581)  loss_class_enc_hybrid: 0.5532 (0.5451)  loss_bbox_enc_hybrid: 0.0932 (0.1082)  loss_giou_enc_hybrid: 0.6395 (0.8364)  mem: 794  max mem: 4549
[2026-08-04 16:04:25 accelerate.tracking]: [RANK 0] Successfully logged to TensorBoard
[2026-08-04 16:04:43 det.util.engine]: Epoch: [12]  [2700/6471]  eta: 0:25:36  lr: 0.000010  data_time: 0.0009  iter_time: 0.3579  loss: 22.5823 (24.4674)  loss_class: 0.4960 (0.5721)  loss_bbox: 0.0492 (0.0546)  loss_giou: 0.4568 (0.5599)  loss_class_0: 0.6659 (0.7118)  loss_bbox_0: 0.0518 (0.0574)  loss_giou_0: 0.4709 (0.5745)  loss_class_1: 0.5560 (0.6099)  loss_bbox_1: 0.0499 (0.0554)  loss_giou_1: 0.4539 (0.5634)  loss_class_2: 0.5064 (0.5872)  loss_bbox_2: 0.0505 (0.0548)  loss_giou_2: 0.4472 (0.5600)  loss_class_3: 0.5102 (0.5773)  loss_bbox_3: 0.0495 (0.0547)  loss_giou_3: 0.4495 (0.5595)  loss_class_4: 0.5022 (0.5739)  loss_bbox_4: 0.0492 (0.0545)  loss_giou_4: 0.4559 (0.5595)  loss_class_enc: 0.6199 (0.6706)  loss_bbox_enc: 0.0702 (0.0708)  loss_giou_enc: 0.5710 (0.6474)  loss_class_dn: 0.3877 (0.4049)  loss_bbox_dn: 0.0465 (0.0502)  loss_giou_dn: 0.4252 (0.5219)  loss_class_dn_0: 0.4695 (0.4759)  loss_bbox_dn_0: 0.0628 (0.0666)  loss_giou_dn_0: 0.5522 (0.6219)  loss_class_dn_1: 0.4099 (0.4290)  loss_bbox_dn_1: 0.0492 (0.0531)  loss_giou_dn_1: 0.4446 (0.5399)  loss_class_dn_2: 0.3945 (0.4121)  loss_bbox_dn_2: 0.0466 (0.0506)  loss_giou_dn_2: 0.4392 (0.5241)  loss_class_dn_3: 0.3881 (0.4066)  loss_bbox_dn_3: 0.0463 (0.0503)  loss_giou_dn_3: 0.4226 (0.5223)  loss_class_dn_4: 0.3866 (0.4051)  loss_bbox_dn_4: 0.0465 (0.0502)  loss_giou_dn_4: 0.4243 (0.5218)  loss_position: 0.2870 (0.3101)  loss_class_hybrid: 0.5195 (0.5532)  loss_bbox_hybrid: 0.0574 (0.0750)  loss_giou_hybrid: 0.4282 (0.6585)  loss_class_0_hybrid: 0.5573 (0.5753)  loss_bbox_0_hybrid: 0.0639 (0.0843)  loss_giou_0_hybrid: 0.5576 (0.7023)  loss_class_1_hybrid: 0.5447 (0.5626)  loss_bbox_1_hybrid: 0.0592 (0.0781)  loss_giou_1_hybrid: 0.4473 (0.6717)  loss_class_2_hybrid: 0.5207 (0.5562)  loss_bbox_2_hybrid: 0.0581 (0.0764)  loss_giou_2_hybrid: 0.4347 (0.6623)  loss_class_3_hybrid: 0.5193 (0.5537)  loss_bbox_3_hybrid: 0.0571 (0.0755)  loss_giou_3_hybrid: 0.4305 (0.6591)  loss_class_4_hybrid: 0.5194 (0.5531)  loss_bbox_4_hybrid: 0.0575 (0.0750)  loss_giou_4_hybrid: 0.4274 (0.6587)  loss_class_enc_hybrid: 0.5465 (0.5448)  loss_bbox_enc_hybrid: 0.0901 (0.1083)  loss_giou_enc_hybrid: 0.6981 (0.8373)  mem: 789  max mem: 4549
[2026-08-04 16:04:43 accelerate.tracking]: [RANK 0] Successfully logged to TensorBoard
[2026-08-04 16:05:02 det.util.engine]: Epoch: [12]  [2750/6471]  eta: 0:25:14  lr: 0.000010  data_time: 0.0009  iter_time: 0.3474  loss: 23.0550 (24.4705)  loss_class: 0.5917 (0.5723)  loss_bbox: 0.0454 (0.0546)  loss_giou: 0.4850 (0.5599)  loss_class_0: 0.7168 (0.7123)  loss_bbox_0: 0.0472 (0.0574)  loss_giou_0: 0.4653 (0.5744)  loss_class_1: 0.6473 (0.6102)  loss_bbox_1: 0.0450 (0.0554)  loss_giou_1: 0.4968 (0.5635)  loss_class_2: 0.6071 (0.5874)  loss_bbox_2: 0.0448 (0.0548)  loss_giou_2: 0.4924 (0.5600)  loss_class_3: 0.5930 (0.5776)  loss_bbox_3: 0.0451 (0.0547)  loss_giou_3: 0.4912 (0.5595)  loss_class_4: 0.5905 (0.5741)  loss_bbox_4: 0.0454 (0.0545)  loss_giou_4: 0.4850 (0.5596)  loss_class_enc: 0.7118 (0.6704)  loss_bbox_enc: 0.0582 (0.0708)  loss_giou_enc: 0.5545 (0.6474)  loss_class_dn: 0.4050 (0.4050)  loss_bbox_dn: 0.0447 (0.0501)  loss_giou_dn: 0.4944 (0.5219)  loss_class_dn_0: 0.4798 (0.4759)  loss_bbox_dn_0: 0.0596 (0.0665)  loss_giou_dn_0: 0.5907 (0.6218)  loss_class_dn_1: 0.4287 (0.4291)  loss_bbox_dn_1: 0.0472 (0.0530)  loss_giou_dn_1: 0.5194 (0.5399)  loss_class_dn_2: 0.4106 (0.4122)  loss_bbox_dn_2: 0.0443 (0.0505)  loss_giou_dn_2: 0.4916 (0.5241)  loss_class_dn_3: 0.4023 (0.4067)  loss_bbox_dn_3: 0.0444 (0.0503)  loss_giou_dn_3: 0.4973 (0.5223)  loss_class_dn_4: 0.4076 (0.4051)  loss_bbox_dn_4: 0.0447 (0.0501)  loss_giou_dn_4: 0.4943 (0.5218)  loss_position: 0.2923 (0.3110)  loss_class_hybrid: 0.6095 (0.5535)  loss_bbox_hybrid: 0.0518 (0.0750)  loss_giou_hybrid: 0.4805 (0.6584)  loss_class_0_hybrid: 0.6167 (0.5756)  loss_bbox_0_hybrid: 0.0569 (0.0843)  loss_giou_0_hybrid: 0.5673 (0.7021)  loss_class_1_hybrid: 0.6198 (0.5628)  loss_bbox_1_hybrid: 0.0530 (0.0781)  loss_giou_1_hybrid: 0.5319 (0.6716)  loss_class_2_hybrid: 0.6072 (0.5565)  loss_bbox_2_hybrid: 0.0513 (0.0764)  loss_giou_2_hybrid: 0.5162 (0.6622)  loss_class_3_hybrid: 0.6060 (0.5540)  loss_bbox_3_hybrid: 0.0515 (0.0755)  loss_giou_3_hybrid: 0.4834 (0.6590)  loss_class_4_hybrid: 0.6038 (0.5534)  loss_bbox_4_hybrid: 0.0518 (0.0750)  loss_giou_4_hybrid: 0.4806 (0.6585)  loss_class_enc_hybrid: 0.6200 (0.5451)  loss_bbox_enc_hybrid: 0.0855 (0.1083)  loss_giou_enc_hybrid: 0.7058 (0.8371)  mem: 785  max mem: 4549
[2026-08-04 16:05:02 accelerate.tracking]: [RANK 0] Successfully logged to TensorBoard
[2026-08-04 16:05:22 det.util.engine]: Epoch: [12]  [2800/6471]  eta: 0:24:53  lr: 0.000010  data_time: 0.0009  iter_time: 0.5068  loss: 25.3159 (24.4909)  loss_class: 0.5628 (0.5726)  loss_bbox: 0.0589 (0.0546)  loss_giou: 0.5611 (0.5611)  loss_class_0: 0.6784 (0.7120)  loss_bbox_0: 0.0649 (0.0575)  loss_giou_0: 0.5749 (0.5757)  loss_class_1: 0.6144 (0.6103)  loss_bbox_1: 0.0601 (0.0554)  loss_giou_1: 0.5697 (0.5648)  loss_class_2: 0.5722 (0.5875)  loss_bbox_2: 0.0589 (0.0548)  loss_giou_2: 0.5624 (0.5613)  loss_class_3: 0.5722 (0.5778)  loss_bbox_3: 0.0585 (0.0547)  loss_giou_3: 0.5643 (0.5608)  loss_class_4: 0.5632 (0.5744)  loss_bbox_4: 0.0576 (0.0546)  loss_giou_4: 0.5649 (0.5608)  loss_class_enc: 0.6673 (0.6705)  loss_bbox_enc: 0.0733 (0.0708)  loss_giou_enc: 0.6029 (0.6485)  loss_class_dn: 0.4214 (0.4050)  loss_bbox_dn: 0.0465 (0.0501)  loss_giou_dn: 0.5436 (0.5223)  loss_class_dn_0: 0.4933 (0.4759)  loss_bbox_dn_0: 0.0576 (0.0664)  loss_giou_dn_0: 0.6978 (0.6223)  loss_class_dn_1: 0.4484 (0.4291)  loss_bbox_dn_1: 0.0464 (0.0529)  loss_giou_dn_1: 0.5885 (0.5403)  loss_class_dn_2: 0.4245 (0.4122)  loss_bbox_dn_2: 0.0457 (0.0504)  loss_giou_dn_2: 0.5561 (0.5245)  loss_class_dn_3: 0.4288 (0.4067)  loss_bbox_dn_3: 0.0460 (0.0502)  loss_giou_dn_3: 0.5507 (0.5228)  loss_class_dn_4: 0.4232 (0.4051)  loss_bbox_dn_4: 0.0465 (0.0501)  loss_giou_dn_4: 0.5437 (0.5222)  loss_position: 0.2590 (0.3114)  loss_class_hybrid: 0.5722 (0.5537)  loss_bbox_hybrid: 0.0638 (0.0752)  loss_giou_hybrid: 0.6007 (0.6592)  loss_class_0_hybrid: 0.5877 (0.5758)  loss_bbox_0_hybrid: 0.0719 (0.0845)  loss_giou_0_hybrid: 0.6266 (0.7028)  loss_class_1_hybrid: 0.5766 (0.5630)  loss_bbox_1_hybrid: 0.0659 (0.0783)  loss_giou_1_hybrid: 0.6052 (0.6723)  loss_class_2_hybrid: 0.5713 (0.5566)  loss_bbox_2_hybrid: 0.0640 (0.0766)  loss_giou_2_hybrid: 0.6055 (0.6630)  loss_class_3_hybrid: 0.5748 (0.5542)  loss_bbox_3_hybrid: 0.0641 (0.0757)  loss_giou_3_hybrid: 0.6050 (0.6598)  loss_class_4_hybrid: 0.5804 (0.5536)  loss_bbox_4_hybrid: 0.0637 (0.0752)  loss_giou_4_hybrid: 0.5999 (0.6593)  loss_class_enc_hybrid: 0.5913 (0.5450)  loss_bbox_enc_hybrid: 0.0935 (0.1085)  loss_giou_enc_hybrid: 0.7481 (0.8380)  mem: 791  max mem: 4549
[2026-08-04 16:05:22 accelerate.tracking]: [RANK 0] Successfully logged to TensorBoard
[2026-08-04 16:05:41 det.util.engine]: Epoch: [12]  [2850/6471]  eta: 0:24:30  lr: 0.000010  data_time: 0.0009  iter_time: 0.3562  loss: 22.5047 (24.4797)  loss_class: 0.5492 (0.5723)  loss_bbox: 0.0485 (0.0545)  loss_giou: 0.4365 (0.5609)  loss_class_0: 0.6807 (0.7118)  loss_bbox_0: 0.0523 (0.0574)  loss_giou_0: 0.4641 (0.5755)  loss_class_1: 0.5841 (0.6100)  loss_bbox_1: 0.0480 (0.0553)  loss_giou_1: 0.4583 (0.5645)  loss_class_2: 0.5693 (0.5873)  loss_bbox_2: 0.0468 (0.0547)  loss_giou_2: 0.4469 (0.5611)  loss_class_3: 0.5500 (0.5777)  loss_bbox_3: 0.0477 (0.0546)  loss_giou_3: 0.4383 (0.5605)  loss_class_4: 0.5504 (0.5741)  loss_bbox_4: 0.0483 (0.0545)  loss_giou_4: 0.4351 (0.5606)  loss_class_enc: 0.6333 (0.6701)  loss_bbox_enc: 0.0629 (0.0707)  loss_giou_enc: 0.5273 (0.6484)  loss_class_dn: 0.4072 (0.4049)  loss_bbox_dn: 0.0362 (0.0500)  loss_giou_dn: 0.4565 (0.5220)  loss_class_dn_0: 0.4772 (0.4758)  loss_bbox_dn_0: 0.0512 (0.0663)  loss_giou_dn_0: 0.5824 (0.6220)  loss_class_dn_1: 0.4331 (0.4290)  loss_bbox_dn_1: 0.0392 (0.0528)  loss_giou_dn_1: 0.4791 (0.5400)  loss_class_dn_2: 0.4178 (0.4121)  loss_bbox_dn_2: 0.0363 (0.0503)  loss_giou_dn_2: 0.4709 (0.5242)  loss_class_dn_3: 0.4076 (0.4066)  loss_bbox_dn_3: 0.0361 (0.0501)  loss_giou_dn_3: 0.4573 (0.5225)  loss_class_dn_4: 0.4104 (0.4050)  loss_bbox_dn_4: 0.0362 (0.0500)  loss_giou_dn_4: 0.4565 (0.5220)  loss_position: 0.3013 (0.3113)  loss_class_hybrid: 0.5600 (0.5535)  loss_bbox_hybrid: 0.0541 (0.0750)  loss_giou_hybrid: 0.5065 (0.6589)  loss_class_0_hybrid: 0.5859 (0.5756)  loss_bbox_0_hybrid: 0.0589 (0.0843)  loss_giou_0_hybrid: 0.5313 (0.7025)  loss_class_1_hybrid: 0.5626 (0.5628)  loss_bbox_1_hybrid: 0.0548 (0.0781)  loss_giou_1_hybrid: 0.5057 (0.6720)  loss_class_2_hybrid: 0.5613 (0.5565)  loss_bbox_2_hybrid: 0.0542 (0.0764)  loss_giou_2_hybrid: 0.5123 (0.6627)  loss_class_3_hybrid: 0.5669 (0.5540)  loss_bbox_3_hybrid: 0.0545 (0.0755)  loss_giou_3_hybrid: 0.5068 (0.6595)  loss_class_4_hybrid: 0.5686 (0.5534)  loss_bbox_4_hybrid: 0.0544 (0.0750)  loss_giou_4_hybrid: 0.5066 (0.6591)  loss_class_enc_hybrid: 0.5657 (0.5448)  loss_bbox_enc_hybrid: 0.0862 (0.1083)  loss_giou_enc_hybrid: 0.6391 (0.8378)  mem: 794  max mem: 4549
[2026-08-04 16:05:41 accelerate.tracking]: [RANK 0] Successfully logged to TensorBoard
[2026-08-04 16:06:03 det.util.engine]: Epoch: [12]  [2900/6471]  eta: 0:24:12  lr: 0.000010  data_time: 0.0010  iter_time: 0.3749  loss: 25.0999 (24.4927)  loss_class: 0.5939 (0.5726)  loss_bbox: 0.0456 (0.0545)  loss_giou: 0.5268 (0.5613)  loss_class_0: 0.7361 (0.7121)  loss_bbox_0: 0.0470 (0.0574)  loss_giou_0: 0.5520 (0.5758)  loss_class_1: 0.6404 (0.6105)  loss_bbox_1: 0.0447 (0.0553)  loss_giou_1: 0.5369 (0.5648)  loss_class_2: 0.6239 (0.5876)  loss_bbox_2: 0.0446 (0.0547)  loss_giou_2: 0.5412 (0.5614)  loss_class_3: 0.6075 (0.5780)  loss_bbox_3: 0.0452 (0.0546)  loss_giou_3: 0.5294 (0.5609)  loss_class_4: 0.5948 (0.5745)  loss_bbox_4: 0.0457 (0.0544)  loss_giou_4: 0.5377 (0.5610)  loss_class_enc: 0.6853 (0.6706)  loss_bbox_enc: 0.0529 (0.0706)  loss_giou_enc: 0.6105 (0.6485)  loss_class_dn: 0.4114 (0.4051)  loss_bbox_dn: 0.0387 (0.0500)  loss_giou_dn: 0.5317 (0.5223)  loss_class_dn_0: 0.4771 (0.4760)  loss_bbox_dn_0: 0.0496 (0.0662)  loss_giou_dn_0: 0.6351 (0.6222)  loss_class_dn_1: 0.4384 (0.4292)  loss_bbox_dn_1: 0.0406 (0.0528)  loss_giou_dn_1: 0.5467 (0.5403)  loss_class_dn_2: 0.4257 (0.4124)  loss_bbox_dn_2: 0.0386 (0.0503)  loss_giou_dn_2: 0.5374 (0.5245)  loss_class_dn_3: 0.4153 (0.4069)  loss_bbox_dn_3: 0.0386 (0.0501)  loss_giou_dn_3: 0.5321 (0.5228)  loss_class_dn_4: 0.4116 (0.4053)  loss_bbox_dn_4: 0.0386 (0.0500)  loss_giou_dn_4: 0.5312 (0.5222)  loss_position: 0.2953 (0.3112)  loss_class_hybrid: 0.5961 (0.5538)  loss_bbox_hybrid: 0.0624 (0.0751)  loss_giou_hybrid: 0.5681 (0.6595)  loss_class_0_hybrid: 0.6138 (0.5759)  loss_bbox_0_hybrid: 0.0648 (0.0843)  loss_giou_0_hybrid: 0.6102 (0.7030)  loss_class_1_hybrid: 0.6064 (0.5631)  loss_bbox_1_hybrid: 0.0645 (0.0782)  loss_giou_1_hybrid: 0.5765 (0.6726)  loss_class_2_hybrid: 0.6043 (0.5568)  loss_bbox_2_hybrid: 0.0631 (0.0765)  loss_giou_2_hybrid: 0.5654 (0.6632)  loss_class_3_hybrid: 0.6029 (0.5544)  loss_bbox_3_hybrid: 0.0623 (0.0756)  loss_giou_3_hybrid: 0.5688 (0.6600)  loss_class_4_hybrid: 0.5989 (0.5537)  loss_bbox_4_hybrid: 0.0625 (0.0751)  loss_giou_4_hybrid: 0.5692 (0.6596)  loss_class_enc_hybrid: 0.5729 (0.5450)  loss_bbox_enc_hybrid: 0.0813 (0.1083)  loss_giou_enc_hybrid: 0.6908 (0.8381)  mem: 797  max mem: 4559
[2026-08-04 16:06:03 accelerate.tracking]: [RANK 0] Successfully logged to TensorBoard
[2026-08-04 16:06:22 det.util.engine]: Epoch: [12]  [2950/6471]  eta: 0:23:51  lr: 0.000010  data_time: 0.0009  iter_time: 0.3644  loss: 21.9235 (24.4807)  loss_class: 0.5350 (0.5722)  loss_bbox: 0.0500 (0.0546)  loss_giou: 0.4781 (0.5610)  loss_class_0: 0.6581 (0.7116)  loss_bbox_0: 0.0506 (0.0574)  loss_giou_0: 0.4869 (0.5755)  loss_class_1: 0.5817 (0.6099)  loss_bbox_1: 0.0483 (0.0554)  loss_giou_1: 0.4777 (0.5645)  loss_class_2: 0.5553 (0.5872)  loss_bbox_2: 0.0498 (0.0548)  loss_giou_2: 0.4764 (0.5611)  loss_class_3: 0.5433 (0.5775)  loss_bbox_3: 0.0502 (0.0547)  loss_giou_3: 0.4784 (0.5606)  loss_class_4: 0.5364 (0.5741)  loss_bbox_4: 0.0503 (0.0545)  loss_giou_4: 0.4803 (0.5607)  loss_class_enc: 0.6336 (0.6703)  loss_bbox_enc: 0.0653 (0.0707)  loss_giou_enc: 0.5736 (0.6483)  loss_class_dn: 0.3954 (0.4051)  loss_bbox_dn: 0.0426 (0.0501)  loss_giou_dn: 0.4335 (0.5222)  loss_class_dn_0: 0.4624 (0.4760)  loss_bbox_dn_0: 0.0503 (0.0664)  loss_giou_dn_0: 0.5343 (0.6222)  loss_class_dn_1: 0.4179 (0.4292)  loss_bbox_dn_1: 0.0423 (0.0530)  loss_giou_dn_1: 0.4529 (0.5402)  loss_class_dn_2: 0.4033 (0.4124)  loss_bbox_dn_2: 0.0428 (0.0504)  loss_giou_dn_2: 0.4320 (0.5244)  loss_class_dn_3: 0.3981 (0.4068)  loss_bbox_dn_3: 0.0426 (0.0502)  loss_giou_dn_3: 0.4282 (0.5227)  loss_class_dn_4: 0.3977 (0.4052)  loss_bbox_dn_4: 0.0426 (0.0501)  loss_giou_dn_4: 0.4327 (0.5221)  loss_position: 0.2434 (0.3107)  loss_class_hybrid: 0.5189 (0.5533)  loss_bbox_hybrid: 0.0607 (0.0751)  loss_giou_hybrid: 0.4772 (0.6588)  loss_class_0_hybrid: 0.5752 (0.5755)  loss_bbox_0_hybrid: 0.0664 (0.0844)  loss_giou_0_hybrid: 0.4944 (0.7023)  loss_class_1_hybrid: 0.5512 (0.5627)  loss_bbox_1_hybrid: 0.0638 (0.0782)  loss_giou_1_hybrid: 0.4748 (0.6719)  loss_class_2_hybrid: 0.5309 (0.5564)  loss_bbox_2_hybrid: 0.0621 (0.0765)  loss_giou_2_hybrid: 0.4748 (0.6626)  loss_class_3_hybrid: 0.5266 (0.5540)  loss_bbox_3_hybrid: 0.0610 (0.0756)  loss_giou_3_hybrid: 0.4807 (0.6594)  loss_class_4_hybrid: 0.5206 (0.5533)  loss_bbox_4_hybrid: 0.0605 (0.0751)  loss_giou_4_hybrid: 0.4776 (0.6590)  loss_class_enc_hybrid: 0.5603 (0.5447)  loss_bbox_enc_hybrid: 0.0873 (0.1083)  loss_giou_enc_hybrid: 0.6184 (0.8375)  mem: 786  max mem: 6090
[2026-08-04 16:06:22 accelerate.tracking]: [RANK 0] Successfully logged to TensorBoard
[2026-08-04 16:06:51 det.util.engine]: Epoch: [12]  [3000/6471]  eta: 0:23:40  lr: 0.000010  data_time: 0.0010  iter_time: 0.5457  loss: 24.0938 (24.4750)  loss_class: 0.5180 (0.5718)  loss_bbox: 0.0385 (0.0544)  loss_giou: 0.5353 (0.5610)  loss_class_0: 0.6848 (0.7115)  loss_bbox_0: 0.0372 (0.0573)  loss_giou_0: 0.5594 (0.5755)  loss_class_1: 0.5404 (0.6095)  loss_bbox_1: 0.0366 (0.0552)  loss_giou_1: 0.5372 (0.5646)  loss_class_2: 0.5172 (0.5867)  loss_bbox_2: 0.0364 (0.0546)  loss_giou_2: 0.5374 (0.5611)  loss_class_3: 0.5218 (0.5771)  loss_bbox_3: 0.0358 (0.0545)  loss_giou_3: 0.5322 (0.5607)  loss_class_4: 0.5136 (0.5737)  loss_bbox_4: 0.0385 (0.0543)  loss_giou_4: 0.5332 (0.5607)  loss_class_enc: 0.6200 (0.6698)  loss_bbox_enc: 0.0514 (0.0705)  loss_giou_enc: 0.6470 (0.6484)  loss_class_dn: 0.3992 (0.4048)  loss_bbox_dn: 0.0270 (0.0499)  loss_giou_dn: 0.5272 (0.5219)  loss_class_dn_0: 0.4734 (0.4758)  loss_bbox_dn_0: 0.0390 (0.0662)  loss_giou_dn_0: 0.6128 (0.6219)  loss_class_dn_1: 0.4279 (0.4289)  loss_bbox_dn_1: 0.0354 (0.0528)  loss_giou_dn_1: 0.5508 (0.5399)  loss_class_dn_2: 0.4111 (0.4121)  loss_bbox_dn_2: 0.0270 (0.0503)  loss_giou_dn_2: 0.5349 (0.5241)  loss_class_dn_3: 0.4070 (0.4066)  loss_bbox_dn_3: 0.0269 (0.0500)  loss_giou_dn_3: 0.5290 (0.5224)  loss_class_dn_4: 0.4033 (0.4050)  loss_bbox_dn_4: 0.0270 (0.0499)  loss_giou_dn_4: 0.5271 (0.5218)  loss_position: 0.2750 (0.3111)  loss_class_hybrid: 0.5052 (0.5530)  loss_bbox_hybrid: 0.0434 (0.0753)  loss_giou_hybrid: 0.5505 (0.6592)  loss_class_0_hybrid: 0.5325 (0.5753)  loss_bbox_0_hybrid: 0.0711 (0.0846)  loss_giou_0_hybrid: 0.5931 (0.7027)  loss_class_1_hybrid: 0.5163 (0.5625)  loss_bbox_1_hybrid: 0.0440 (0.0784)  loss_giou_1_hybrid: 0.5525 (0.6723)  loss_class_2_hybrid: 0.5124 (0.5561)  loss_bbox_2_hybrid: 0.0432 (0.0767)  loss_giou_2_hybrid: 0.5534 (0.6629)  loss_class_3_hybrid: 0.5064 (0.5537)  loss_bbox_3_hybrid: 0.0431 (0.0758)  loss_giou_3_hybrid: 0.5403 (0.6597)  loss_class_4_hybrid: 0.5068 (0.5529)  loss_bbox_4_hybrid: 0.0435 (0.0753)  loss_giou_4_hybrid: 0.5471 (0.6593)  loss_class_enc_hybrid: 0.4977 (0.5444)  loss_bbox_enc_hybrid: 0.0925 (0.1086)  loss_giou_enc_hybrid: 0.7769 (0.8381)  mem: 788  max mem: 6090
[2026-08-04 16:06:51 accelerate.tracking]: [RANK 0] Successfully logged to TensorBoard
[2026-08-04 16:07:09 det.util.engine]: Epoch: [12]  [3050/6471]  eta: 0:23:17  lr: 0.000010  data_time: 0.0009  iter_time: 0.3670  loss: 23.0741 (24.4555)  loss_class: 0.5573 (0.5716)  loss_bbox: 0.0412 (0.0543)  loss_giou: 0.5024 (0.5603)  loss_class_0: 0.6771 (0.7113)  loss_bbox_0: 0.0415 (0.0572)  loss_giou_0: 0.4929 (0.5748)  loss_class_1: 0.5809 (0.6092)  loss_bbox_1: 0.0404 (0.0551)  loss_giou_1: 0.4868 (0.5638)  loss_class_2: 0.5628 (0.5863)  loss_bbox_2: 0.0413 (0.0545)  loss_giou_2: 0.4948 (0.5605)  loss_class_3: 0.5511 (0.5768)  loss_bbox_3: 0.0417 (0.0544)  loss_giou_3: 0.5042 (0.5600)  loss_class_4: 0.5596 (0.5733)  loss_bbox_4: 0.0414 (0.0543)  loss_giou_4: 0.4954 (0.5600)  loss_class_enc: 0.6593 (0.6699)  loss_bbox_enc: 0.0510 (0.0705)  loss_giou_enc: 0.5690 (0.6476)  loss_class_dn: 0.4007 (0.4047)  loss_bbox_dn: 0.0352 (0.0499)  loss_giou_dn: 0.5264 (0.5214)  loss_class_dn_0: 0.4791 (0.4758)  loss_bbox_dn_0: 0.0442 (0.0663)  loss_giou_dn_0: 0.6019 (0.6215)  loss_class_dn_1: 0.4155 (0.4288)  loss_bbox_dn_1: 0.0352 (0.0528)  loss_giou_dn_1: 0.5236 (0.5394)  loss_class_dn_2: 0.4044 (0.4120)  loss_bbox_dn_2: 0.0353 (0.0503)  loss_giou_dn_2: 0.5278 (0.5236)  loss_class_dn_3: 0.4005 (0.4064)  loss_bbox_dn_3: 0.0351 (0.0500)  loss_giou_dn_3: 0.5261 (0.5219)  loss_class_dn_4: 0.3980 (0.4048)  loss_bbox_dn_4: 0.0352 (0.0499)  loss_giou_dn_4: 0.5272 (0.5213)  loss_position: 0.2487 (0.3109)  loss_class_hybrid: 0.5281 (0.5530)  loss_bbox_hybrid: 0.0538 (0.0750)  loss_giou_hybrid: 0.5195 (0.6582)  loss_class_0_hybrid: 0.5530 (0.5754)  loss_bbox_0_hybrid: 0.0603 (0.0843)  loss_giou_0_hybrid: 0.5560 (0.7016)  loss_class_1_hybrid: 0.5418 (0.5625)  loss_bbox_1_hybrid: 0.0546 (0.0782)  loss_giou_1_hybrid: 0.5245 (0.6712)  loss_class_2_hybrid: 0.5386 (0.5562)  loss_bbox_2_hybrid: 0.0535 (0.0765)  loss_giou_2_hybrid: 0.5158 (0.6619)  loss_class_3_hybrid: 0.5303 (0.5537)  loss_bbox_3_hybrid: 0.0533 (0.0755)  loss_giou_3_hybrid: 0.5207 (0.6587)  loss_class_4_hybrid: 0.5235 (0.5529)  loss_bbox_4_hybrid: 0.0534 (0.0750)  loss_giou_4_hybrid: 0.5211 (0.6583)  loss_class_enc_hybrid: 0.5555 (0.5446)  loss_bbox_enc_hybrid: 0.0845 (0.1083)  loss_giou_enc_hybrid: 0.6612 (0.8370)  mem: 787  max mem: 6090
[2026-08-04 16:07:09 accelerate.tracking]: [RANK 0] Successfully logged to TensorBoard
[2026-08-04 16:07:27 det.util.engine]: Epoch: [12]  [3100/6471]  eta: 0:22:54  lr: 0.000010  data_time: 0.0010  iter_time: 0.3504  loss: 23.8159 (24.4436)  loss_class: 0.5711 (0.5715)  loss_bbox: 0.0520 (0.0543)  loss_giou: 0.5167 (0.5598)  loss_class_0: 0.7191 (0.7112)  loss_bbox_0: 0.0544 (0.0572)  loss_giou_0: 0.5607 (0.5744)  loss_class_1: 0.6051 (0.6091)  loss_bbox_1: 0.0513 (0.0551)  loss_giou_1: 0.5572 (0.5634)  loss_class_2: 0.5723 (0.5862)  loss_bbox_2: 0.0493 (0.0545)  loss_giou_2: 0.5142 (0.5600)  loss_class_3: 0.5805 (0.5767)  loss_bbox_3: 0.0493 (0.0544)  loss_giou_3: 0.5183 (0.5596)  loss_class_4: 0.5850 (0.5733)  loss_bbox_4: 0.0494 (0.0542)  loss_giou_4: 0.5196 (0.5596)  loss_class_enc: 0.6768 (0.6699)  loss_bbox_enc: 0.0696 (0.0704)  loss_giou_enc: 0.6454 (0.6471)  loss_class_dn: 0.4052 (0.4046)  loss_bbox_dn: 0.0497 (0.0499)  loss_giou_dn: 0.5310 (0.5213)  loss_class_dn_0: 0.4725 (0.4757)  loss_bbox_dn_0: 0.0595 (0.0662)  loss_giou_dn_0: 0.6316 (0.6213)  loss_class_dn_1: 0.4301 (0.4287)  loss_bbox_dn_1: 0.0504 (0.0528)  loss_giou_dn_1: 0.5515 (0.5393)  loss_class_dn_2: 0.4117 (0.4119)  loss_bbox_dn_2: 0.0501 (0.0503)  loss_giou_dn_2: 0.5290 (0.5235)  loss_class_dn_3: 0.4123 (0.4064)  loss_bbox_dn_3: 0.0498 (0.0500)  loss_giou_dn_3: 0.5286 (0.5217)  loss_class_dn_4: 0.4043 (0.4048)  loss_bbox_dn_4: 0.0497 (0.0499)  loss_giou_dn_4: 0.5304 (0.5212)  loss_position: 0.3114 (0.3107)  loss_class_hybrid: 0.5505 (0.5530)  loss_bbox_hybrid: 0.0578 (0.0749)  loss_giou_hybrid: 0.6092 (0.6574)  loss_class_0_hybrid: 0.5643 (0.5753)  loss_bbox_0_hybrid: 0.0638 (0.0841)  loss_giou_0_hybrid: 0.6356 (0.7009)  loss_class_1_hybrid: 0.5403 (0.5625)  loss_bbox_1_hybrid: 0.0596 (0.0780)  loss_giou_1_hybrid: 0.6219 (0.6705)  loss_class_2_hybrid: 0.5454 (0.5562)  loss_bbox_2_hybrid: 0.0588 (0.0763)  loss_giou_2_hybrid: 0.6140 (0.6611)  loss_class_3_hybrid: 0.5466 (0.5537)  loss_bbox_3_hybrid: 0.0584 (0.0753)  loss_giou_3_hybrid: 0.6081 (0.6579)  loss_class_4_hybrid: 0.5496 (0.5529)  loss_bbox_4_hybrid: 0.0580 (0.0749)  loss_giou_4_hybrid: 0.6102 (0.6575)  loss_class_enc_hybrid: 0.5272 (0.5447)  loss_bbox_enc_hybrid: 0.0837 (0.1081)  loss_giou_enc_hybrid: 0.7871 (0.8361)  mem: 790  max mem: 6090
[2026-08-04 16:07:27 accelerate.tracking]: [RANK 0] Successfully logged to TensorBoard
[2026-08-04 16:07:52 det.util.engine]: Epoch: [12]  [3150/6471]  eta: 0:22:39  lr: 0.000010  data_time: 0.0009  iter_time: 0.6102  loss: 26.1624 (24.4507)  loss_class: 0.5670 (0.5715)  loss_bbox: 0.0489 (0.0544)  loss_giou: 0.5614 (0.5598)  loss_class_0: 0.6691 (0.7119)  loss_bbox_0: 0.0526 (0.0572)  loss_giou_0: 0.5287 (0.5744)  loss_class_1: 0.6034 (0.6094)  loss_bbox_1: 0.0492 (0.0552)  loss_giou_1: 0.5775 (0.5633)  loss_class_2: 0.5673 (0.5864)  loss_bbox_2: 0.0495 (0.0545)  loss_giou_2: 0.5634 (0.5599)  loss_class_3: 0.5769 (0.5768)  loss_bbox_3: 0.0507 (0.0545)  loss_giou_3: 0.5618 (0.5595)  loss_class_4: 0.5799 (0.5734)  loss_bbox_4: 0.0490 (0.0543)  loss_giou_4: 0.5610 (0.5595)  loss_class_enc: 0.6451 (0.6702)  loss_bbox_enc: 0.0714 (0.0706)  loss_giou_enc: 0.6566 (0.6472)  loss_class_dn: 0.4119 (0.4045)  loss_bbox_dn: 0.0417 (0.0500)  loss_giou_dn: 0.5581 (0.5213)  loss_class_dn_0: 0.4623 (0.4757)  loss_bbox_dn_0: 0.0555 (0.0664)  loss_giou_dn_0: 0.6469 (0.6214)  loss_class_dn_1: 0.4271 (0.4287)  loss_bbox_dn_1: 0.0427 (0.0529)  loss_giou_dn_1: 0.5746 (0.5393)  loss_class_dn_2: 0.4167 (0.4119)  loss_bbox_dn_2: 0.0427 (0.0504)  loss_giou_dn_2: 0.5617 (0.5235)  loss_class_dn_3: 0.4126 (0.4063)  loss_bbox_dn_3: 0.0414 (0.0501)  loss_giou_dn_3: 0.5615 (0.5218)  loss_class_dn_4: 0.4102 (0.4047)  loss_bbox_dn_4: 0.0417 (0.0500)  loss_giou_dn_4: 0.5583 (0.5212)  loss_position: 0.3039 (0.3111)  loss_class_hybrid: 0.5227 (0.5531)  loss_bbox_hybrid: 0.0592 (0.0751)  loss_giou_hybrid: 0.5790 (0.6575)  loss_class_0_hybrid: 0.5373 (0.5756)  loss_bbox_0_hybrid: 0.0689 (0.0844)  loss_giou_0_hybrid: 0.6164 (0.7010)  loss_class_1_hybrid: 0.5465 (0.5627)  loss_bbox_1_hybrid: 0.0630 (0.0783)  loss_giou_1_hybrid: 0.5910 (0.6707)  loss_class_2_hybrid: 0.5306 (0.5563)  loss_bbox_2_hybrid: 0.0612 (0.0766)  loss_giou_2_hybrid: 0.5862 (0.6613)  loss_class_3_hybrid: 0.5273 (0.5538)  loss_bbox_3_hybrid: 0.0611 (0.0756)  loss_giou_3_hybrid: 0.5756 (0.6580)  loss_class_4_hybrid: 0.5178 (0.5530)  loss_bbox_4_hybrid: 0.0601 (0.0751)  loss_giou_4_hybrid: 0.5798 (0.6576)  loss_class_enc_hybrid: 0.5118 (0.5451)  loss_bbox_enc_hybrid: 0.1022 (0.1085)  loss_giou_enc_hybrid: 0.7245 (0.8363)  mem: 785  max mem: 6090
[2026-08-04 16:07:52 accelerate.tracking]: [RANK 0] Successfully logged to TensorBoard
[2026-08-04 16:08:13 det.util.engine]: Epoch: [12]  [3200/6471]  eta: 0:22:19  lr: 0.000010  data_time: 0.0010  iter_time: 0.5002  loss: 24.3768 (24.4319)  loss_class: 0.5454 (0.5711)  loss_bbox: 0.0423 (0.0542)  loss_giou: 0.5306 (0.5592)  loss_class_0: 0.6556 (0.7115)  loss_bbox_0: 0.0476 (0.0571)  loss_giou_0: 0.5600 (0.5739)  loss_class_1: 0.5652 (0.6090)  loss_bbox_1: 0.0439 (0.0550)  loss_giou_1: 0.5354 (0.5627)  loss_class_2: 0.5592 (0.5859)  loss_bbox_2: 0.0426 (0.0544)  loss_giou_2: 0.5345 (0.5594)  loss_class_3: 0.5579 (0.5764)  loss_bbox_3: 0.0421 (0.0543)  loss_giou_3: 0.5295 (0.5589)  loss_class_4: 0.5500 (0.5729)  loss_bbox_4: 0.0419 (0.0541)  loss_giou_4: 0.5304 (0.5590)  loss_class_enc: 0.6017 (0.6697)  loss_bbox_enc: 0.0555 (0.0705)  loss_giou_enc: 0.6322 (0.6469)  loss_class_dn: 0.4026 (0.4044)  loss_bbox_dn: 0.0363 (0.0498)  loss_giou_dn: 0.5188 (0.5209)  loss_class_dn_0: 0.4802 (0.4757)  loss_bbox_dn_0: 0.0501 (0.0663)  loss_giou_dn_0: 0.6405 (0.6211)  loss_class_dn_1: 0.4391 (0.4286)  loss_bbox_dn_1: 0.0390 (0.0528)  loss_giou_dn_1: 0.5385 (0.5389)  loss_class_dn_2: 0.4169 (0.4117)  loss_bbox_dn_2: 0.0368 (0.0502)  loss_giou_dn_2: 0.5218 (0.5232)  loss_class_dn_3: 0.4050 (0.4062)  loss_bbox_dn_3: 0.0363 (0.0500)  loss_giou_dn_3: 0.5206 (0.5214)  loss_class_dn_4: 0.4054 (0.4045)  loss_bbox_dn_4: 0.0363 (0.0498)  loss_giou_dn_4: 0.5187 (0.5209)  loss_position: 0.2516 (0.3106)  loss_class_hybrid: 0.5347 (0.5528)  loss_bbox_hybrid: 0.0568 (0.0749)  loss_giou_hybrid: 0.6575 (0.6570)  loss_class_0_hybrid: 0.5195 (0.5752)  loss_bbox_0_hybrid: 0.0731 (0.0843)  loss_giou_0_hybrid: 0.7412 (0.7006)  loss_class_1_hybrid: 0.5321 (0.5624)  loss_bbox_1_hybrid: 0.0586 (0.0781)  loss_giou_1_hybrid: 0.6864 (0.6702)  loss_class_2_hybrid: 0.5266 (0.5559)  loss_bbox_2_hybrid: 0.0596 (0.0764)  loss_giou_2_hybrid: 0.6698 (0.6607)  loss_class_3_hybrid: 0.5325 (0.5535)  loss_bbox_3_hybrid: 0.0571 (0.0754)  loss_giou_3_hybrid: 0.6564 (0.6575)  loss_class_4_hybrid: 0.5273 (0.5527)  loss_bbox_4_hybrid: 0.0574 (0.0749)  loss_giou_4_hybrid: 0.6564 (0.6571)  loss_class_enc_hybrid: 0.5088 (0.5448)  loss_bbox_enc_hybrid: 0.0937 (0.1083)  loss_giou_enc_hybrid: 0.8266 (0.8361)  mem: 789  max mem: 6090
[2026-08-04 16:08:13 accelerate.tracking]: [RANK 0] Successfully logged to TensorBoard
[2026-08-04 16:08:38 det.util.engine]: Epoch: [12]  [3250/6471]  eta: 0:22:02  lr: 0.000010  data_time: 0.0010  iter_time: 0.5208  loss: 23.9819 (24.4445)  loss_class: 0.5679 (0.5711)  loss_bbox: 0.0459 (0.0541)  loss_giou: 0.5441 (0.5600)  loss_class_0: 0.6571 (0.7112)  loss_bbox_0: 0.0508 (0.0570)  loss_giou_0: 0.5633 (0.5747)  loss_class_1: 0.5994 (0.6089)  loss_bbox_1: 0.0462 (0.0550)  loss_giou_1: 0.5642 (0.5636)  loss_class_2: 0.5776 (0.5858)  loss_bbox_2: 0.0459 (0.0543)  loss_giou_2: 0.5566 (0.5602)  loss_class_3: 0.5707 (0.5763)  loss_bbox_3: 0.0460 (0.0542)  loss_giou_3: 0.5486 (0.5597)  loss_class_4: 0.5686 (0.5729)  loss_bbox_4: 0.0456 (0.0541)  loss_giou_4: 0.5507 (0.5598)  loss_class_enc: 0.6503 (0.6695)  loss_bbox_enc: 0.0603 (0.0704)  loss_giou_enc: 0.6399 (0.6476)  loss_class_dn: 0.4078 (0.4044)  loss_bbox_dn: 0.0384 (0.0498)  loss_giou_dn: 0.5478 (0.5214)  loss_class_dn_0: 0.4764 (0.4756)  loss_bbox_dn_0: 0.0487 (0.0661)  loss_giou_dn_0: 0.6432 (0.6215)  loss_class_dn_1: 0.4320 (0.4286)  loss_bbox_dn_1: 0.0389 (0.0527)  loss_giou_dn_1: 0.5585 (0.5394)  loss_class_dn_2: 0.4230 (0.4118)  loss_bbox_dn_2: 0.0383 (0.0501)  loss_giou_dn_2: 0.5502 (0.5237)  loss_class_dn_3: 0.4161 (0.4062)  loss_bbox_dn_3: 0.0381 (0.0499)  loss_giou_dn_3: 0.5473 (0.5219)  loss_class_dn_4: 0.4098 (0.4046)  loss_bbox_dn_4: 0.0384 (0.0498)  loss_giou_dn_4: 0.5477 (0.5214)  loss_position: 0.3034 (0.3105)  loss_class_hybrid: 0.5539 (0.5527)  loss_bbox_hybrid: 0.0680 (0.0750)  loss_giou_hybrid: 0.6060 (0.6580)  loss_class_0_hybrid: 0.5692 (0.5747)  loss_bbox_0_hybrid: 0.0773 (0.0844)  loss_giou_0_hybrid: 0.6328 (0.7017)  loss_class_1_hybrid: 0.5680 (0.5621)  loss_bbox_1_hybrid: 0.0661 (0.0781)  loss_giou_1_hybrid: 0.6051 (0.6712)  loss_class_2_hybrid: 0.5575 (0.5557)  loss_bbox_2_hybrid: 0.0668 (0.0764)  loss_giou_2_hybrid: 0.6022 (0.6618)  loss_class_3_hybrid: 0.5432 (0.5534)  loss_bbox_3_hybrid: 0.0682 (0.0755)  loss_giou_3_hybrid: 0.6022 (0.6585)  loss_class_4_hybrid: 0.5526 (0.5526)  loss_bbox_4_hybrid: 0.0675 (0.0750)  loss_giou_4_hybrid: 0.6065 (0.6581)  loss_class_enc_hybrid: 0.5528 (0.5442)  loss_bbox_enc_hybrid: 0.0949 (0.1084)  loss_giou_enc_hybrid: 0.7685 (0.8373)  mem: 792  max mem: 6090
[2026-08-04 16:08:38 accelerate.tracking]: [RANK 0] Successfully logged to TensorBoard
[2026-08-04 16:08:56 det.util.engine]: Epoch: [12]  [3300/6471]  eta: 0:21:40  lr: 0.000010  data_time: 0.0010  iter_time: 0.3515  loss: 24.3625 (24.4411)  loss_class: 0.6252 (0.5713)  loss_bbox: 0.0521 (0.0541)  loss_giou: 0.5118 (0.5599)  loss_class_0: 0.7196 (0.7114)  loss_bbox_0: 0.0534 (0.0570)  loss_giou_0: 0.5268 (0.5745)  loss_class_1: 0.6551 (0.6090)  loss_bbox_1: 0.0527 (0.0549)  loss_giou_1: 0.5232 (0.5635)  loss_class_2: 0.6373 (0.5860)  loss_bbox_2: 0.0512 (0.0543)  loss_giou_2: 0.5196 (0.5601)  loss_class_3: 0.6384 (0.5767)  loss_bbox_3: 0.0514 (0.0542)  loss_giou_3: 0.5122 (0.5596)  loss_class_4: 0.6277 (0.5732)  loss_bbox_4: 0.0521 (0.0540)  loss_giou_4: 0.5123 (0.5596)  loss_class_enc: 0.7101 (0.6695)  loss_bbox_enc: 0.0592 (0.0703)  loss_giou_enc: 0.5827 (0.6473)  loss_class_dn: 0.4264 (0.4046)  loss_bbox_dn: 0.0496 (0.0497)  loss_giou_dn: 0.5355 (0.5214)  loss_class_dn_0: 0.4884 (0.4757)  loss_bbox_dn_0: 0.0589 (0.0661)  loss_giou_dn_0: 0.6264 (0.6215)  loss_class_dn_1: 0.4559 (0.4288)  loss_bbox_dn_1: 0.0519 (0.0526)  loss_giou_dn_1: 0.5351 (0.5394)  loss_class_dn_2: 0.4347 (0.4119)  loss_bbox_dn_2: 0.0503 (0.0501)  loss_giou_dn_2: 0.5268 (0.5236)  loss_class_dn_3: 0.4270 (0.4064)  loss_bbox_dn_3: 0.0496 (0.0498)  loss_giou_dn_3: 0.5323 (0.5218)  loss_class_dn_4: 0.4267 (0.4047)  loss_bbox_dn_4: 0.0496 (0.0497)  loss_giou_dn_4: 0.5356 (0.5213)  loss_position: 0.2943 (0.3102)  loss_class_hybrid: 0.5912 (0.5528)  loss_bbox_hybrid: 0.0550 (0.0748)  loss_giou_hybrid: 0.5785 (0.6576)  loss_class_0_hybrid: 0.6037 (0.5748)  loss_bbox_0_hybrid: 0.0624 (0.0841)  loss_giou_0_hybrid: 0.6145 (0.7012)  loss_class_1_hybrid: 0.5901 (0.5623)  loss_bbox_1_hybrid: 0.0575 (0.0779)  loss_giou_1_hybrid: 0.5852 (0.6708)  loss_class_2_hybrid: 0.5952 (0.5559)  loss_bbox_2_hybrid: 0.0542 (0.0762)  loss_giou_2_hybrid: 0.5771 (0.6613)  loss_class_3_hybrid: 0.5866 (0.5535)  loss_bbox_3_hybrid: 0.0547 (0.0753)  loss_giou_3_hybrid: 0.5770 (0.6581)  loss_class_4_hybrid: 0.5869 (0.5527)  loss_bbox_4_hybrid: 0.0551 (0.0748)  loss_giou_4_hybrid: 0.5785 (0.6577)  loss_class_enc_hybrid: 0.5726 (0.5444)  loss_bbox_enc_hybrid: 0.0771 (0.1082)  loss_giou_enc_hybrid: 0.7663 (0.8368)  mem: 790  max mem: 6090
[2026-08-04 16:08:56 accelerate.tracking]: [RANK 0] Successfully logged to TensorBoard
[2026-08-04 16:09:15 det.util.engine]: Epoch: [12]  [3350/6471]  eta: 0:21:18  lr: 0.000010  data_time: 0.0009  iter_time: 0.3686  loss: 23.3159 (24.4611)  loss_class: 0.6017 (0.5718)  loss_bbox: 0.0460 (0.0541)  loss_giou: 0.4735 (0.5607)  loss_class_0: 0.7106 (0.7117)  loss_bbox_0: 0.0532 (0.0570)  loss_giou_0: 0.5212 (0.5753)  loss_class_1: 0.6156 (0.6092)  loss_bbox_1: 0.0480 (0.0549)  loss_giou_1: 0.5091 (0.5642)  loss_class_2: 0.6028 (0.5864)  loss_bbox_2: 0.0485 (0.0543)  loss_giou_2: 0.4864 (0.5608)  loss_class_3: 0.6042 (0.5772)  loss_bbox_3: 0.0472 (0.0542)  loss_giou_3: 0.4797 (0.5603)  loss_class_4: 0.6042 (0.5737)  loss_bbox_4: 0.0460 (0.0541)  loss_giou_4: 0.4743 (0.5604)  loss_class_enc: 0.6893 (0.6699)  loss_bbox_enc: 0.0663 (0.0703)  loss_giou_enc: 0.5840 (0.6481)  loss_class_dn: 0.4048 (0.4047)  loss_bbox_dn: 0.0447 (0.0497)  loss_giou_dn: 0.5225 (0.5220)  loss_class_dn_0: 0.4769 (0.4758)  loss_bbox_dn_0: 0.0622 (0.0661)  loss_giou_dn_0: 0.6362 (0.6221)  loss_class_dn_1: 0.4347 (0.4290)  loss_bbox_dn_1: 0.0457 (0.0526)  loss_giou_dn_1: 0.5338 (0.5400)  loss_class_dn_2: 0.4129 (0.4121)  loss_bbox_dn_2: 0.0451 (0.0501)  loss_giou_dn_2: 0.5294 (0.5242)  loss_class_dn_3: 0.4100 (0.4066)  loss_bbox_dn_3: 0.0447 (0.0499)  loss_giou_dn_3: 0.5233 (0.5225)  loss_class_dn_4: 0.4045 (0.4049)  loss_bbox_dn_4: 0.0447 (0.0497)  loss_giou_dn_4: 0.5226 (0.5219)  loss_position: 0.3038 (0.3106)  loss_class_hybrid: 0.5440 (0.5530)  loss_bbox_hybrid: 0.0595 (0.0748)  loss_giou_hybrid: 0.6404 (0.6584)  loss_class_0_hybrid: 0.5781 (0.5749)  loss_bbox_0_hybrid: 0.0655 (0.0841)  loss_giou_0_hybrid: 0.6857 (0.7020)  loss_class_1_hybrid: 0.5632 (0.5624)  loss_bbox_1_hybrid: 0.0609 (0.0779)  loss_giou_1_hybrid: 0.6397 (0.6716)  loss_class_2_hybrid: 0.5561 (0.5560)  loss_bbox_2_hybrid: 0.0610 (0.0762)  loss_giou_2_hybrid: 0.6476 (0.6622)  loss_class_3_hybrid: 0.5432 (0.5537)  loss_bbox_3_hybrid: 0.0602 (0.0753)  loss_giou_3_hybrid: 0.6342 (0.6589)  loss_class_4_hybrid: 0.5429 (0.5529)  loss_bbox_4_hybrid: 0.0597 (0.0748)  loss_giou_4_hybrid: 0.6308 (0.6586)  loss_class_enc_hybrid: 0.5780 (0.5443)  loss_bbox_enc_hybrid: 0.0865 (0.1082)  loss_giou_enc_hybrid: 0.8009 (0.8378)  mem: 783  max mem: 6090
[2026-08-04 16:09:15 accelerate.tracking]: [RANK 0] Successfully logged to TensorBoard
[2026-08-04 16:09:33 det.util.engine]: Epoch: [12]  [3400/6471]  eta: 0:20:55  lr: 0.000010  data_time: 0.0009  iter_time: 0.3688  loss: 24.5599 (24.4459)  loss_class: 0.5210 (0.5716)  loss_bbox: 0.0498 (0.0541)  loss_giou: 0.5033 (0.5602)  loss_class_0: 0.6871 (0.7117)  loss_bbox_0: 0.0481 (0.0570)  loss_giou_0: 0.4631 (0.5748)  loss_class_1: 0.5725 (0.6091)  loss_bbox_1: 0.0460 (0.0549)  loss_giou_1: 0.4539 (0.5638)  loss_class_2: 0.5567 (0.5863)  loss_bbox_2: 0.0501 (0.0543)  loss_giou_2: 0.4771 (0.5603)  loss_class_3: 0.5369 (0.5771)  loss_bbox_3: 0.0496 (0.0542)  loss_giou_3: 0.5032 (0.5598)  loss_class_4: 0.5278 (0.5735)  loss_bbox_4: 0.0500 (0.0541)  loss_giou_4: 0.5029 (0.5599)  loss_class_enc: 0.6430 (0.6698)  loss_bbox_enc: 0.0598 (0.0704)  loss_giou_enc: 0.5769 (0.6477)  loss_class_dn: 0.3914 (0.4046)  loss_bbox_dn: 0.0376 (0.0497)  loss_giou_dn: 0.4285 (0.5215)  loss_class_dn_0: 0.4694 (0.4758)  loss_bbox_dn_0: 0.0573 (0.0661)  loss_giou_dn_0: 0.5963 (0.6216)  loss_class_dn_1: 0.4262 (0.4289)  loss_bbox_dn_1: 0.0400 (0.0526)  loss_giou_dn_1: 0.4600 (0.5394)  loss_class_dn_2: 0.4075 (0.4120)  loss_bbox_dn_2: 0.0380 (0.0501)  loss_giou_dn_2: 0.4338 (0.5237)  loss_class_dn_3: 0.3996 (0.4064)  loss_bbox_dn_3: 0.0378 (0.0499)  loss_giou_dn_3: 0.4285 (0.5220)  loss_class_dn_4: 0.3898 (0.4048)  loss_bbox_dn_4: 0.0376 (0.0497)  loss_giou_dn_4: 0.4287 (0.5214)  loss_position: 0.2935 (0.3104)  loss_class_hybrid: 0.5444 (0.5531)  loss_bbox_hybrid: 0.0630 (0.0747)  loss_giou_hybrid: 0.5076 (0.6573)  loss_class_0_hybrid: 0.5697 (0.5751)  loss_bbox_0_hybrid: 0.0788 (0.0840)  loss_giou_0_hybrid: 0.5175 (0.7010)  loss_class_1_hybrid: 0.5750 (0.5625)  loss_bbox_1_hybrid: 0.0676 (0.0778)  loss_giou_1_hybrid: 0.4986 (0.6706)  loss_class_2_hybrid: 0.5443 (0.5561)  loss_bbox_2_hybrid: 0.0674 (0.0761)  loss_giou_2_hybrid: 0.5045 (0.6611)  loss_class_3_hybrid: 0.5363 (0.5538)  loss_bbox_3_hybrid: 0.0651 (0.0752)  loss_giou_3_hybrid: 0.5071 (0.6579)  loss_class_4_hybrid: 0.5497 (0.5530)  loss_bbox_4_hybrid: 0.0642 (0.0747)  loss_giou_4_hybrid: 0.5082 (0.6575)  loss_class_enc_hybrid: 0.5499 (0.5444)  loss_bbox_enc_hybrid: 0.1027 (0.1081)  loss_giou_enc_hybrid: 0.6934 (0.8369)  mem: 791  max mem: 6090
[2026-08-04 16:09:33 accelerate.tracking]: [RANK 0] Successfully logged to TensorBoard
[2026-08-04 16:09:52 det.util.engine]: Epoch: [12]  [3450/6471]  eta: 0:20:34  lr: 0.000010  data_time: 0.0010  iter_time: 0.3580  loss: 23.3729 (24.4355)  loss_class: 0.5757 (0.5716)  loss_bbox: 0.0420 (0.0541)  loss_giou: 0.4993 (0.5597)  loss_class_0: 0.6886 (0.7116)  loss_bbox_0: 0.0447 (0.0570)  loss_giou_0: 0.5124 (0.5744)  loss_class_1: 0.5984 (0.6091)  loss_bbox_1: 0.0417 (0.0549)  loss_giou_1: 0.5114 (0.5633)  loss_class_2: 0.5843 (0.5862)  loss_bbox_2: 0.0424 (0.0543)  loss_giou_2: 0.5021 (0.5600)  loss_class_3: 0.5947 (0.5771)  loss_bbox_3: 0.0420 (0.0542)  loss_giou_3: 0.4993 (0.5594)  loss_class_4: 0.5955 (0.5736)  loss_bbox_4: 0.0418 (0.0541)  loss_giou_4: 0.5002 (0.5594)  loss_class_enc: 0.6392 (0.6699)  loss_bbox_enc: 0.0542 (0.0704)  loss_giou_enc: 0.5721 (0.6472)  loss_class_dn: 0.3861 (0.4045)  loss_bbox_dn: 0.0379 (0.0497)  loss_giou_dn: 0.4914 (0.5212)  loss_class_dn_0: 0.4553 (0.4757)  loss_bbox_dn_0: 0.0455 (0.0661)  loss_giou_dn_0: 0.5802 (0.6212)  loss_class_dn_1: 0.4124 (0.4288)  loss_bbox_dn_1: 0.0382 (0.0526)  loss_giou_dn_1: 0.5127 (0.5391)  loss_class_dn_2: 0.4020 (0.4119)  loss_bbox_dn_2: 0.0378 (0.0501)  loss_giou_dn_2: 0.4944 (0.5234)  loss_class_dn_3: 0.3942 (0.4063)  loss_bbox_dn_3: 0.0379 (0.0499)  loss_giou_dn_3: 0.4923 (0.5216)  loss_class_dn_4: 0.3860 (0.4047)  loss_bbox_dn_4: 0.0379 (0.0497)  loss_giou_dn_4: 0.4910 (0.5211)  loss_position: 0.2933 (0.3102)  loss_class_hybrid: 0.5342 (0.5532)  loss_bbox_hybrid: 0.0563 (0.0746)  loss_giou_hybrid: 0.5292 (0.6566)  loss_class_0_hybrid: 0.5540 (0.5751)  loss_bbox_0_hybrid: 0.0614 (0.0839)  loss_giou_0_hybrid: 0.5683 (0.7003)  loss_class_1_hybrid: 0.5453 (0.5626)  loss_bbox_1_hybrid: 0.0594 (0.0777)  loss_giou_1_hybrid: 0.5337 (0.6698)  loss_class_2_hybrid: 0.5481 (0.5562)  loss_bbox_2_hybrid: 0.0577 (0.0760)  loss_giou_2_hybrid: 0.5333 (0.6603)  loss_class_3_hybrid: 0.5461 (0.5539)  loss_bbox_3_hybrid: 0.0567 (0.0751)  loss_giou_3_hybrid: 0.5328 (0.6571)  loss_class_4_hybrid: 0.5415 (0.5531)  loss_bbox_4_hybrid: 0.0563 (0.0746)  loss_giou_4_hybrid: 0.5213 (0.6567)  loss_class_enc_hybrid: 0.5526 (0.5446)  loss_bbox_enc_hybrid: 0.0844 (0.1081)  loss_giou_enc_hybrid: 0.6848 (0.8362)  mem: 793  max mem: 6090
[2026-08-04 16:09:52 accelerate.tracking]: [RANK 0] Successfully logged to TensorBoard
[2026-08-04 16:10:11 det.util.engine]: Epoch: [12]  [3500/6471]  eta: 0:20:11  lr: 0.000010  data_time: 0.0010  iter_time: 0.3759  loss: 23.6751 (24.4228)  loss_class: 0.5484 (0.5714)  loss_bbox: 0.0437 (0.0542)  loss_giou: 0.5335 (0.5592)  loss_class_0: 0.6518 (0.7115)  loss_bbox_0: 0.0495 (0.0570)  loss_giou_0: 0.5584 (0.5739)  loss_class_1: 0.6011 (0.6089)  loss_bbox_1: 0.0486 (0.0550)  loss_giou_1: 0.5344 (0.5628)  loss_class_2: 0.5509 (0.5861)  loss_bbox_2: 0.0461 (0.0543)  loss_giou_2: 0.5394 (0.5594)  loss_class_3: 0.5540 (0.5769)  loss_bbox_3: 0.0446 (0.0543)  loss_giou_3: 0.5417 (0.5589)  loss_class_4: 0.5494 (0.5734)  loss_bbox_4: 0.0439 (0.0541)  loss_giou_4: 0.5331 (0.5589)  loss_class_enc: 0.6401 (0.6699)  loss_bbox_enc: 0.0670 (0.0704)  loss_giou_enc: 0.5939 (0.6468)  loss_class_dn: 0.4088 (0.4045)  loss_bbox_dn: 0.0441 (0.0498)  loss_giou_dn: 0.5194 (0.5207)  loss_class_dn_0: 0.4828 (0.4757)  loss_bbox_dn_0: 0.0566 (0.0662)  loss_giou_dn_0: 0.5990 (0.6208)  loss_class_dn_1: 0.4339 (0.4287)  loss_bbox_dn_1: 0.0474 (0.0527)  loss_giou_dn_1: 0.5331 (0.5387)  loss_class_dn_2: 0.4146 (0.4118)  loss_bbox_dn_2: 0.0446 (0.0502)  loss_giou_dn_2: 0.5205 (0.5230)  loss_class_dn_3: 0.4139 (0.4063)  loss_bbox_dn_3: 0.0443 (0.0499)  loss_giou_dn_3: 0.5190 (0.5212)  loss_class_dn_4: 0.4126 (0.4046)  loss_bbox_dn_4: 0.0441 (0.0498)  loss_giou_dn_4: 0.5196 (0.5207)  loss_position: 0.3073 (0.3102)  loss_class_hybrid: 0.5511 (0.5531)  loss_bbox_hybrid: 0.0594 (0.0745)  loss_giou_hybrid: 0.6004 (0.6559)  loss_class_0_hybrid: 0.5623 (0.5752)  loss_bbox_0_hybrid: 0.0634 (0.0838)  loss_giou_0_hybrid: 0.6344 (0.6995)  loss_class_1_hybrid: 0.5478 (0.5626)  loss_bbox_1_hybrid: 0.0612 (0.0776)  loss_giou_1_hybrid: 0.6081 (0.6691)  loss_class_2_hybrid: 0.5424 (0.5561)  loss_bbox_2_hybrid: 0.0596 (0.0760)  loss_giou_2_hybrid: 0.6025 (0.6597)  loss_class_3_hybrid: 0.5422 (0.5538)  loss_bbox_3_hybrid: 0.0588 (0.0750)  loss_giou_3_hybrid: 0.5937 (0.6564)  loss_class_4_hybrid: 0.5470 (0.5530)  loss_bbox_4_hybrid: 0.0592 (0.0745)  loss_giou_4_hybrid: 0.5967 (0.6560)  loss_class_enc_hybrid: 0.5509 (0.5448)  loss_bbox_enc_hybrid: 0.0812 (0.1080)  loss_giou_enc_hybrid: 0.7337 (0.8353)  mem: 787  max mem: 6090
[2026-08-04 16:10:11 accelerate.tracking]: [RANK 0] Successfully logged to TensorBoard
[2026-08-04 16:10:30 det.util.engine]: Epoch: [12]  [3550/6471]  eta: 0:19:50  lr: 0.000010  data_time: 0.0010  iter_time: 0.3849  loss: 25.5017 (24.4368)  loss_class: 0.5405 (0.5714)  loss_bbox: 0.0536 (0.0546)  loss_giou: 0.5345 (0.5594)  loss_class_0: 0.6796 (0.7115)  loss_bbox_0: 0.0596 (0.0576)  loss_giou_0: 0.6071 (0.5742)  loss_class_1: 0.5896 (0.6089)  loss_bbox_1: 0.0549 (0.0555)  loss_giou_1: 0.5649 (0.5630)  loss_class_2: 0.5581 (0.5860)  loss_bbox_2: 0.0532 (0.0548)  loss_giou_2: 0.5438 (0.5596)  loss_class_3: 0.5438 (0.5768)  loss_bbox_3: 0.0540 (0.0547)  loss_giou_3: 0.5335 (0.5591)  loss_class_4: 0.5419 (0.5734)  loss_bbox_4: 0.0536 (0.0545)  loss_giou_4: 0.5347 (0.5591)  loss_class_enc: 0.6428 (0.6699)  loss_bbox_enc: 0.0773 (0.0712)  loss_giou_enc: 0.6861 (0.6472)  loss_class_dn: 0.4172 (0.4046)  loss_bbox_dn: 0.0603 (0.0501)  loss_giou_dn: 0.5667 (0.5209)  loss_class_dn_0: 0.4735 (0.4758)  loss_bbox_dn_0: 0.0810 (0.0666)  loss_giou_dn_0: 0.6697 (0.6210)  loss_class_dn_1: 0.4383 (0.4288)  loss_bbox_dn_1: 0.0630 (0.0531)  loss_giou_dn_1: 0.5742 (0.5389)  loss_class_dn_2: 0.4176 (0.4119)  loss_bbox_dn_2: 0.0602 (0.0505)  loss_giou_dn_2: 0.5656 (0.5232)  loss_class_dn_3: 0.4231 (0.4064)  loss_bbox_dn_3: 0.0608 (0.0503)  loss_giou_dn_3: 0.5672 (0.5214)  loss_class_dn_4: 0.4182 (0.4048)  loss_bbox_dn_4: 0.0603 (0.0501)  loss_giou_dn_4: 0.5666 (0.5209)  loss_position: 0.3152 (0.3104)  loss_class_hybrid: 0.5366 (0.5531)  loss_bbox_hybrid: 0.0730 (0.0749)  loss_giou_hybrid: 0.6182 (0.6561)  loss_class_0_hybrid: 0.5438 (0.5752)  loss_bbox_0_hybrid: 0.0804 (0.0843)  loss_giou_0_hybrid: 0.6748 (0.6999)  loss_class_1_hybrid: 0.5492 (0.5626)  loss_bbox_1_hybrid: 0.0744 (0.0780)  loss_giou_1_hybrid: 0.6468 (0.6694)  loss_class_2_hybrid: 0.5418 (0.5561)  loss_bbox_2_hybrid: 0.0730 (0.0763)  loss_giou_2_hybrid: 0.6385 (0.6599)  loss_class_3_hybrid: 0.5426 (0.5537)  loss_bbox_3_hybrid: 0.0727 (0.0754)  loss_giou_3_hybrid: 0.6206 (0.6567)  loss_class_4_hybrid: 0.5399 (0.5530)  loss_bbox_4_hybrid: 0.0736 (0.0749)  loss_giou_4_hybrid: 0.6206 (0.6563)  loss_class_enc_hybrid: 0.5112 (0.5445)  loss_bbox_enc_hybrid: 0.1008 (0.1086)  loss_giou_enc_hybrid: 0.8437 (0.8358)  mem: 784  max mem: 6090
[2026-08-04 16:10:30 accelerate.tracking]: [RANK 0] Successfully logged to TensorBoard
[2026-08-04 16:10:53 det.util.engine]: Epoch: [12]  [3600/6471]  eta: 0:19:32  lr: 0.000010  data_time: 0.0011  iter_time: 0.3582  loss: 24.9135 (24.4384)  loss_class: 0.5727 (0.5719)  loss_bbox: 0.0471 (0.0546)  loss_giou: 0.5290 (0.5591)  loss_class_0: 0.7098 (0.7119)  loss_bbox_0: 0.0517 (0.0577)  loss_giou_0: 0.5373 (0.5741)  loss_class_1: 0.6068 (0.6092)  loss_bbox_1: 0.0465 (0.0555)  loss_giou_1: 0.5347 (0.5628)  loss_class_2: 0.5914 (0.5864)  loss_bbox_2: 0.0465 (0.0548)  loss_giou_2: 0.5221 (0.5593)  loss_class_3: 0.5843 (0.5773)  loss_bbox_3: 0.0473 (0.0547)  loss_giou_3: 0.5230 (0.5587)  loss_class_4: 0.5782 (0.5739)  loss_bbox_4: 0.0469 (0.0545)  loss_giou_4: 0.5318 (0.5588)  loss_class_enc: 0.6807 (0.6703)  loss_bbox_enc: 0.0654 (0.0713)  loss_giou_enc: 0.6405 (0.6471)  loss_class_dn: 0.4044 (0.4046)  loss_bbox_dn: 0.0493 (0.0502)  loss_giou_dn: 0.5124 (0.5209)  loss_class_dn_0: 0.4713 (0.4758)  loss_bbox_dn_0: 0.0614 (0.0667)  loss_giou_dn_0: 0.6158 (0.6210)  loss_class_dn_1: 0.4386 (0.4288)  loss_bbox_dn_1: 0.0511 (0.0531)  loss_giou_dn_1: 0.5333 (0.5389)  loss_class_dn_2: 0.4109 (0.4119)  loss_bbox_dn_2: 0.0499 (0.0506)  loss_giou_dn_2: 0.5018 (0.5231)  loss_class_dn_3: 0.4086 (0.4064)  loss_bbox_dn_3: 0.0493 (0.0503)  loss_giou_dn_3: 0.5138 (0.5213)  loss_class_dn_4: 0.4063 (0.4048)  loss_bbox_dn_4: 0.0493 (0.0502)  loss_giou_dn_4: 0.5131 (0.5208)  loss_position: 0.3297 (0.3107)  loss_class_hybrid: 0.5553 (0.5534)  loss_bbox_hybrid: 0.0606 (0.0749)  loss_giou_hybrid: 0.5470 (0.6557)  loss_class_0_hybrid: 0.5976 (0.5755)  loss_bbox_0_hybrid: 0.0672 (0.0844)  loss_giou_0_hybrid: 0.5815 (0.6995)  loss_class_1_hybrid: 0.5782 (0.5629)  loss_bbox_1_hybrid: 0.0600 (0.0781)  loss_giou_1_hybrid: 0.5487 (0.6690)  loss_class_2_hybrid: 0.5735 (0.5564)  loss_bbox_2_hybrid: 0.0587 (0.0764)  loss_giou_2_hybrid: 0.5409 (0.6595)  loss_class_3_hybrid: 0.5660 (0.5541)  loss_bbox_3_hybrid: 0.0575 (0.0754)  loss_giou_3_hybrid: 0.5403 (0.6563)  loss_class_4_hybrid: 0.5498 (0.5533)  loss_bbox_4_hybrid: 0.0569 (0.0749)  loss_giou_4_hybrid: 0.5471 (0.6558)  loss_class_enc_hybrid: 0.5812 (0.5448)  loss_bbox_enc_hybrid: 0.0958 (0.1087)  loss_giou_enc_hybrid: 0.7478 (0.8355)  mem: 789  max mem: 6090
[2026-08-04 16:10:53 accelerate.tracking]: [RANK 0] Successfully logged to TensorBoard
[2026-08-04 16:11:15 det.util.engine]: Epoch: [12]  [3650/6471]  eta: 0:19:13  lr: 0.000010  data_time: 0.0011  iter_time: 0.3622  loss: 24.4750 (24.4455)  loss_class: 0.5996 (0.5723)  loss_bbox: 0.0459 (0.0546)  loss_giou: 0.5855 (0.5592)  loss_class_0: 0.7141 (0.7122)  loss_bbox_0: 0.0465 (0.0576)  loss_giou_0: 0.5740 (0.5741)  loss_class_1: 0.6281 (0.6096)  loss_bbox_1: 0.0460 (0.0555)  loss_giou_1: 0.5678 (0.5629)  loss_class_2: 0.6105 (0.5868)  loss_bbox_2: 0.0467 (0.0548)  loss_giou_2: 0.5775 (0.5595)  loss_class_3: 0.5962 (0.5777)  loss_bbox_3: 0.0465 (0.0547)  loss_giou_3: 0.5805 (0.5589)  loss_class_4: 0.5982 (0.5743)  loss_bbox_4: 0.0458 (0.0545)  loss_giou_4: 0.5855 (0.5589)  loss_class_enc: 0.6785 (0.6706)  loss_bbox_enc: 0.0560 (0.0712)  loss_giou_enc: 0.6033 (0.6470)  loss_class_dn: 0.4188 (0.4047)  loss_bbox_dn: 0.0427 (0.0501)  loss_giou_dn: 0.5464 (0.5208)  loss_class_dn_0: 0.4788 (0.4759)  loss_bbox_dn_0: 0.0534 (0.0666)  loss_giou_dn_0: 0.6384 (0.6209)  loss_class_dn_1: 0.4454 (0.4289)  loss_bbox_dn_1: 0.0429 (0.0531)  loss_giou_dn_1: 0.5665 (0.5388)  loss_class_dn_2: 0.4267 (0.4121)  loss_bbox_dn_2: 0.0430 (0.0505)  loss_giou_dn_2: 0.5585 (0.5230)  loss_class_dn_3: 0.4182 (0.4065)  loss_bbox_dn_3: 0.0433 (0.0503)  loss_giou_dn_3: 0.5527 (0.5212)  loss_class_dn_4: 0.4163 (0.4049)  loss_bbox_dn_4: 0.0427 (0.0501)  loss_giou_dn_4: 0.5464 (0.5207)  loss_position: 0.3133 (0.3108)  loss_class_hybrid: 0.5572 (0.5538)  loss_bbox_hybrid: 0.0641 (0.0750)  loss_giou_hybrid: 0.6436 (0.6560)  loss_class_0_hybrid: 0.5700 (0.5758)  loss_bbox_0_hybrid: 0.0682 (0.0844)  loss_giou_0_hybrid: 0.7201 (0.6997)  loss_class_1_hybrid: 0.5591 (0.5632)  loss_bbox_1_hybrid: 0.0631 (0.0782)  loss_giou_1_hybrid: 0.6948 (0.6692)  loss_class_2_hybrid: 0.5921 (0.5568)  loss_bbox_2_hybrid: 0.0656 (0.0765)  loss_giou_2_hybrid: 0.6723 (0.6598)  loss_class_3_hybrid: 0.5810 (0.5544)  loss_bbox_3_hybrid: 0.0636 (0.0755)  loss_giou_3_hybrid: 0.6529 (0.6566)  loss_class_4_hybrid: 0.5650 (0.5537)  loss_bbox_4_hybrid: 0.0641 (0.0750)  loss_giou_4_hybrid: 0.6444 (0.6561)  loss_class_enc_hybrid: 0.5809 (0.5452)  loss_bbox_enc_hybrid: 0.0837 (0.1086)  loss_giou_enc_hybrid: 0.8084 (0.8353)  mem: 793  max mem: 6090
[2026-08-04 16:11:15 accelerate.tracking]: [RANK 0] Successfully logged to TensorBoard
[2026-08-04 16:11:35 det.util.engine]: Epoch: [12]  [3700/6471]  eta: 0:18:52  lr: 0.000010  data_time: 0.0010  iter_time: 0.3885  loss: 26.5251 (24.4656)  loss_class: 0.5592 (0.5728)  loss_bbox: 0.0470 (0.0546)  loss_giou: 0.6335 (0.5597)  loss_class_0: 0.6444 (0.7123)  loss_bbox_0: 0.0480 (0.0577)  loss_giou_0: 0.6494 (0.5747)  loss_class_1: 0.5792 (0.6100)  loss_bbox_1: 0.0495 (0.0555)  loss_giou_1: 0.6380 (0.5635)  loss_class_2: 0.5737 (0.5872)  loss_bbox_2: 0.0505 (0.0548)  loss_giou_2: 0.6376 (0.5600)  loss_class_3: 0.5699 (0.5782)  loss_bbox_3: 0.0483 (0.0547)  loss_giou_3: 0.6128 (0.5594)  loss_class_4: 0.5608 (0.5748)  loss_bbox_4: 0.0472 (0.0545)  loss_giou_4: 0.6319 (0.5594)  loss_class_enc: 0.6289 (0.6708)  loss_bbox_enc: 0.0537 (0.0712)  loss_giou_enc: 0.6766 (0.6475)  loss_class_dn: 0.4215 (0.4048)  loss_bbox_dn: 0.0400 (0.0501)  loss_giou_dn: 0.5949 (0.5211)  loss_class_dn_0: 0.4756 (0.4758)  loss_bbox_dn_0: 0.0490 (0.0665)  loss_giou_dn_0: 0.6916 (0.6211)  loss_class_dn_1: 0.4424 (0.4289)  loss_bbox_dn_1: 0.0425 (0.0530)  loss_giou_dn_1: 0.6180 (0.5391)  loss_class_dn_2: 0.4337 (0.4121)  loss_bbox_dn_2: 0.0402 (0.0505)  loss_giou_dn_2: 0.5968 (0.5234)  loss_class_dn_3: 0.4266 (0.4066)  loss_bbox_dn_3: 0.0400 (0.0502)  loss_giou_dn_3: 0.5949 (0.5216)  loss_class_dn_4: 0.4253 (0.4049)  loss_bbox_dn_4: 0.0400 (0.0501)  loss_giou_dn_4: 0.5950 (0.5210)  loss_position: 0.2523 (0.3110)  loss_class_hybrid: 0.5266 (0.5549)  loss_bbox_hybrid: 0.0663 (0.0751)  loss_giou_hybrid: 0.6924 (0.6568)  loss_class_0_hybrid: 0.5375 (0.5765)  loss_bbox_0_hybrid: 0.0756 (0.0845)  loss_giou_0_hybrid: 0.7470 (0.7005)  loss_class_1_hybrid: 0.5319 (0.5639)  loss_bbox_1_hybrid: 0.0697 (0.0782)  loss_giou_1_hybrid: 0.7301 (0.6701)  loss_class_2_hybrid: 0.5105 (0.5576)  loss_bbox_2_hybrid: 0.0680 (0.0765)  loss_giou_2_hybrid: 0.7097 (0.6606)  loss_class_3_hybrid: 0.5279 (0.5552)  loss_bbox_3_hybrid: 0.0660 (0.0756)  loss_giou_3_hybrid: 0.6949 (0.6574)  loss_class_4_hybrid: 0.5237 (0.5547)  loss_bbox_4_hybrid: 0.0654 (0.0751)  loss_giou_4_hybrid: 0.6923 (0.6569)  loss_class_enc_hybrid: 0.5099 (0.5458)  loss_bbox_enc_hybrid: 0.1008 (0.1087)  loss_giou_enc_hybrid: 0.9449 (0.8362)  mem: 793  max mem: 6090
[2026-08-04 16:11:35 accelerate.tracking]: [RANK 0] Successfully logged to TensorBoard
[2026-08-04 16:12:01 det.util.engine]: Epoch: [12]  [3750/6471]  eta: 0:18:35  lr: 0.000010  data_time: 0.0010  iter_time: 0.3802  loss: 24.5040 (24.4605)  loss_class: 0.5619 (0.5725)  loss_bbox: 0.0477 (0.0545)  loss_giou: 0.5705 (0.5597)  loss_class_0: 0.6921 (0.7121)  loss_bbox_0: 0.0490 (0.0576)  loss_giou_0: 0.5981 (0.5747)  loss_class_1: 0.6125 (0.6097)  loss_bbox_1: 0.0487 (0.0554)  loss_giou_1: 0.5629 (0.5634)  loss_class_2: 0.5853 (0.5868)  loss_bbox_2: 0.0490 (0.0547)  loss_giou_2: 0.5396 (0.5600)  loss_class_3: 0.5684 (0.5779)  loss_bbox_3: 0.0475 (0.0546)  loss_giou_3: 0.5521 (0.5593)  loss_class_4: 0.5620 (0.5745)  loss_bbox_4: 0.0478 (0.0545)  loss_giou_4: 0.5701 (0.5594)  loss_class_enc: 0.6517 (0.6705)  loss_bbox_enc: 0.0615 (0.0711)  loss_giou_enc: 0.6708 (0.6474)  loss_class_dn: 0.4035 (0.4048)  loss_bbox_dn: 0.0356 (0.0501)  loss_giou_dn: 0.5920 (0.5210)  loss_class_dn_0: 0.4772 (0.4758)  loss_bbox_dn_0: 0.0536 (0.0665)  loss_giou_dn_0: 0.6671 (0.6210)  loss_class_dn_1: 0.4323 (0.4289)  loss_bbox_dn_1: 0.0409 (0.0530)  loss_giou_dn_1: 0.6092 (0.5389)  loss_class_dn_2: 0.4138 (0.4121)  loss_bbox_dn_2: 0.0359 (0.0504)  loss_giou_dn_2: 0.5961 (0.5232)  loss_class_dn_3: 0.4105 (0.4066)  loss_bbox_dn_3: 0.0356 (0.0502)  loss_giou_dn_3: 0.5939 (0.5214)  loss_class_dn_4: 0.4063 (0.4049)  loss_bbox_dn_4: 0.0356 (0.0501)  loss_giou_dn_4: 0.5917 (0.5209)  loss_position: 0.3058 (0.3110)  loss_class_hybrid: 0.5469 (0.5547)  loss_bbox_hybrid: 0.0590 (0.0751)  loss_giou_hybrid: 0.6514 (0.6568)  loss_class_0_hybrid: 0.5711 (0.5763)  loss_bbox_0_hybrid: 0.0623 (0.0846)  loss_giou_0_hybrid: 0.6624 (0.7005)  loss_class_1_hybrid: 0.5517 (0.5636)  loss_bbox_1_hybrid: 0.0591 (0.0783)  loss_giou_1_hybrid: 0.6599 (0.6700)  loss_class_2_hybrid: 0.5379 (0.5573)  loss_bbox_2_hybrid: 0.0597 (0.0766)  loss_giou_2_hybrid: 0.6590 (0.6606)  loss_class_3_hybrid: 0.5388 (0.5549)  loss_bbox_3_hybrid: 0.0590 (0.0756)  loss_giou_3_hybrid: 0.6559 (0.6574)  loss_class_4_hybrid: 0.5448 (0.5543)  loss_bbox_4_hybrid: 0.0606 (0.0751)  loss_giou_4_hybrid: 0.6587 (0.6570)  loss_class_enc_hybrid: 0.5499 (0.5456)  loss_bbox_enc_hybrid: 0.1002 (0.1087)  loss_giou_enc_hybrid: 0.7637 (0.8362)  mem: 791  max mem: 6090
[2026-08-04 16:12:01 accelerate.tracking]: [RANK 0] Successfully logged to TensorBoard
[2026-08-04 16:12:20 det.util.engine]: Epoch: [12]  [3800/6471]  eta: 0:18:14  lr: 0.000010  data_time: 0.0010  iter_time: 0.3674  loss: 23.2908 (24.4468)  loss_class: 0.5600 (0.5725)  loss_bbox: 0.0520 (0.0545)  loss_giou: 0.5018 (0.5589)  loss_class_0: 0.6835 (0.7124)  loss_bbox_0: 0.0551 (0.0576)  loss_giou_0: 0.5046 (0.5738)  loss_class_1: 0.5801 (0.6099)  loss_bbox_1: 0.0513 (0.0554)  loss_giou_1: 0.5061 (0.5627)  loss_class_2: 0.5804 (0.5869)  loss_bbox_2: 0.0514 (0.0547)  loss_giou_2: 0.4994 (0.5592)  loss_class_3: 0.5612 (0.5779)  loss_bbox_3: 0.0518 (0.0546)  loss_giou_3: 0.5000 (0.5586)  loss_class_4: 0.5561 (0.5745)  loss_bbox_4: 0.0519 (0.0545)  loss_giou_4: 0.5013 (0.5586)  loss_class_enc: 0.6669 (0.6708)  loss_bbox_enc: 0.0737 (0.0712)  loss_giou_enc: 0.6069 (0.6468)  loss_class_dn: 0.4034 (0.4047)  loss_bbox_dn: 0.0481 (0.0501)  loss_giou_dn: 0.4564 (0.5203)  loss_class_dn_0: 0.4653 (0.4758)  loss_bbox_dn_0: 0.0621 (0.0666)  loss_giou_dn_0: 0.5740 (0.6205)  loss_class_dn_1: 0.4257 (0.4288)  loss_bbox_dn_1: 0.0510 (0.0530)  loss_giou_dn_1: 0.4830 (0.5384)  loss_class_dn_2: 0.4093 (0.4120)  loss_bbox_dn_2: 0.0489 (0.0505)  loss_giou_dn_2: 0.4604 (0.5226)  loss_class_dn_3: 0.4033 (0.4065)  loss_bbox_dn_3: 0.0484 (0.0502)  loss_giou_dn_3: 0.4578 (0.5208)  loss_class_dn_4: 0.4039 (0.4048)  loss_bbox_dn_4: 0.0481 (0.0501)  loss_giou_dn_4: 0.4565 (0.5203)  loss_position: 0.3029 (0.3111)  loss_class_hybrid: 0.5596 (0.5549)  loss_bbox_hybrid: 0.0571 (0.0750)  loss_giou_hybrid: 0.4979 (0.6558)  loss_class_0_hybrid: 0.6022 (0.5766)  loss_bbox_0_hybrid: 0.0630 (0.0845)  loss_giou_0_hybrid: 0.5280 (0.6994)  loss_class_1_hybrid: 0.5648 (0.5638)  loss_bbox_1_hybrid: 0.0585 (0.0782)  loss_giou_1_hybrid: 0.4962 (0.6690)  loss_class_2_hybrid: 0.5658 (0.5575)  loss_bbox_2_hybrid: 0.0577 (0.0765)  loss_giou_2_hybrid: 0.4906 (0.6596)  loss_class_3_hybrid: 0.5710 (0.5552)  loss_bbox_3_hybrid: 0.0578 (0.0755)  loss_giou_3_hybrid: 0.4947 (0.6564)  loss_class_4_hybrid: 0.5685 (0.5546)  loss_bbox_4_hybrid: 0.0576 (0.0750)  loss_giou_4_hybrid: 0.4956 (0.6560)  loss_class_enc_hybrid: 0.5853 (0.5460)  loss_bbox_enc_hybrid: 0.0914 (0.1087)  loss_giou_enc_hybrid: 0.6758 (0.8352)  mem: 785  max mem: 6090
[2026-08-04 16:12:20 accelerate.tracking]: [RANK 0] Successfully logged to TensorBoard
[2026-08-04 16:12:39 det.util.engine]: Epoch: [12]  [3850/6471]  eta: 0:17:52  lr: 0.000010  data_time: 0.0011  iter_time: 0.3791  loss: 24.4814 (24.4474)  loss_class: 0.6037 (0.5725)  loss_bbox: 0.0477 (0.0544)  loss_giou: 0.5092 (0.5591)  loss_class_0: 0.7338 (0.7124)  loss_bbox_0: 0.0481 (0.0575)  loss_giou_0: 0.5215 (0.5740)  loss_class_1: 0.6304 (0.6099)  loss_bbox_1: 0.0472 (0.0553)  loss_giou_1: 0.5497 (0.5629)  loss_class_2: 0.6092 (0.5869)  loss_bbox_2: 0.0482 (0.0546)  loss_giou_2: 0.4844 (0.5594)  loss_class_3: 0.5950 (0.5780)  loss_bbox_3: 0.0481 (0.0545)  loss_giou_3: 0.4996 (0.5587)  loss_class_4: 0.6010 (0.5746)  loss_bbox_4: 0.0477 (0.0544)  loss_giou_4: 0.5111 (0.5588)  loss_class_enc: 0.6917 (0.6708)  loss_bbox_enc: 0.0584 (0.0711)  loss_giou_enc: 0.6033 (0.6469)  loss_class_dn: 0.4103 (0.4047)  loss_bbox_dn: 0.0362 (0.0500)  loss_giou_dn: 0.4787 (0.5204)  loss_class_dn_0: 0.4944 (0.4759)  loss_bbox_dn_0: 0.0510 (0.0665)  loss_giou_dn_0: 0.6103 (0.6206)  loss_class_dn_1: 0.4580 (0.4289)  loss_bbox_dn_1: 0.0407 (0.0529)  loss_giou_dn_1: 0.5250 (0.5384)  loss_class_dn_2: 0.4355 (0.4120)  loss_bbox_dn_2: 0.0368 (0.0504)  loss_giou_dn_2: 0.4880 (0.5226)  loss_class_dn_3: 0.4271 (0.4065)  loss_bbox_dn_3: 0.0364 (0.0501)  loss_giou_dn_3: 0.4792 (0.5208)  loss_class_dn_4: 0.4135 (0.4049)  loss_bbox_dn_4: 0.0363 (0.0500)  loss_giou_dn_4: 0.4785 (0.5203)  loss_position: 0.2808 (0.3111)  loss_class_hybrid: 0.5848 (0.5547)  loss_bbox_hybrid: 0.0529 (0.0749)  loss_giou_hybrid: 0.5694 (0.6561)  loss_class_0_hybrid: 0.5971 (0.5765)  loss_bbox_0_hybrid: 0.0589 (0.0843)  loss_giou_0_hybrid: 0.6145 (0.6997)  loss_class_1_hybrid: 0.6057 (0.5637)  loss_bbox_1_hybrid: 0.0571 (0.0781)  loss_giou_1_hybrid: 0.5874 (0.6694)  loss_class_2_hybrid: 0.5817 (0.5574)  loss_bbox_2_hybrid: 0.0523 (0.0763)  loss_giou_2_hybrid: 0.5641 (0.6599)  loss_class_3_hybrid: 0.5839 (0.5550)  loss_bbox_3_hybrid: 0.0534 (0.0754)  loss_giou_3_hybrid: 0.5652 (0.6567)  loss_class_4_hybrid: 0.5805 (0.5544)  loss_bbox_4_hybrid: 0.0524 (0.0749)  loss_giou_4_hybrid: 0.5627 (0.6563)  loss_class_enc_hybrid: 0.5599 (0.5459)  loss_bbox_enc_hybrid: 0.0755 (0.1085)  loss_giou_enc_hybrid: 0.7765 (0.8354)  mem: 789  max mem: 6090
[2026-08-04 16:12:39 accelerate.tracking]: [RANK 0] Successfully logged to TensorBoard
[2026-08-04 16:12:57 det.util.engine]: Epoch: [12]  [3900/6471]  eta: 0:17:30  lr: 0.000010  data_time: 0.0011  iter_time: 0.3744  loss: 25.6012 (24.4524)  loss_class: 0.5131 (0.5723)  loss_bbox: 0.0476 (0.0544)  loss_giou: 0.6047 (0.5595)  loss_class_0: 0.6466 (0.7122)  loss_bbox_0: 0.0517 (0.0575)  loss_giou_0: 0.6267 (0.5744)  loss_class_1: 0.5868 (0.6097)  loss_bbox_1: 0.0467 (0.0553)  loss_giou_1: 0.5942 (0.5633)  loss_class_2: 0.5399 (0.5868)  loss_bbox_2: 0.0482 (0.0547)  loss_giou_2: 0.5836 (0.5598)  loss_class_3: 0.5574 (0.5779)  loss_bbox_3: 0.0467 (0.0545)  loss_giou_3: 0.5942 (0.5592)  loss_class_4: 0.5169 (0.5744)  loss_bbox_4: 0.0474 (0.0544)  loss_giou_4: 0.5972 (0.5592)  loss_class_enc: 0.6139 (0.6706)  loss_bbox_enc: 0.0582 (0.0710)  loss_giou_enc: 0.6568 (0.6473)  loss_class_dn: 0.4112 (0.4047)  loss_bbox_dn: 0.0454 (0.0500)  loss_giou_dn: 0.5347 (0.5207)  loss_class_dn_0: 0.4764 (0.4759)  loss_bbox_dn_0: 0.0565 (0.0665)  loss_giou_dn_0: 0.6506 (0.6208)  loss_class_dn_1: 0.4368 (0.4289)  loss_bbox_dn_1: 0.0455 (0.0529)  loss_giou_dn_1: 0.5609 (0.5387)  loss_class_dn_2: 0.4299 (0.4121)  loss_bbox_dn_2: 0.0450 (0.0504)  loss_giou_dn_2: 0.5379 (0.5229)  loss_class_dn_3: 0.4173 (0.4066)  loss_bbox_dn_3: 0.0449 (0.0501)  loss_giou_dn_3: 0.5339 (0.5211)  loss_class_dn_4: 0.4157 (0.4049)  loss_bbox_dn_4: 0.0453 (0.0500)  loss_giou_dn_4: 0.5347 (0.5206)  loss_position: 0.2799 (0.3108)  loss_class_hybrid: 0.4962 (0.5543)  loss_bbox_hybrid: 0.0705 (0.0749)  loss_giou_hybrid: 0.7116 (0.6568)  loss_class_0_hybrid: 0.5147 (0.5761)  loss_bbox_0_hybrid: 0.0804 (0.0843)  loss_giou_0_hybrid: 0.7299 (0.7004)  loss_class_1_hybrid: 0.4992 (0.5633)  loss_bbox_1_hybrid: 0.0737 (0.0781)  loss_giou_1_hybrid: 0.7152 (0.6700)  loss_class_2_hybrid: 0.4980 (0.5570)  loss_bbox_2_hybrid: 0.0689 (0.0763)  loss_giou_2_hybrid: 0.7184 (0.6605)  loss_class_3_hybrid: 0.4945 (0.5547)  loss_bbox_3_hybrid: 0.0707 (0.0754)  loss_giou_3_hybrid: 0.7108 (0.6574)  loss_class_4_hybrid: 0.4927 (0.5540)  loss_bbox_4_hybrid: 0.0705 (0.0749)  loss_giou_4_hybrid: 0.7079 (0.6569)  loss_class_enc_hybrid: 0.4868 (0.5456)  loss_bbox_enc_hybrid: 0.1108 (0.1085)  loss_giou_enc_hybrid: 0.8795 (0.8360)  mem: 790  max mem: 6090
[2026-08-04 16:12:57 accelerate.tracking]: [RANK 0] Successfully logged to TensorBoard
[2026-08-04 16:13:19 det.util.engine]: Epoch: [12]  [3950/6471]  eta: 0:17:11  lr: 0.000010  data_time: 0.0010  iter_time: 0.5050  loss: 24.3301 (24.4481)  loss_class: 0.5809 (0.5721)  loss_bbox: 0.0442 (0.0545)  loss_giou: 0.5755 (0.5595)  loss_class_0: 0.6871 (0.7120)  loss_bbox_0: 0.0525 (0.0575)  loss_giou_0: 0.5792 (0.5744)  loss_class_1: 0.6121 (0.6097)  loss_bbox_1: 0.0470 (0.0554)  loss_giou_1: 0.5823 (0.5632)  loss_class_2: 0.5889 (0.5865)  loss_bbox_2: 0.0447 (0.0547)  loss_giou_2: 0.5716 (0.5598)  loss_class_3: 0.5826 (0.5777)  loss_bbox_3: 0.0442 (0.0546)  loss_giou_3: 0.5724 (0.5592)  loss_class_4: 0.5833 (0.5741)  loss_bbox_4: 0.0453 (0.0544)  loss_giou_4: 0.5745 (0.5592)  loss_class_enc: 0.6907 (0.6706)  loss_bbox_enc: 0.0587 (0.0710)  loss_giou_enc: 0.6609 (0.6471)  loss_class_dn: 0.4126 (0.4046)  loss_bbox_dn: 0.0433 (0.0500)  loss_giou_dn: 0.5160 (0.5206)  loss_class_dn_0: 0.4558 (0.4757)  loss_bbox_dn_0: 0.0566 (0.0664)  loss_giou_dn_0: 0.6122 (0.6207)  loss_class_dn_1: 0.4245 (0.4287)  loss_bbox_dn_1: 0.0443 (0.0529)  loss_giou_dn_1: 0.5278 (0.5387)  loss_class_dn_2: 0.4212 (0.4120)  loss_bbox_dn_2: 0.0437 (0.0504)  loss_giou_dn_2: 0.5179 (0.5229)  loss_class_dn_3: 0.4143 (0.4065)  loss_bbox_dn_3: 0.0436 (0.0501)  loss_giou_dn_3: 0.5181 (0.5211)  loss_class_dn_4: 0.4111 (0.4048)  loss_bbox_dn_4: 0.0433 (0.0500)  loss_giou_dn_4: 0.5163 (0.5206)  loss_position: 0.2873 (0.3108)  loss_class_hybrid: 0.5519 (0.5542)  loss_bbox_hybrid: 0.0653 (0.0750)  loss_giou_hybrid: 0.6236 (0.6566)  loss_class_0_hybrid: 0.5630 (0.5761)  loss_bbox_0_hybrid: 0.0680 (0.0844)  loss_giou_0_hybrid: 0.6630 (0.7002)  loss_class_1_hybrid: 0.5412 (0.5632)  loss_bbox_1_hybrid: 0.0665 (0.0781)  loss_giou_1_hybrid: 0.6418 (0.6698)  loss_class_2_hybrid: 0.5473 (0.5569)  loss_bbox_2_hybrid: 0.0659 (0.0764)  loss_giou_2_hybrid: 0.6293 (0.6604)  loss_class_3_hybrid: 0.5408 (0.5545)  loss_bbox_3_hybrid: 0.0655 (0.0755)  loss_giou_3_hybrid: 0.6271 (0.6572)  loss_class_4_hybrid: 0.5473 (0.5539)  loss_bbox_4_hybrid: 0.0653 (0.0750)  loss_giou_4_hybrid: 0.6268 (0.6568)  loss_class_enc_hybrid: 0.5661 (0.5455)  loss_bbox_enc_hybrid: 0.0942 (0.1085)  loss_giou_enc_hybrid: 0.7810 (0.8357)  mem: 787  max mem: 6090
[2026-08-04 16:13:19 accelerate.tracking]: [RANK 0] Successfully logged to TensorBoard
[2026-08-04 16:13:37 det.util.engine]: Epoch: [12]  [4000/6471]  eta: 0:16:49  lr: 0.000010  data_time: 0.0011  iter_time: 0.3865  loss: 22.2393 (24.4207)  loss_class: 0.5289 (0.5718)  loss_bbox: 0.0387 (0.0544)  loss_giou: 0.4771 (0.5586)  loss_class_0: 0.6622 (0.7117)  loss_bbox_0: 0.0469 (0.0575)  loss_giou_0: 0.4616 (0.5734)  loss_class_1: 0.5714 (0.6093)  loss_bbox_1: 0.0463 (0.0553)  loss_giou_1: 0.4596 (0.5623)  loss_class_2: 0.5492 (0.5862)  loss_bbox_2: 0.0386 (0.0546)  loss_giou_2: 0.4670 (0.5588)  loss_class_3: 0.5320 (0.5774)  loss_bbox_3: 0.0376 (0.0545)  loss_giou_3: 0.4807 (0.5582)  loss_class_4: 0.5336 (0.5738)  loss_bbox_4: 0.0393 (0.0543)  loss_giou_4: 0.4787 (0.5582)  loss_class_enc: 0.6556 (0.6705)  loss_bbox_enc: 0.0533 (0.0709)  loss_giou_enc: 0.5101 (0.6461)  loss_class_dn: 0.4043 (0.4045)  loss_bbox_dn: 0.0418 (0.0500)  loss_giou_dn: 0.4477 (0.5200)  loss_class_dn_0: 0.4573 (0.4755)  loss_bbox_dn_0: 0.0526 (0.0664)  loss_giou_dn_0: 0.5595 (0.6200)  loss_class_dn_1: 0.4184 (0.4285)  loss_bbox_dn_1: 0.0446 (0.0529)  loss_giou_dn_1: 0.4554 (0.5380)  loss_class_dn_2: 0.4033 (0.4118)  loss_bbox_dn_2: 0.0421 (0.0503)  loss_giou_dn_2: 0.4474 (0.5222)  loss_class_dn_3: 0.4062 (0.4063)  loss_bbox_dn_3: 0.0420 (0.0501)  loss_giou_dn_3: 0.4449 (0.5204)  loss_class_dn_4: 0.4024 (0.4046)  loss_bbox_dn_4: 0.0419 (0.0500)  loss_giou_dn_4: 0.4478 (0.5199)  loss_position: 0.2874 (0.3105)  loss_class_hybrid: 0.5331 (0.5541)  loss_bbox_hybrid: 0.0494 (0.0747)  loss_giou_hybrid: 0.4802 (0.6552)  loss_class_0_hybrid: 0.5604 (0.5760)  loss_bbox_0_hybrid: 0.0531 (0.0841)  loss_giou_0_hybrid: 0.5120 (0.6987)  loss_class_1_hybrid: 0.5573 (0.5631)  loss_bbox_1_hybrid: 0.0519 (0.0779)  loss_giou_1_hybrid: 0.4817 (0.6683)  loss_class_2_hybrid: 0.5446 (0.5568)  loss_bbox_2_hybrid: 0.0499 (0.0762)  loss_giou_2_hybrid: 0.4784 (0.6589)  loss_class_3_hybrid: 0.5364 (0.5544)  loss_bbox_3_hybrid: 0.0497 (0.0752)  loss_giou_3_hybrid: 0.4827 (0.6558)  loss_class_4_hybrid: 0.5435 (0.5538)  loss_bbox_4_hybrid: 0.0494 (0.0748)  loss_giou_4_hybrid: 0.4827 (0.6553)  loss_class_enc_hybrid: 0.5724 (0.5457)  loss_bbox_enc_hybrid: 0.0740 (0.1083)  loss_giou_enc_hybrid: 0.6056 (0.8342)  mem: 790  max mem: 6090
[2026-08-04 16:13:37 accelerate.tracking]: [RANK 0] Successfully logged to TensorBoard
[2026-08-04 16:13:56 det.util.engine]: Epoch: [12]  [4050/6471]  eta: 0:16:28  lr: 0.000010  data_time: 0.0010  iter_time: 0.3736  loss: 24.9720 (24.4191)  loss_class: 0.5737 (0.5719)  loss_bbox: 0.0520 (0.0544)  loss_giou: 0.5413 (0.5584)  loss_class_0: 0.6506 (0.7117)  loss_bbox_0: 0.0530 (0.0575)  loss_giou_0: 0.5860 (0.5732)  loss_class_1: 0.5890 (0.6093)  loss_bbox_1: 0.0529 (0.0553)  loss_giou_1: 0.5598 (0.5621)  loss_class_2: 0.5810 (0.5863)  loss_bbox_2: 0.0527 (0.0546)  loss_giou_2: 0.5527 (0.5587)  loss_class_3: 0.5786 (0.5775)  loss_bbox_3: 0.0520 (0.0545)  loss_giou_3: 0.5304 (0.5580)  loss_class_4: 0.5728 (0.5739)  loss_bbox_4: 0.0520 (0.0544)  loss_giou_4: 0.5400 (0.5581)  loss_class_enc: 0.5989 (0.6705)  loss_bbox_enc: 0.0694 (0.0710)  loss_giou_enc: 0.6615 (0.6460)  loss_class_dn: 0.4075 (0.4044)  loss_bbox_dn: 0.0421 (0.0500)  loss_giou_dn: 0.5067 (0.5198)  loss_class_dn_0: 0.4689 (0.4756)  loss_bbox_dn_0: 0.0602 (0.0664)  loss_giou_dn_0: 0.6593 (0.6198)  loss_class_dn_1: 0.4346 (0.4285)  loss_bbox_dn_1: 0.0439 (0.0529)  loss_giou_dn_1: 0.5506 (0.5378)  loss_class_dn_2: 0.4156 (0.4117)  loss_bbox_dn_2: 0.0421 (0.0504)  loss_giou_dn_2: 0.5219 (0.5221)  loss_class_dn_3: 0.4099 (0.4062)  loss_bbox_dn_3: 0.0423 (0.0501)  loss_giou_dn_3: 0.5122 (0.5203)  loss_class_dn_4: 0.4050 (0.4046)  loss_bbox_dn_4: 0.0421 (0.0500)  loss_giou_dn_4: 0.5064 (0.5197)  loss_position: 0.2759 (0.3106)  loss_class_hybrid: 0.5126 (0.5541)  loss_bbox_hybrid: 0.0599 (0.0748)  loss_giou_hybrid: 0.6412 (0.6550)  loss_class_0_hybrid: 0.5261 (0.5759)  loss_bbox_0_hybrid: 0.0757 (0.0842)  loss_giou_0_hybrid: 0.7367 (0.6986)  loss_class_1_hybrid: 0.5085 (0.5631)  loss_bbox_1_hybrid: 0.0622 (0.0779)  loss_giou_1_hybrid: 0.6581 (0.6682)  loss_class_2_hybrid: 0.5090 (0.5568)  loss_bbox_2_hybrid: 0.0606 (0.0762)  loss_giou_2_hybrid: 0.6596 (0.6588)  loss_class_3_hybrid: 0.5044 (0.5544)  loss_bbox_3_hybrid: 0.0599 (0.0753)  loss_giou_3_hybrid: 0.6503 (0.6556)  loss_class_4_hybrid: 0.5122 (0.5538)  loss_bbox_4_hybrid: 0.0595 (0.0748)  loss_giou_4_hybrid: 0.6423 (0.6552)  loss_class_enc_hybrid: 0.5139 (0.5456)  loss_bbox_enc_hybrid: 0.0989 (0.1083)  loss_giou_enc_hybrid: 0.8937 (0.8341)  mem: 794  max mem: 6090
[2026-08-04 16:13:56 accelerate.tracking]: [RANK 0] Successfully logged to TensorBoard
[2026-08-04 16:14:18 det.util.engine]: Epoch: [12]  [4100/6471]  eta: 0:16:08  lr: 0.000010  data_time: 0.0011  iter_time: 0.3563  loss: 23.4062 (24.4093)  loss_class: 0.5252 (0.5715)  loss_bbox: 0.0487 (0.0544)  loss_giou: 0.4856 (0.5581)  loss_class_0: 0.6594 (0.7115)  loss_bbox_0: 0.0545 (0.0575)  loss_giou_0: 0.4866 (0.5729)  loss_class_1: 0.5594 (0.6090)  loss_bbox_1: 0.0481 (0.0553)  loss_giou_1: 0.4856 (0.5617)  loss_class_2: 0.5688 (0.5860)  loss_bbox_2: 0.0487 (0.0546)  loss_giou_2: 0.4891 (0.5583)  loss_class_3: 0.5306 (0.5771)  loss_bbox_3: 0.0494 (0.0545)  loss_giou_3: 0.4858 (0.5577)  loss_class_4: 0.5231 (0.5735)  loss_bbox_4: 0.0486 (0.0544)  loss_giou_4: 0.4850 (0.5578)  loss_class_enc: 0.6662 (0.6705)  loss_bbox_enc: 0.0686 (0.0710)  loss_giou_enc: 0.5372 (0.6457)  loss_class_dn: 0.3969 (0.4044)  loss_bbox_dn: 0.0437 (0.0500)  loss_giou_dn: 0.4563 (0.5196)  loss_class_dn_0: 0.4737 (0.4754)  loss_bbox_dn_0: 0.0589 (0.0665)  loss_giou_dn_0: 0.5690 (0.6196)  loss_class_dn_1: 0.4149 (0.4285)  loss_bbox_dn_1: 0.0460 (0.0529)  loss_giou_dn_1: 0.4755 (0.5376)  loss_class_dn_2: 0.4081 (0.4117)  loss_bbox_dn_2: 0.0439 (0.0504)  loss_giou_dn_2: 0.4653 (0.5218)  loss_class_dn_3: 0.3979 (0.4062)  loss_bbox_dn_3: 0.0438 (0.0501)  loss_giou_dn_3: 0.4579 (0.5200)  loss_class_dn_4: 0.3960 (0.4045)  loss_bbox_dn_4: 0.0436 (0.0500)  loss_giou_dn_4: 0.4575 (0.5195)  loss_position: 0.2757 (0.3104)  loss_class_hybrid: 0.5460 (0.5538)  loss_bbox_hybrid: 0.0662 (0.0747)  loss_giou_hybrid: 0.5318 (0.6548)  loss_class_0_hybrid: 0.5600 (0.5757)  loss_bbox_0_hybrid: 0.0674 (0.0842)  loss_giou_0_hybrid: 0.5598 (0.6983)  loss_class_1_hybrid: 0.5579 (0.5628)  loss_bbox_1_hybrid: 0.0652 (0.0779)  loss_giou_1_hybrid: 0.5336 (0.6680)  loss_class_2_hybrid: 0.5491 (0.5565)  loss_bbox_2_hybrid: 0.0669 (0.0762)  loss_giou_2_hybrid: 0.5339 (0.6585)  loss_class_3_hybrid: 0.5441 (0.5541)  loss_bbox_3_hybrid: 0.0670 (0.0752)  loss_giou_3_hybrid: 0.5259 (0.6554)  loss_class_4_hybrid: 0.5447 (0.5535)  loss_bbox_4_hybrid: 0.0661 (0.0748)  loss_giou_4_hybrid: 0.5303 (0.6550)  loss_class_enc_hybrid: 0.5573 (0.5455)  loss_bbox_enc_hybrid: 0.0930 (0.1084)  loss_giou_enc_hybrid: 0.6385 (0.8339)  mem: 791  max mem: 6090
[2026-08-04 16:14:18 accelerate.tracking]: [RANK 0] Successfully logged to TensorBoard
[2026-08-04 16:14:41 det.util.engine]: Epoch: [12]  [4150/6471]  eta: 0:15:49  lr: 0.000010  data_time: 0.0010  iter_time: 0.4071  loss: 24.4636 (24.4112)  loss_class: 0.5662 (0.5714)  loss_bbox: 0.0508 (0.0544)  loss_giou: 0.5418 (0.5582)  loss_class_0: 0.6774 (0.7113)  loss_bbox_0: 0.0554 (0.0574)  loss_giou_0: 0.5384 (0.5730)  loss_class_1: 0.5729 (0.6089)  loss_bbox_1: 0.0529 (0.0552)  loss_giou_1: 0.5419 (0.5619)  loss_class_2: 0.5505 (0.5859)  loss_bbox_2: 0.0515 (0.0546)  loss_giou_2: 0.5512 (0.5585)  loss_class_3: 0.5736 (0.5770)  loss_bbox_3: 0.0514 (0.0545)  loss_giou_3: 0.5415 (0.5578)  loss_class_4: 0.5705 (0.5734)  loss_bbox_4: 0.0508 (0.0543)  loss_giou_4: 0.5420 (0.5579)  loss_class_enc: 0.6603 (0.6703)  loss_bbox_enc: 0.0676 (0.0709)  loss_giou_enc: 0.6287 (0.6459)  loss_class_dn: 0.4157 (0.4044)  loss_bbox_dn: 0.0416 (0.0499)  loss_giou_dn: 0.5533 (0.5197)  loss_class_dn_0: 0.4790 (0.4754)  loss_bbox_dn_0: 0.0551 (0.0664)  loss_giou_dn_0: 0.6360 (0.6198)  loss_class_dn_1: 0.4409 (0.4285)  loss_bbox_dn_1: 0.0482 (0.0528)  loss_giou_dn_1: 0.5696 (0.5377)  loss_class_dn_2: 0.4254 (0.4117)  loss_bbox_dn_2: 0.0444 (0.0503)  loss_giou_dn_2: 0.5565 (0.5220)  loss_class_dn_3: 0.4191 (0.4062)  loss_bbox_dn_3: 0.0427 (0.0501)  loss_giou_dn_3: 0.5534 (0.5202)  loss_class_dn_4: 0.4156 (0.4046)  loss_bbox_dn_4: 0.0416 (0.0499)  loss_giou_dn_4: 0.5532 (0.5196)  loss_position: 0.2669 (0.3101)  loss_class_hybrid: 0.5563 (0.5537)  loss_bbox_hybrid: 0.0685 (0.0748)  loss_giou_hybrid: 0.5807 (0.6552)  loss_class_0_hybrid: 0.5577 (0.5755)  loss_bbox_0_hybrid: 0.0737 (0.0842)  loss_giou_0_hybrid: 0.6642 (0.6987)  loss_class_1_hybrid: 0.5708 (0.5627)  loss_bbox_1_hybrid: 0.0700 (0.0780)  loss_giou_1_hybrid: 0.6302 (0.6684)  loss_class_2_hybrid: 0.5750 (0.5564)  loss_bbox_2_hybrid: 0.0693 (0.0762)  loss_giou_2_hybrid: 0.6056 (0.6589)  loss_class_3_hybrid: 0.5549 (0.5540)  loss_bbox_3_hybrid: 0.0686 (0.0753)  loss_giou_3_hybrid: 0.5862 (0.6558)  loss_class_4_hybrid: 0.5520 (0.5534)  loss_bbox_4_hybrid: 0.0683 (0.0748)  loss_giou_4_hybrid: 0.5808 (0.6554)  loss_class_enc_hybrid: 0.5356 (0.5454)  loss_bbox_enc_hybrid: 0.0924 (0.1084)  loss_giou_enc_hybrid: 0.7367 (0.8342)  mem: 794  max mem: 6090
[2026-08-04 16:14:41 accelerate.tracking]: [RANK 0] Successfully logged to TensorBoard
[2026-08-04 16:15:03 det.util.engine]: Epoch: [12]  [4200/6471]  eta: 0:15:29  lr: 0.000010  data_time: 0.0010  iter_time: 0.3965  loss: 22.7715 (24.4063)  loss_class: 0.5185 (0.5712)  loss_bbox: 0.0487 (0.0543)  loss_giou: 0.4363 (0.5581)  loss_class_0: 0.6840 (0.7112)  loss_bbox_0: 0.0547 (0.0574)  loss_giou_0: 0.4912 (0.5729)  loss_class_1: 0.5662 (0.6090)  loss_bbox_1: 0.0503 (0.0552)  loss_giou_1: 0.4692 (0.5618)  loss_class_2: 0.5209 (0.5860)  loss_bbox_2: 0.0493 (0.0545)  loss_giou_2: 0.4559 (0.5584)  loss_class_3: 0.5155 (0.5771)  loss_bbox_3: 0.0485 (0.0544)  loss_giou_3: 0.4660 (0.5577)  loss_class_4: 0.5248 (0.5733)  loss_bbox_4: 0.0486 (0.0542)  loss_giou_4: 0.4367 (0.5577)  loss_class_enc: 0.6520 (0.6701)  loss_bbox_enc: 0.0647 (0.0708)  loss_giou_enc: 0.5605 (0.6457)  loss_class_dn: 0.4008 (0.4043)  loss_bbox_dn: 0.0424 (0.0498)  loss_giou_dn: 0.4523 (0.5195)  loss_class_dn_0: 0.4679 (0.4754)  loss_bbox_dn_0: 0.0594 (0.0663)  loss_giou_dn_0: 0.5640 (0.6195)  loss_class_dn_1: 0.4281 (0.4285)  loss_bbox_dn_1: 0.0467 (0.0528)  loss_giou_dn_1: 0.4835 (0.5375)  loss_class_dn_2: 0.4069 (0.4117)  loss_bbox_dn_2: 0.0416 (0.0502)  loss_giou_dn_2: 0.4515 (0.5218)  loss_class_dn_3: 0.4064 (0.4062)  loss_bbox_dn_3: 0.0413 (0.0500)  loss_giou_dn_3: 0.4539 (0.5200)  loss_class_dn_4: 0.4012 (0.4045)  loss_bbox_dn_4: 0.0424 (0.0498)  loss_giou_dn_4: 0.4521 (0.5194)  loss_position: 0.2668 (0.3100)  loss_class_hybrid: 0.5348 (0.5536)  loss_bbox_hybrid: 0.0569 (0.0748)  loss_giou_hybrid: 0.4907 (0.6551)  loss_class_0_hybrid: 0.5782 (0.5757)  loss_bbox_0_hybrid: 0.0637 (0.0842)  loss_giou_0_hybrid: 0.5305 (0.6985)  loss_class_1_hybrid: 0.5600 (0.5627)  loss_bbox_1_hybrid: 0.0573 (0.0779)  loss_giou_1_hybrid: 0.5034 (0.6682)  loss_class_2_hybrid: 0.5463 (0.5564)  loss_bbox_2_hybrid: 0.0565 (0.0762)  loss_giou_2_hybrid: 0.4865 (0.6588)  loss_class_3_hybrid: 0.5434 (0.5540)  loss_bbox_3_hybrid: 0.0563 (0.0752)  loss_giou_3_hybrid: 0.4893 (0.6557)  loss_class_4_hybrid: 0.5383 (0.5533)  loss_bbox_4_hybrid: 0.0569 (0.0748)  loss_giou_4_hybrid: 0.4895 (0.6553)  loss_class_enc_hybrid: 0.5597 (0.5454)  loss_bbox_enc_hybrid: 0.0898 (0.1083)  loss_giou_enc_hybrid: 0.6588 (0.8340)  mem: 784  max mem: 6090
[2026-08-04 16:15:03 accelerate.tracking]: [RANK 0] Successfully logged to TensorBoard
[2026-08-04 16:15:22 det.util.engine]: Epoch: [12]  [4250/6471]  eta: 0:15:08  lr: 0.000010  data_time: 0.0010  iter_time: 0.3511  loss: 23.9013 (24.4095)  loss_class: 0.5534 (0.5716)  loss_bbox: 0.0533 (0.0544)  loss_giou: 0.4732 (0.5579)  loss_class_0: 0.6855 (0.7115)  loss_bbox_0: 0.0602 (0.0574)  loss_giou_0: 0.4805 (0.5727)  loss_class_1: 0.5995 (0.6094)  loss_bbox_1: 0.0594 (0.0552)  loss_giou_1: 0.5057 (0.5616)  loss_class_2: 0.5578 (0.5864)  loss_bbox_2: 0.0557 (0.0546)  loss_giou_2: 0.4866 (0.5582)  loss_class_3: 0.5617 (0.5775)  loss_bbox_3: 0.0541 (0.0545)  loss_giou_3: 0.4688 (0.5575)  loss_class_4: 0.5572 (0.5736)  loss_bbox_4: 0.0541 (0.0543)  loss_giou_4: 0.4730 (0.5575)  loss_class_enc: 0.6425 (0.6703)  loss_bbox_enc: 0.0731 (0.0709)  loss_giou_enc: 0.5546 (0.6456)  loss_class_dn: 0.4004 (0.4044)  loss_bbox_dn: 0.0539 (0.0499)  loss_giou_dn: 0.5136 (0.5195)  loss_class_dn_0: 0.4767 (0.4755)  loss_bbox_dn_0: 0.0696 (0.0664)  loss_giou_dn_0: 0.6377 (0.6196)  loss_class_dn_1: 0.4270 (0.4286)  loss_bbox_dn_1: 0.0558 (0.0528)  loss_giou_dn_1: 0.5241 (0.5375)  loss_class_dn_2: 0.4058 (0.4117)  loss_bbox_dn_2: 0.0538 (0.0503)  loss_giou_dn_2: 0.5120 (0.5217)  loss_class_dn_3: 0.4021 (0.4063)  loss_bbox_dn_3: 0.0539 (0.0500)  loss_giou_dn_3: 0.5146 (0.5199)  loss_class_dn_4: 0.4005 (0.4046)  loss_bbox_dn_4: 0.0539 (0.0499)  loss_giou_dn_4: 0.5137 (0.5194)  loss_position: 0.3110 (0.3104)  loss_class_hybrid: 0.5636 (0.5540)  loss_bbox_hybrid: 0.0609 (0.0748)  loss_giou_hybrid: 0.5204 (0.6547)  loss_class_0_hybrid: 0.5746 (0.5760)  loss_bbox_0_hybrid: 0.0698 (0.0842)  loss_giou_0_hybrid: 0.5613 (0.6982)  loss_class_1_hybrid: 0.5524 (0.5631)  loss_bbox_1_hybrid: 0.0632 (0.0779)  loss_giou_1_hybrid: 0.5466 (0.6679)  loss_class_2_hybrid: 0.5560 (0.5568)  loss_bbox_2_hybrid: 0.0630 (0.0762)  loss_giou_2_hybrid: 0.5330 (0.6585)  loss_class_3_hybrid: 0.5662 (0.5544)  loss_bbox_3_hybrid: 0.0613 (0.0753)  loss_giou_3_hybrid: 0.5197 (0.6553)  loss_class_4_hybrid: 0.5648 (0.5538)  loss_bbox_4_hybrid: 0.0604 (0.0748)  loss_giou_4_hybrid: 0.5214 (0.6549)  loss_class_enc_hybrid: 0.5563 (0.5458)  loss_bbox_enc_hybrid: 0.0974 (0.1083)  loss_giou_enc_hybrid: 0.6603 (0.8337)  mem: 786  max mem: 6090
[2026-08-04 16:15:22 accelerate.tracking]: [RANK 0] Successfully logged to TensorBoard
[2026-08-04 16:15:41 det.util.engine]: Epoch: [12]  [4300/6471]  eta: 0:14:47  lr: 0.000010  data_time: 0.0010  iter_time: 0.3833  loss: 23.4706 (24.4140)  loss_class: 0.5246 (0.5714)  loss_bbox: 0.0512 (0.0544)  loss_giou: 0.5094 (0.5583)  loss_class_0: 0.6530 (0.7112)  loss_bbox_0: 0.0541 (0.0575)  loss_giou_0: 0.5286 (0.5732)  loss_class_1: 0.5472 (0.6092)  loss_bbox_1: 0.0533 (0.0553)  loss_giou_1: 0.5240 (0.5620)  loss_class_2: 0.5340 (0.5862)  loss_bbox_2: 0.0523 (0.0546)  loss_giou_2: 0.4892 (0.5586)  loss_class_3: 0.5285 (0.5773)  loss_bbox_3: 0.0509 (0.0545)  loss_giou_3: 0.5144 (0.5579)  loss_class_4: 0.5216 (0.5734)  loss_bbox_4: 0.0513 (0.0543)  loss_giou_4: 0.5094 (0.5579)  loss_class_enc: 0.6430 (0.6702)  loss_bbox_enc: 0.0609 (0.0710)  loss_giou_enc: 0.5518 (0.6460)  loss_class_dn: 0.4135 (0.4045)  loss_bbox_dn: 0.0471 (0.0499)  loss_giou_dn: 0.5300 (0.5197)  loss_class_dn_0: 0.4687 (0.4755)  loss_bbox_dn_0: 0.0584 (0.0664)  loss_giou_dn_0: 0.5955 (0.6198)  loss_class_dn_1: 0.4287 (0.4286)  loss_bbox_dn_1: 0.0488 (0.0529)  loss_giou_dn_1: 0.5416 (0.5377)  loss_class_dn_2: 0.4118 (0.4118)  loss_bbox_dn_2: 0.0473 (0.0503)  loss_giou_dn_2: 0.5313 (0.5219)  loss_class_dn_3: 0.4092 (0.4063)  loss_bbox_dn_3: 0.0473 (0.0501)  loss_giou_dn_3: 0.5327 (0.5201)  loss_class_dn_4: 0.4116 (0.4046)  loss_bbox_dn_4: 0.0471 (0.0499)  loss_giou_dn_4: 0.5298 (0.5196)  loss_position: 0.3002 (0.3106)  loss_class_hybrid: 0.5431 (0.5539)  loss_bbox_hybrid: 0.0617 (0.0747)  loss_giou_hybrid: 0.5561 (0.6550)  loss_class_0_hybrid: 0.5609 (0.5758)  loss_bbox_0_hybrid: 0.0685 (0.0842)  loss_giou_0_hybrid: 0.6061 (0.6986)  loss_class_1_hybrid: 0.5579 (0.5630)  loss_bbox_1_hybrid: 0.0658 (0.0779)  loss_giou_1_hybrid: 0.5733 (0.6682)  loss_class_2_hybrid: 0.5447 (0.5567)  loss_bbox_2_hybrid: 0.0636 (0.0762)  loss_giou_2_hybrid: 0.5612 (0.6588)  loss_class_3_hybrid: 0.5433 (0.5543)  loss_bbox_3_hybrid: 0.0626 (0.0752)  loss_giou_3_hybrid: 0.5558 (0.6556)  loss_class_4_hybrid: 0.5456 (0.5537)  loss_bbox_4_hybrid: 0.0618 (0.0748)  loss_giou_4_hybrid: 0.5567 (0.6552)  loss_class_enc_hybrid: 0.5562 (0.5457)  loss_bbox_enc_hybrid: 0.0884 (0.1083)  loss_giou_enc_hybrid: 0.7260 (0.8340)  mem: 790  max mem: 6090
[2026-08-04 16:15:41 accelerate.tracking]: [RANK 0] Successfully logged to TensorBoard
[2026-08-04 16:16:00 det.util.engine]: Epoch: [12]  [4350/6471]  eta: 0:14:26  lr: 0.000010  data_time: 0.0010  iter_time: 0.3795  loss: 25.3982 (24.4220)  loss_class: 0.6502 (0.5719)  loss_bbox: 0.0589 (0.0545)  loss_giou: 0.5244 (0.5583)  loss_class_0: 0.7691 (0.7115)  loss_bbox_0: 0.0615 (0.0575)  loss_giou_0: 0.5357 (0.5732)  loss_class_1: 0.6901 (0.6097)  loss_bbox_1: 0.0585 (0.0553)  loss_giou_1: 0.5269 (0.5620)  loss_class_2: 0.6820 (0.5867)  loss_bbox_2: 0.0581 (0.0547)  loss_giou_2: 0.5183 (0.5586)  loss_class_3: 0.6569 (0.5778)  loss_bbox_3: 0.0592 (0.0546)  loss_giou_3: 0.5215 (0.5579)  loss_class_4: 0.6531 (0.5739)  loss_bbox_4: 0.0585 (0.0544)  loss_giou_4: 0.5244 (0.5580)  loss_class_enc: 0.7396 (0.6705)  loss_bbox_enc: 0.0775 (0.0710)  loss_giou_enc: 0.5849 (0.6459)  loss_class_dn: 0.4191 (0.4046)  loss_bbox_dn: 0.0467 (0.0500)  loss_giou_dn: 0.5372 (0.5197)  loss_class_dn_0: 0.4905 (0.4756)  loss_bbox_dn_0: 0.0728 (0.0665)  loss_giou_dn_0: 0.6430 (0.6199)  loss_class_dn_1: 0.4492 (0.4287)  loss_bbox_dn_1: 0.0488 (0.0529)  loss_giou_dn_1: 0.5509 (0.5378)  loss_class_dn_2: 0.4286 (0.4119)  loss_bbox_dn_2: 0.0461 (0.0504)  loss_giou_dn_2: 0.5403 (0.5220)  loss_class_dn_3: 0.4271 (0.4064)  loss_bbox_dn_3: 0.0473 (0.0501)  loss_giou_dn_3: 0.5374 (0.5202)  loss_class_dn_4: 0.4204 (0.4048)  loss_bbox_dn_4: 0.0468 (0.0500)  loss_giou_dn_4: 0.5372 (0.5197)  loss_position: 0.3052 (0.3105)  loss_class_hybrid: 0.6251 (0.5542)  loss_bbox_hybrid: 0.0675 (0.0748)  loss_giou_hybrid: 0.5882 (0.6552)  loss_class_0_hybrid: 0.6245 (0.5761)  loss_bbox_0_hybrid: 0.0798 (0.0842)  loss_giou_0_hybrid: 0.6122 (0.6986)  loss_class_1_hybrid: 0.6314 (0.5632)  loss_bbox_1_hybrid: 0.0697 (0.0780)  loss_giou_1_hybrid: 0.5912 (0.6683)  loss_class_2_hybrid: 0.6290 (0.5570)  loss_bbox_2_hybrid: 0.0689 (0.0762)  loss_giou_2_hybrid: 0.5943 (0.6589)  loss_class_3_hybrid: 0.6220 (0.5546)  loss_bbox_3_hybrid: 0.0678 (0.0753)  loss_giou_3_hybrid: 0.5890 (0.6558)  loss_class_4_hybrid: 0.6233 (0.5540)  loss_bbox_4_hybrid: 0.0676 (0.0748)  loss_giou_4_hybrid: 0.5886 (0.6553)  loss_class_enc_hybrid: 0.5721 (0.5460)  loss_bbox_enc_hybrid: 0.0986 (0.1083)  loss_giou_enc_hybrid: 0.7281 (0.8339)  mem: 788  max mem: 6090
[2026-08-04 16:16:00 accelerate.tracking]: [RANK 0] Successfully logged to TensorBoard
[2026-08-04 16:16:19 det.util.engine]: Epoch: [12]  [4400/6471]  eta: 0:14:05  lr: 0.000010  data_time: 0.0010  iter_time: 0.3535  loss: 23.5025 (24.4221)  loss_class: 0.5559 (0.5720)  loss_bbox: 0.0501 (0.0544)  loss_giou: 0.4721 (0.5583)  loss_class_0: 0.7234 (0.7118)  loss_bbox_0: 0.0511 (0.0575)  loss_giou_0: 0.5003 (0.5731)  loss_class_1: 0.5886 (0.6099)  loss_bbox_1: 0.0500 (0.0553)  loss_giou_1: 0.4677 (0.5620)  loss_class_2: 0.5763 (0.5869)  loss_bbox_2: 0.0484 (0.0547)  loss_giou_2: 0.4714 (0.5585)  loss_class_3: 0.5684 (0.5779)  loss_bbox_3: 0.0508 (0.0545)  loss_giou_3: 0.4727 (0.5579)  loss_class_4: 0.5585 (0.5741)  loss_bbox_4: 0.0514 (0.0544)  loss_giou_4: 0.4720 (0.5580)  loss_class_enc: 0.7087 (0.6708)  loss_bbox_enc: 0.0618 (0.0710)  loss_giou_enc: 0.5787 (0.6458)  loss_class_dn: 0.4033 (0.4045)  loss_bbox_dn: 0.0389 (0.0499)  loss_giou_dn: 0.4758 (0.5196)  loss_class_dn_0: 0.4740 (0.4756)  loss_bbox_dn_0: 0.0526 (0.0664)  loss_giou_dn_0: 0.5746 (0.6198)  loss_class_dn_1: 0.4386 (0.4287)  loss_bbox_dn_1: 0.0398 (0.0529)  loss_giou_dn_1: 0.4802 (0.5376)  loss_class_dn_2: 0.4142 (0.4118)  loss_bbox_dn_2: 0.0390 (0.0503)  loss_giou_dn_2: 0.4749 (0.5219)  loss_class_dn_3: 0.4054 (0.4064)  loss_bbox_dn_3: 0.0389 (0.0501)  loss_giou_dn_3: 0.4735 (0.5201)  loss_class_dn_4: 0.4055 (0.4047)  loss_bbox_dn_4: 0.0389 (0.0499)  loss_giou_dn_4: 0.4757 (0.5195)  loss_position: 0.2992 (0.3105)  loss_class_hybrid: 0.5631 (0.5544)  loss_bbox_hybrid: 0.0541 (0.0748)  loss_giou_hybrid: 0.5379 (0.6550)  loss_class_0_hybrid: 0.6334 (0.5763)  loss_bbox_0_hybrid: 0.0572 (0.0842)  loss_giou_0_hybrid: 0.5586 (0.6984)  loss_class_1_hybrid: 0.6030 (0.5634)  loss_bbox_1_hybrid: 0.0562 (0.0779)  loss_giou_1_hybrid: 0.5492 (0.6682)  loss_class_2_hybrid: 0.5818 (0.5572)  loss_bbox_2_hybrid: 0.0554 (0.0762)  loss_giou_2_hybrid: 0.5383 (0.6588)  loss_class_3_hybrid: 0.5802 (0.5548)  loss_bbox_3_hybrid: 0.0544 (0.0753)  loss_giou_3_hybrid: 0.5406 (0.6556)  loss_class_4_hybrid: 0.5762 (0.5542)  loss_bbox_4_hybrid: 0.0540 (0.0748)  loss_giou_4_hybrid: 0.5409 (0.6552)  loss_class_enc_hybrid: 0.5855 (0.5461)  loss_bbox_enc_hybrid: 0.0761 (0.1083)  loss_giou_enc_hybrid: 0.6977 (0.8338)  mem: 788  max mem: 6090
[2026-08-04 16:16:19 accelerate.tracking]: [RANK 0] Successfully logged to TensorBoard
[2026-08-04 16:16:41 det.util.engine]: Epoch: [12]  [4450/6471]  eta: 0:13:45  lr: 0.000010  data_time: 0.0011  iter_time: 0.5369  loss: 24.1182 (24.4241)  loss_class: 0.5605 (0.5720)  loss_bbox: 0.0490 (0.0545)  loss_giou: 0.5045 (0.5583)  loss_class_0: 0.6471 (0.7119)  loss_bbox_0: 0.0519 (0.0576)  loss_giou_0: 0.5461 (0.5731)  loss_class_1: 0.5943 (0.6099)  loss_bbox_1: 0.0491 (0.0553)  loss_giou_1: 0.5295 (0.5619)  loss_class_2: 0.5525 (0.5869)  loss_bbox_2: 0.0484 (0.0547)  loss_giou_2: 0.5141 (0.5586)  loss_class_3: 0.5710 (0.5780)  loss_bbox_3: 0.0483 (0.0546)  loss_giou_3: 0.5023 (0.5579)  loss_class_4: 0.5642 (0.5741)  loss_bbox_4: 0.0508 (0.0544)  loss_giou_4: 0.4957 (0.5580)  loss_class_enc: 0.6497 (0.6710)  loss_bbox_enc: 0.0628 (0.0710)  loss_giou_enc: 0.5801 (0.6457)  loss_class_dn: 0.4147 (0.4046)  loss_bbox_dn: 0.0482 (0.0500)  loss_giou_dn: 0.5306 (0.5198)  loss_class_dn_0: 0.4636 (0.4756)  loss_bbox_dn_0: 0.0613 (0.0665)  loss_giou_dn_0: 0.6461 (0.6200)  loss_class_dn_1: 0.4341 (0.4287)  loss_bbox_dn_1: 0.0531 (0.0529)  loss_giou_dn_1: 0.5616 (0.5378)  loss_class_dn_2: 0.4137 (0.4118)  loss_bbox_dn_2: 0.0492 (0.0504)  loss_giou_dn_2: 0.5332 (0.5220)  loss_class_dn_3: 0.4168 (0.4064)  loss_bbox_dn_3: 0.0486 (0.0501)  loss_giou_dn_3: 0.5289 (0.5202)  loss_class_dn_4: 0.4157 (0.4047)  loss_bbox_dn_4: 0.0482 (0.0500)  loss_giou_dn_4: 0.5299 (0.5197)  loss_position: 0.2694 (0.3105)  loss_class_hybrid: 0.5339 (0.5544)  loss_bbox_hybrid: 0.0620 (0.0749)  loss_giou_hybrid: 0.5972 (0.6550)  loss_class_0_hybrid: 0.5620 (0.5763)  loss_bbox_0_hybrid: 0.0714 (0.0843)  loss_giou_0_hybrid: 0.6340 (0.6984)  loss_class_1_hybrid: 0.5489 (0.5633)  loss_bbox_1_hybrid: 0.0635 (0.0780)  loss_giou_1_hybrid: 0.5903 (0.6681)  loss_class_2_hybrid: 0.5423 (0.5571)  loss_bbox_2_hybrid: 0.0623 (0.0763)  loss_giou_2_hybrid: 0.5936 (0.6587)  loss_class_3_hybrid: 0.5364 (0.5548)  loss_bbox_3_hybrid: 0.0626 (0.0754)  loss_giou_3_hybrid: 0.5752 (0.6556)  loss_class_4_hybrid: 0.5346 (0.5541)  loss_bbox_4_hybrid: 0.0620 (0.0749)  loss_giou_4_hybrid: 0.5859 (0.6552)  loss_class_enc_hybrid: 0.5486 (0.5462)  loss_bbox_enc_hybrid: 0.0884 (0.1083)  loss_giou_enc_hybrid: 0.8105 (0.8337)  mem: 792  max mem: 6090
[2026-08-04 16:16:41 accelerate.tracking]: [RANK 0] Successfully logged to TensorBoard
[2026-08-04 16:17:01 det.util.engine]: Epoch: [12]  [4500/6471]  eta: 0:13:25  lr: 0.000010  data_time: 0.0011  iter_time: 0.3588  loss: 24.2649 (24.4279)  loss_class: 0.5851 (0.5721)  loss_bbox: 0.0483 (0.0545)  loss_giou: 0.5170 (0.5586)  loss_class_0: 0.7197 (0.7119)  loss_bbox_0: 0.0525 (0.0575)  loss_giou_0: 0.5196 (0.5733)  loss_class_1: 0.6049 (0.6099)  loss_bbox_1: 0.0497 (0.0553)  loss_giou_1: 0.5047 (0.5622)  loss_class_2: 0.5911 (0.5869)  loss_bbox_2: 0.0491 (0.0547)  loss_giou_2: 0.5152 (0.5588)  loss_class_3: 0.5773 (0.5780)  loss_bbox_3: 0.0487 (0.0546)  loss_giou_3: 0.5150 (0.5581)  loss_class_4: 0.5828 (0.5742)  loss_bbox_4: 0.0484 (0.0544)  loss_giou_4: 0.5167 (0.5582)  loss_class_enc: 0.7113 (0.6712)  loss_bbox_enc: 0.0591 (0.0709)  loss_giou_enc: 0.5667 (0.6457)  loss_class_dn: 0.4008 (0.4046)  loss_bbox_dn: 0.0461 (0.0500)  loss_giou_dn: 0.5067 (0.5200)  loss_class_dn_0: 0.4674 (0.4756)  loss_bbox_dn_0: 0.0618 (0.0664)  loss_giou_dn_0: 0.6310 (0.6202)  loss_class_dn_1: 0.4243 (0.4287)  loss_bbox_dn_1: 0.0486 (0.0529)  loss_giou_dn_1: 0.5393 (0.5380)  loss_class_dn_2: 0.4067 (0.4118)  loss_bbox_dn_2: 0.0469 (0.0503)  loss_giou_dn_2: 0.5130 (0.5222)  loss_class_dn_3: 0.3995 (0.4064)  loss_bbox_dn_3: 0.0466 (0.0501)  loss_giou_dn_3: 0.5065 (0.5204)  loss_class_dn_4: 0.3991 (0.4048)  loss_bbox_dn_4: 0.0462 (0.0500)  loss_giou_dn_4: 0.5064 (0.5199)  loss_position: 0.2747 (0.3105)  loss_class_hybrid: 0.5871 (0.5544)  loss_bbox_hybrid: 0.0604 (0.0748)  loss_giou_hybrid: 0.5303 (0.6553)  loss_class_0_hybrid: 0.6143 (0.5763)  loss_bbox_0_hybrid: 0.0646 (0.0842)  loss_giou_0_hybrid: 0.5427 (0.6986)  loss_class_1_hybrid: 0.5927 (0.5634)  loss_bbox_1_hybrid: 0.0612 (0.0780)  loss_giou_1_hybrid: 0.5279 (0.6684)  loss_class_2_hybrid: 0.5907 (0.5572)  loss_bbox_2_hybrid: 0.0612 (0.0762)  loss_giou_2_hybrid: 0.5310 (0.6590)  loss_class_3_hybrid: 0.5804 (0.5548)  loss_bbox_3_hybrid: 0.0607 (0.0753)  loss_giou_3_hybrid: 0.5296 (0.6558)  loss_class_4_hybrid: 0.5859 (0.5541)  loss_bbox_4_hybrid: 0.0606 (0.0748)  loss_giou_4_hybrid: 0.5304 (0.6554)  loss_class_enc_hybrid: 0.5997 (0.5462)  loss_bbox_enc_hybrid: 0.0845 (0.1082)  loss_giou_enc_hybrid: 0.6510 (0.8338)  mem: 791  max mem: 6090
[2026-08-04 16:17:01 accelerate.tracking]: [RANK 0] Successfully logged to TensorBoard
[2026-08-04 16:17:26 det.util.engine]: Epoch: [12]  [4550/6471]  eta: 0:13:06  lr: 0.000010  data_time: 0.0010  iter_time: 0.4664  loss: 25.4539 (24.4503)  loss_class: 0.5863 (0.5720)  loss_bbox: 0.0437 (0.0545)  loss_giou: 0.6207 (0.5597)  loss_class_0: 0.7080 (0.7117)  loss_bbox_0: 0.0481 (0.0576)  loss_giou_0: 0.5948 (0.5744)  loss_class_1: 0.6275 (0.6098)  loss_bbox_1: 0.0432 (0.0554)  loss_giou_1: 0.5623 (0.5633)  loss_class_2: 0.5922 (0.5869)  loss_bbox_2: 0.0431 (0.0548)  loss_giou_2: 0.5797 (0.5599)  loss_class_3: 0.5878 (0.5781)  loss_bbox_3: 0.0433 (0.0546)  loss_giou_3: 0.5723 (0.5592)  loss_class_4: 0.5998 (0.5742)  loss_bbox_4: 0.0437 (0.0545)  loss_giou_4: 0.5793 (0.5593)  loss_class_enc: 0.6539 (0.6710)  loss_bbox_enc: 0.0566 (0.0710)  loss_giou_enc: 0.6658 (0.6466)  loss_class_dn: 0.4284 (0.4047)  loss_bbox_dn: 0.0357 (0.0500)  loss_giou_dn: 0.5534 (0.5207)  loss_class_dn_0: 0.4841 (0.4756)  loss_bbox_dn_0: 0.0484 (0.0664)  loss_giou_dn_0: 0.6594 (0.6209)  loss_class_dn_1: 0.4499 (0.4289)  loss_bbox_dn_1: 0.0402 (0.0529)  loss_giou_dn_1: 0.5776 (0.5387)  loss_class_dn_2: 0.4354 (0.4120)  loss_bbox_dn_2: 0.0372 (0.0503)  loss_giou_dn_2: 0.5520 (0.5229)  loss_class_dn_3: 0.4299 (0.4065)  loss_bbox_dn_3: 0.0364 (0.0501)  loss_giou_dn_3: 0.5519 (0.5211)  loss_class_dn_4: 0.4284 (0.4049)  loss_bbox_dn_4: 0.0357 (0.0500)  loss_giou_dn_4: 0.5530 (0.5206)  loss_position: 0.3022 (0.3107)  loss_class_hybrid: 0.5957 (0.5541)  loss_bbox_hybrid: 0.0587 (0.0750)  loss_giou_hybrid: 0.5838 (0.6568)  loss_class_0_hybrid: 0.5897 (0.5760)  loss_bbox_0_hybrid: 0.0663 (0.0844)  loss_giou_0_hybrid: 0.6464 (0.7002)  loss_class_1_hybrid: 0.5829 (0.5631)  loss_bbox_1_hybrid: 0.0656 (0.0782)  loss_giou_1_hybrid: 0.5974 (0.6699)  loss_class_2_hybrid: 0.5736 (0.5569)  loss_bbox_2_hybrid: 0.0636 (0.0764)  loss_giou_2_hybrid: 0.5852 (0.6605)  loss_class_3_hybrid: 0.5929 (0.5545)  loss_bbox_3_hybrid: 0.0601 (0.0755)  loss_giou_3_hybrid: 0.5831 (0.6574)  loss_class_4_hybrid: 0.5942 (0.5539)  loss_bbox_4_hybrid: 0.0597 (0.0750)  loss_giou_4_hybrid: 0.5844 (0.6569)  loss_class_enc_hybrid: 0.5754 (0.5459)  loss_bbox_enc_hybrid: 0.0776 (0.1084)  loss_giou_enc_hybrid: 0.7568 (0.8352)  mem: 793  max mem: 6090
[2026-08-04 16:17:26 accelerate.tracking]: [RANK 0] Successfully logged to TensorBoard
[2026-08-04 16:17:48 det.util.engine]: Epoch: [12]  [4600/6471]  eta: 0:12:46  lr: 0.000010  data_time: 0.0010  iter_time: 0.5407  loss: 23.6819 (24.4557)  loss_class: 0.5732 (0.5721)  loss_bbox: 0.0536 (0.0546)  loss_giou: 0.5019 (0.5597)  loss_class_0: 0.7090 (0.7117)  loss_bbox_0: 0.0573 (0.0576)  loss_giou_0: 0.5296 (0.5745)  loss_class_1: 0.6081 (0.6098)  loss_bbox_1: 0.0564 (0.0554)  loss_giou_1: 0.5123 (0.5634)  loss_class_2: 0.5964 (0.5869)  loss_bbox_2: 0.0512 (0.0548)  loss_giou_2: 0.5073 (0.5600)  loss_class_3: 0.5834 (0.5781)  loss_bbox_3: 0.0505 (0.0547)  loss_giou_3: 0.5087 (0.5592)  loss_class_4: 0.5722 (0.5742)  loss_bbox_4: 0.0529 (0.0545)  loss_giou_4: 0.5024 (0.5594)  loss_class_enc: 0.6774 (0.6711)  loss_bbox_enc: 0.0678 (0.0710)  loss_giou_enc: 0.5952 (0.6467)  loss_class_dn: 0.3829 (0.4047)  loss_bbox_dn: 0.0479 (0.0500)  loss_giou_dn: 0.5546 (0.5208)  loss_class_dn_0: 0.4724 (0.4756)  loss_bbox_dn_0: 0.0611 (0.0664)  loss_giou_dn_0: 0.6509 (0.6211)  loss_class_dn_1: 0.4179 (0.4288)  loss_bbox_dn_1: 0.0500 (0.0529)  loss_giou_dn_1: 0.5782 (0.5389)  loss_class_dn_2: 0.3893 (0.4119)  loss_bbox_dn_2: 0.0479 (0.0503)  loss_giou_dn_2: 0.5551 (0.5231)  loss_class_dn_3: 0.3864 (0.4065)  loss_bbox_dn_3: 0.0480 (0.0501)  loss_giou_dn_3: 0.5546 (0.5213)  loss_class_dn_4: 0.3841 (0.4048)  loss_bbox_dn_4: 0.0479 (0.0500)  loss_giou_dn_4: 0.5545 (0.5208)  loss_position: 0.2922 (0.3107)  loss_class_hybrid: 0.5635 (0.5540)  loss_bbox_hybrid: 0.0670 (0.0752)  loss_giou_hybrid: 0.6118 (0.6572)  loss_class_0_hybrid: 0.5922 (0.5758)  loss_bbox_0_hybrid: 0.0781 (0.0846)  loss_giou_0_hybrid: 0.6544 (0.7006)  loss_class_1_hybrid: 0.5538 (0.5630)  loss_bbox_1_hybrid: 0.0715 (0.0784)  loss_giou_1_hybrid: 0.6223 (0.6704)  loss_class_2_hybrid: 0.5627 (0.5568)  loss_bbox_2_hybrid: 0.0677 (0.0766)  loss_giou_2_hybrid: 0.6113 (0.6610)  loss_class_3_hybrid: 0.5587 (0.5544)  loss_bbox_3_hybrid: 0.0669 (0.0757)  loss_giou_3_hybrid: 0.6109 (0.6578)  loss_class_4_hybrid: 0.5590 (0.5537)  loss_bbox_4_hybrid: 0.0669 (0.0752)  loss_giou_4_hybrid: 0.6117 (0.6574)  loss_class_enc_hybrid: 0.5944 (0.5459)  loss_bbox_enc_hybrid: 0.0972 (0.1085)  loss_giou_enc_hybrid: 0.7593 (0.8356)  mem: 791  max mem: 6090
[2026-08-04 16:17:48 accelerate.tracking]: [RANK 0] Successfully logged to TensorBoard
[2026-08-04 16:18:12 det.util.engine]: Epoch: [12]  [4650/6471]  eta: 0:12:27  lr: 0.000010  data_time: 0.0010  iter_time: 0.4510  loss: 27.2341 (24.4750)  loss_class: 0.6200 (0.5723)  loss_bbox: 0.0503 (0.0545)  loss_giou: 0.6357 (0.5604)  loss_class_0: 0.6964 (0.7116)  loss_bbox_0: 0.0554 (0.0576)  loss_giou_0: 0.6439 (0.5752)  loss_class_1: 0.6209 (0.6100)  loss_bbox_1: 0.0545 (0.0554)  loss_giou_1: 0.6517 (0.5641)  loss_class_2: 0.6156 (0.5872)  loss_bbox_2: 0.0485 (0.0548)  loss_giou_2: 0.6567 (0.5607)  loss_class_3: 0.6205 (0.5784)  loss_bbox_3: 0.0500 (0.0546)  loss_giou_3: 0.6524 (0.5599)  loss_class_4: 0.5982 (0.5744)  loss_bbox_4: 0.0494 (0.0545)  loss_giou_4: 0.6359 (0.5601)  loss_class_enc: 0.6936 (0.6710)  loss_bbox_enc: 0.0725 (0.0710)  loss_giou_enc: 0.7002 (0.6474)  loss_class_dn: 0.4410 (0.4048)  loss_bbox_dn: 0.0408 (0.0499)  loss_giou_dn: 0.5693 (0.5214)  loss_class_dn_0: 0.4682 (0.4757)  loss_bbox_dn_0: 0.0530 (0.0664)  loss_giou_dn_0: 0.6724 (0.6216)  loss_class_dn_1: 0.4503 (0.4290)  loss_bbox_dn_1: 0.0449 (0.0529)  loss_giou_dn_1: 0.5908 (0.5394)  loss_class_dn_2: 0.4425 (0.4121)  loss_bbox_dn_2: 0.0426 (0.0503)  loss_giou_dn_2: 0.5662 (0.5236)  loss_class_dn_3: 0.4416 (0.4066)  loss_bbox_dn_3: 0.0418 (0.0501)  loss_giou_dn_3: 0.5709 (0.5218)  loss_class_dn_4: 0.4410 (0.4050)  loss_bbox_dn_4: 0.0408 (0.0499)  loss_giou_dn_4: 0.5692 (0.5213)  loss_position: 0.2636 (0.3106)  loss_class_hybrid: 0.5443 (0.5539)  loss_bbox_hybrid: 0.0838 (0.0754)  loss_giou_hybrid: 0.7016 (0.6585)  loss_class_0_hybrid: 0.5638 (0.5756)  loss_bbox_0_hybrid: 0.0833 (0.0848)  loss_giou_0_hybrid: 0.7449 (0.7020)  loss_class_1_hybrid: 0.5538 (0.5628)  loss_bbox_1_hybrid: 0.0847 (0.0786)  loss_giou_1_hybrid: 0.7269 (0.6717)  loss_class_2_hybrid: 0.5428 (0.5567)  loss_bbox_2_hybrid: 0.0848 (0.0768)  loss_giou_2_hybrid: 0.7198 (0.6623)  loss_class_3_hybrid: 0.5501 (0.5543)  loss_bbox_3_hybrid: 0.0841 (0.0759)  loss_giou_3_hybrid: 0.7064 (0.6591)  loss_class_4_hybrid: 0.5474 (0.5536)  loss_bbox_4_hybrid: 0.0844 (0.0754)  loss_giou_4_hybrid: 0.7020 (0.6587)  loss_class_enc_hybrid: 0.4829 (0.5456)  loss_bbox_enc_hybrid: 0.1124 (0.1088)  loss_giou_enc_hybrid: 0.9378 (0.8371)  mem: 785  max mem: 6090
[2026-08-04 16:18:12 accelerate.tracking]: [RANK 0] Successfully logged to TensorBoard
[2026-08-04 16:18:34 det.util.engine]: Epoch: [12]  [4700/6471]  eta: 0:12:07  lr: 0.000010  data_time: 0.0010  iter_time: 0.4238  loss: 25.2476 (24.4791)  loss_class: 0.5511 (0.5725)  loss_bbox: 0.0560 (0.0546)  loss_giou: 0.5767 (0.5604)  loss_class_0: 0.6614 (0.7117)  loss_bbox_0: 0.0608 (0.0576)  loss_giou_0: 0.5860 (0.5752)  loss_class_1: 0.6213 (0.6101)  loss_bbox_1: 0.0576 (0.0554)  loss_giou_1: 0.5681 (0.5641)  loss_class_2: 0.5526 (0.5873)  loss_bbox_2: 0.0565 (0.0548)  loss_giou_2: 0.5799 (0.5607)  loss_class_3: 0.5490 (0.5785)  loss_bbox_3: 0.0530 (0.0546)  loss_giou_3: 0.5747 (0.5599)  loss_class_4: 0.5538 (0.5745)  loss_bbox_4: 0.0561 (0.0545)  loss_giou_4: 0.5741 (0.5601)  loss_class_enc: 0.6255 (0.6710)  loss_bbox_enc: 0.0717 (0.0710)  loss_giou_enc: 0.6960 (0.6475)  loss_class_dn: 0.4100 (0.4049)  loss_bbox_dn: 0.0423 (0.0500)  loss_giou_dn: 0.5725 (0.5215)  loss_class_dn_0: 0.4703 (0.4757)  loss_bbox_dn_0: 0.0564 (0.0664)  loss_giou_dn_0: 0.6573 (0.6217)  loss_class_dn_1: 0.4342 (0.4290)  loss_bbox_dn_1: 0.0457 (0.0529)  loss_giou_dn_1: 0.5864 (0.5395)  loss_class_dn_2: 0.4122 (0.4122)  loss_bbox_dn_2: 0.0437 (0.0504)  loss_giou_dn_2: 0.5730 (0.5237)  loss_class_dn_3: 0.4061 (0.4067)  loss_bbox_dn_3: 0.0427 (0.0501)  loss_giou_dn_3: 0.5726 (0.5219)  loss_class_dn_4: 0.4066 (0.4051)  loss_bbox_dn_4: 0.0423 (0.0500)  loss_giou_dn_4: 0.5724 (0.5214)  loss_position: 0.2527 (0.3103)  loss_class_hybrid: 0.4979 (0.5540)  loss_bbox_hybrid: 0.0834 (0.0755)  loss_giou_hybrid: 0.6779 (0.6587)  loss_class_0_hybrid: 0.5209 (0.5756)  loss_bbox_0_hybrid: 0.0924 (0.0849)  loss_giou_0_hybrid: 0.7324 (0.7022)  loss_class_1_hybrid: 0.5061 (0.5629)  loss_bbox_1_hybrid: 0.0853 (0.0786)  loss_giou_1_hybrid: 0.6957 (0.6719)  loss_class_2_hybrid: 0.5007 (0.5567)  loss_bbox_2_hybrid: 0.0858 (0.0769)  loss_giou_2_hybrid: 0.6900 (0.6624)  loss_class_3_hybrid: 0.5018 (0.5544)  loss_bbox_3_hybrid: 0.0830 (0.0759)  loss_giou_3_hybrid: 0.6784 (0.6592)  loss_class_4_hybrid: 0.5046 (0.5537)  loss_bbox_4_hybrid: 0.0828 (0.0755)  loss_giou_4_hybrid: 0.6756 (0.6588)  loss_class_enc_hybrid: 0.5080 (0.5456)  loss_bbox_enc_hybrid: 0.1041 (0.1089)  loss_giou_enc_hybrid: 0.8485 (0.8374)  mem: 796  max mem: 6090
[2026-08-04 16:18:34 accelerate.tracking]: [RANK 0] Successfully logged to TensorBoard
[2026-08-04 16:18:54 det.util.engine]: Epoch: [12]  [4750/6471]  eta: 0:11:46  lr: 0.000010  data_time: 0.0010  iter_time: 0.4364  loss: 24.8531 (24.5029)  loss_class: 0.5532 (0.5725)  loss_bbox: 0.0427 (0.0547)  loss_giou: 0.5435 (0.5615)  loss_class_0: 0.6643 (0.7114)  loss_bbox_0: 0.0445 (0.0577)  loss_giou_0: 0.5588 (0.5763)  loss_class_1: 0.5729 (0.6101)  loss_bbox_1: 0.0457 (0.0555)  loss_giou_1: 0.5605 (0.5652)  loss_class_2: 0.5544 (0.5873)  loss_bbox_2: 0.0426 (0.0549)  loss_giou_2: 0.5507 (0.5617)  loss_class_3: 0.5534 (0.5786)  loss_bbox_3: 0.0426 (0.0548)  loss_giou_3: 0.5560 (0.5610)  loss_class_4: 0.5625 (0.5745)  loss_bbox_4: 0.0427 (0.0546)  loss_giou_4: 0.5481 (0.5612)  loss_class_enc: 0.6113 (0.6707)  loss_bbox_enc: 0.0546 (0.0712)  loss_giou_enc: 0.6431 (0.6485)  loss_class_dn: 0.4242 (0.4050)  loss_bbox_dn: 0.0338 (0.0500)  loss_giou_dn: 0.4700 (0.5220)  loss_class_dn_0: 0.4692 (0.4757)  loss_bbox_dn_0: 0.0437 (0.0665)  loss_giou_dn_0: 0.5698 (0.6221)  loss_class_dn_1: 0.4380 (0.4291)  loss_bbox_dn_1: 0.0333 (0.0530)  loss_giou_dn_1: 0.4800 (0.5401)  loss_class_dn_2: 0.4324 (0.4122)  loss_bbox_dn_2: 0.0345 (0.0504)  loss_giou_dn_2: 0.4744 (0.5242)  loss_class_dn_3: 0.4278 (0.4068)  loss_bbox_dn_3: 0.0343 (0.0502)  loss_giou_dn_3: 0.4724 (0.5224)  loss_class_dn_4: 0.4236 (0.4052)  loss_bbox_dn_4: 0.0339 (0.0500)  loss_giou_dn_4: 0.4698 (0.5219)  loss_position: 0.3041 (0.3116)  loss_class_hybrid: 0.5059 (0.5538)  loss_bbox_hybrid: 0.0718 (0.0757)  loss_giou_hybrid: 0.6358 (0.6602)  loss_class_0_hybrid: 0.5214 (0.5753)  loss_bbox_0_hybrid: 0.0834 (0.0852)  loss_giou_0_hybrid: 0.6564 (0.7038)  loss_class_1_hybrid: 0.5112 (0.5627)  loss_bbox_1_hybrid: 0.0758 (0.0789)  loss_giou_1_hybrid: 0.6348 (0.6734)  loss_class_2_hybrid: 0.5143 (0.5565)  loss_bbox_2_hybrid: 0.0735 (0.0771)  loss_giou_2_hybrid: 0.6353 (0.6639)  loss_class_3_hybrid: 0.5005 (0.5541)  loss_bbox_3_hybrid: 0.0721 (0.0762)  loss_giou_3_hybrid: 0.6342 (0.6608)  loss_class_4_hybrid: 0.4983 (0.5534)  loss_bbox_4_hybrid: 0.0710 (0.0757)  loss_giou_4_hybrid: 0.6326 (0.6603)  loss_class_enc_hybrid: 0.5255 (0.5453)  loss_bbox_enc_hybrid: 0.1043 (0.1093)  loss_giou_enc_hybrid: 0.8188 (0.8389)  mem: 793  max mem: 6090
[2026-08-04 16:18:54 accelerate.tracking]: [RANK 0] Successfully logged to TensorBoard
[2026-08-04 16:19:14 det.util.engine]: Epoch: [12]  [4800/6471]  eta: 0:11:26  lr: 0.000010  data_time: 0.0011  iter_time: 0.3835  loss: 24.2612 (24.5180)  loss_class: 0.5707 (0.5728)  loss_bbox: 0.0451 (0.0548)  loss_giou: 0.5270 (0.5620)  loss_class_0: 0.6573 (0.7115)  loss_bbox_0: 0.0497 (0.0578)  loss_giou_0: 0.5353 (0.5767)  loss_class_1: 0.5979 (0.6103)  loss_bbox_1: 0.0464 (0.0556)  loss_giou_1: 0.5600 (0.5657)  loss_class_2: 0.5774 (0.5875)  loss_bbox_2: 0.0471 (0.0549)  loss_giou_2: 0.5307 (0.5622)  loss_class_3: 0.5670 (0.5788)  loss_bbox_3: 0.0448 (0.0548)  loss_giou_3: 0.5275 (0.5614)  loss_class_4: 0.5708 (0.5748)  loss_bbox_4: 0.0451 (0.0547)  loss_giou_4: 0.5267 (0.5617)  loss_class_enc: 0.6195 (0.6705)  loss_bbox_enc: 0.0577 (0.0712)  loss_giou_enc: 0.6667 (0.6490)  loss_class_dn: 0.4132 (0.4052)  loss_bbox_dn: 0.0422 (0.0501)  loss_giou_dn: 0.5573 (0.5222)  loss_class_dn_0: 0.4761 (0.4758)  loss_bbox_dn_0: 0.0541 (0.0666)  loss_giou_dn_0: 0.6665 (0.6224)  loss_class_dn_1: 0.4365 (0.4293)  loss_bbox_dn_1: 0.0449 (0.0530)  loss_giou_dn_1: 0.5711 (0.5403)  loss_class_dn_2: 0.4237 (0.4124)  loss_bbox_dn_2: 0.0424 (0.0505)  loss_giou_dn_2: 0.5579 (0.5245)  loss_class_dn_3: 0.4153 (0.4070)  loss_bbox_dn_3: 0.0426 (0.0502)  loss_giou_dn_3: 0.5561 (0.5227)  loss_class_dn_4: 0.4157 (0.4054)  loss_bbox_dn_4: 0.0421 (0.0501)  loss_giou_dn_4: 0.5568 (0.5222)  loss_position: 0.2779 (0.3116)  loss_class_hybrid: 0.5329 (0.5538)  loss_bbox_hybrid: 0.0780 (0.0758)  loss_giou_hybrid: 0.6133 (0.6611)  loss_class_0_hybrid: 0.5369 (0.5753)  loss_bbox_0_hybrid: 0.0830 (0.0853)  loss_giou_0_hybrid: 0.6583 (0.7046)  loss_class_1_hybrid: 0.5344 (0.5627)  loss_bbox_1_hybrid: 0.0810 (0.0790)  loss_giou_1_hybrid: 0.6201 (0.6743)  loss_class_2_hybrid: 0.5304 (0.5566)  loss_bbox_2_hybrid: 0.0800 (0.0773)  loss_giou_2_hybrid: 0.6091 (0.6648)  loss_class_3_hybrid: 0.5288 (0.5542)  loss_bbox_3_hybrid: 0.0793 (0.0763)  loss_giou_3_hybrid: 0.6085 (0.6616)  loss_class_4_hybrid: 0.5331 (0.5535)  loss_bbox_4_hybrid: 0.0781 (0.0759)  loss_giou_4_hybrid: 0.6114 (0.6612)  loss_class_enc_hybrid: 0.4939 (0.5451)  loss_bbox_enc_hybrid: 0.1109 (0.1094)  loss_giou_enc_hybrid: 0.7877 (0.8398)  mem: 786  max mem: 6090
[2026-08-04 16:19:14 accelerate.tracking]: [RANK 0] Successfully logged to TensorBoard
[2026-08-04 16:19:33 det.util.engine]: Epoch: [12]  [4850/6471]  eta: 0:11:04  lr: 0.000010  data_time: 0.0010  iter_time: 0.3499  loss: 24.4629 (24.5104)  loss_class: 0.5876 (0.5729)  loss_bbox: 0.0507 (0.0547)  loss_giou: 0.4563 (0.5615)  loss_class_0: 0.7574 (0.7118)  loss_bbox_0: 0.0557 (0.0578)  loss_giou_0: 0.4865 (0.5763)  loss_class_1: 0.6194 (0.6103)  loss_bbox_1: 0.0549 (0.0556)  loss_giou_1: 0.4783 (0.5653)  loss_class_2: 0.6059 (0.5876)  loss_bbox_2: 0.0525 (0.0549)  loss_giou_2: 0.4699 (0.5618)  loss_class_3: 0.5884 (0.5790)  loss_bbox_3: 0.0523 (0.0548)  loss_giou_3: 0.4618 (0.5610)  loss_class_4: 0.5886 (0.5749)  loss_bbox_4: 0.0521 (0.0547)  loss_giou_4: 0.4563 (0.5612)  loss_class_enc: 0.7077 (0.6706)  loss_bbox_enc: 0.0596 (0.0712)  loss_giou_enc: 0.5488 (0.6485)  loss_class_dn: 0.4198 (0.4051)  loss_bbox_dn: 0.0465 (0.0501)  loss_giou_dn: 0.4322 (0.5220)  loss_class_dn_0: 0.4874 (0.4757)  loss_bbox_dn_0: 0.0597 (0.0666)  loss_giou_dn_0: 0.5393 (0.6221)  loss_class_dn_1: 0.4330 (0.4292)  loss_bbox_dn_1: 0.0476 (0.0530)  loss_giou_dn_1: 0.4625 (0.5401)  loss_class_dn_2: 0.4271 (0.4123)  loss_bbox_dn_2: 0.0462 (0.0505)  loss_giou_dn_2: 0.4370 (0.5242)  loss_class_dn_3: 0.4239 (0.4069)  loss_bbox_dn_3: 0.0465 (0.0502)  loss_giou_dn_3: 0.4342 (0.5224)  loss_class_dn_4: 0.4187 (0.4053)  loss_bbox_dn_4: 0.0465 (0.0501)  loss_giou_dn_4: 0.4319 (0.5219)  loss_position: 0.3450 (0.3122)  loss_class_hybrid: 0.5811 (0.5540)  loss_bbox_hybrid: 0.0627 (0.0757)  loss_giou_hybrid: 0.4743 (0.6605)  loss_class_0_hybrid: 0.5906 (0.5755)  loss_bbox_0_hybrid: 0.0714 (0.0852)  loss_giou_0_hybrid: 0.5264 (0.7040)  loss_class_1_hybrid: 0.5716 (0.5628)  loss_bbox_1_hybrid: 0.0664 (0.0789)  loss_giou_1_hybrid: 0.4928 (0.6736)  loss_class_2_hybrid: 0.5828 (0.5568)  loss_bbox_2_hybrid: 0.0642 (0.0772)  loss_giou_2_hybrid: 0.4786 (0.6642)  loss_class_3_hybrid: 0.5793 (0.5544)  loss_bbox_3_hybrid: 0.0634 (0.0762)  loss_giou_3_hybrid: 0.4769 (0.6611)  loss_class_4_hybrid: 0.5769 (0.5536)  loss_bbox_4_hybrid: 0.0629 (0.0758)  loss_giou_4_hybrid: 0.4732 (0.6606)  loss_class_enc_hybrid: 0.5346 (0.5452)  loss_bbox_enc_hybrid: 0.0882 (0.1093)  loss_giou_enc_hybrid: 0.7141 (0.8391)  mem: 790  max mem: 6090
[2026-08-04 16:19:33 accelerate.tracking]: [RANK 0] Successfully logged to TensorBoard
[2026-08-04 16:19:50 det.util.engine]: Epoch: [12]  [4900/6471]  eta: 0:10:43  lr: 0.000010  data_time: 0.0010  iter_time: 0.3418  loss: 22.7032 (24.5087)  loss_class: 0.5466 (0.5732)  loss_bbox: 0.0554 (0.0547)  loss_giou: 0.5176 (0.5614)  loss_class_0: 0.7658 (0.7121)  loss_bbox_0: 0.0577 (0.0578)  loss_giou_0: 0.4839 (0.5761)  loss_class_1: 0.5861 (0.6106)  loss_bbox_1: 0.0572 (0.0556)  loss_giou_1: 0.5071 (0.5652)  loss_class_2: 0.5903 (0.5879)  loss_bbox_2: 0.0537 (0.0549)  loss_giou_2: 0.5251 (0.5617)  loss_class_3: 0.5688 (0.5792)  loss_bbox_3: 0.0549 (0.0548)  loss_giou_3: 0.5193 (0.5608)  loss_class_4: 0.5550 (0.5751)  loss_bbox_4: 0.0554 (0.0547)  loss_giou_4: 0.5173 (0.5611)  loss_class_enc: 0.6826 (0.6709)  loss_bbox_enc: 0.0658 (0.0712)  loss_giou_enc: 0.5887 (0.6484)  loss_class_dn: 0.3778 (0.4052)  loss_bbox_dn: 0.0488 (0.0501)  loss_giou_dn: 0.4497 (0.5219)  loss_class_dn_0: 0.4587 (0.4757)  loss_bbox_dn_0: 0.0649 (0.0666)  loss_giou_dn_0: 0.5276 (0.6220)  loss_class_dn_1: 0.4110 (0.4292)  loss_bbox_dn_1: 0.0507 (0.0530)  loss_giou_dn_1: 0.4572 (0.5399)  loss_class_dn_2: 0.3856 (0.4124)  loss_bbox_dn_2: 0.0487 (0.0505)  loss_giou_dn_2: 0.4494 (0.5241)  loss_class_dn_3: 0.3822 (0.4070)  loss_bbox_dn_3: 0.0489 (0.0502)  loss_giou_dn_3: 0.4499 (0.5223)  loss_class_dn_4: 0.3811 (0.4053)  loss_bbox_dn_4: 0.0488 (0.0501)  loss_giou_dn_4: 0.4496 (0.5218)  loss_position: 0.3357 (0.3125)  loss_class_hybrid: 0.5696 (0.5543)  loss_bbox_hybrid: 0.0621 (0.0756)  loss_giou_hybrid: 0.5140 (0.6600)  loss_class_0_hybrid: 0.6288 (0.5759)  loss_bbox_0_hybrid: 0.0689 (0.0851)  loss_giou_0_hybrid: 0.5397 (0.7035)  loss_class_1_hybrid: 0.6003 (0.5632)  loss_bbox_1_hybrid: 0.0653 (0.0788)  loss_giou_1_hybrid: 0.5204 (0.6732)  loss_class_2_hybrid: 0.5813 (0.5571)  loss_bbox_2_hybrid: 0.0618 (0.0771)  loss_giou_2_hybrid: 0.5149 (0.6637)  loss_class_3_hybrid: 0.5803 (0.5547)  loss_bbox_3_hybrid: 0.0620 (0.0761)  loss_giou_3_hybrid: 0.5162 (0.6606)  loss_class_4_hybrid: 0.5733 (0.5539)  loss_bbox_4_hybrid: 0.0618 (0.0757)  loss_giou_4_hybrid: 0.5140 (0.6602)  loss_class_enc_hybrid: 0.6168 (0.5455)  loss_bbox_enc_hybrid: 0.0927 (0.1091)  loss_giou_enc_hybrid: 0.6589 (0.8386)  mem: 789  max mem: 6090
[2026-08-04 16:19:50 accelerate.tracking]: [RANK 0] Successfully logged to TensorBoard
[2026-08-04 16:20:10 det.util.engine]: Epoch: [12]  [4950/6471]  eta: 0:10:22  lr: 0.000010  data_time: 0.0010  iter_time: 0.4478  loss: 24.4987 (24.5080)  loss_class: 0.5542 (0.5734)  loss_bbox: 0.0498 (0.0547)  loss_giou: 0.5711 (0.5612)  loss_class_0: 0.7238 (0.7123)  loss_bbox_0: 0.0529 (0.0577)  loss_giou_0: 0.5819 (0.5759)  loss_class_1: 0.6206 (0.6109)  loss_bbox_1: 0.0505 (0.0556)  loss_giou_1: 0.5661 (0.5650)  loss_class_2: 0.5776 (0.5882)  loss_bbox_2: 0.0503 (0.0549)  loss_giou_2: 0.5727 (0.5614)  loss_class_3: 0.5793 (0.5795)  loss_bbox_3: 0.0498 (0.0548)  loss_giou_3: 0.5632 (0.5606)  loss_class_4: 0.5605 (0.5753)  loss_bbox_4: 0.0497 (0.0547)  loss_giou_4: 0.5667 (0.5609)  loss_class_enc: 0.6873 (0.6711)  loss_bbox_enc: 0.0625 (0.0711)  loss_giou_enc: 0.6522 (0.6482)  loss_class_dn: 0.4076 (0.4053)  loss_bbox_dn: 0.0482 (0.0501)  loss_giou_dn: 0.5346 (0.5219)  loss_class_dn_0: 0.4663 (0.4758)  loss_bbox_dn_0: 0.0598 (0.0666)  loss_giou_dn_0: 0.6348 (0.6221)  loss_class_dn_1: 0.4219 (0.4293)  loss_bbox_dn_1: 0.0505 (0.0530)  loss_giou_dn_1: 0.5526 (0.5400)  loss_class_dn_2: 0.4129 (0.4125)  loss_bbox_dn_2: 0.0481 (0.0505)  loss_giou_dn_2: 0.5385 (0.5242)  loss_class_dn_3: 0.4097 (0.4070)  loss_bbox_dn_3: 0.0481 (0.0502)  loss_giou_dn_3: 0.5352 (0.5224)  loss_class_dn_4: 0.4078 (0.4054)  loss_bbox_dn_4: 0.0482 (0.0501)  loss_giou_dn_4: 0.5343 (0.5219)  loss_position: 0.2776 (0.3121)  loss_class_hybrid: 0.5374 (0.5545)  loss_bbox_hybrid: 0.0625 (0.0755)  loss_giou_hybrid: 0.6209 (0.6596)  loss_class_0_hybrid: 0.5881 (0.5761)  loss_bbox_0_hybrid: 0.0721 (0.0850)  loss_giou_0_hybrid: 0.6756 (0.7031)  loss_class_1_hybrid: 0.5591 (0.5635)  loss_bbox_1_hybrid: 0.0640 (0.0787)  loss_giou_1_hybrid: 0.6293 (0.6728)  loss_class_2_hybrid: 0.5506 (0.5573)  loss_bbox_2_hybrid: 0.0612 (0.0770)  loss_giou_2_hybrid: 0.6223 (0.6633)  loss_class_3_hybrid: 0.5417 (0.5549)  loss_bbox_3_hybrid: 0.0627 (0.0760)  loss_giou_3_hybrid: 0.6226 (0.6602)  loss_class_4_hybrid: 0.5382 (0.5541)  loss_bbox_4_hybrid: 0.0622 (0.0756)  loss_giou_4_hybrid: 0.6235 (0.6598)  loss_class_enc_hybrid: 0.5561 (0.5457)  loss_bbox_enc_hybrid: 0.0937 (0.1091)  loss_giou_enc_hybrid: 0.8010 (0.8383)  mem: 794  max mem: 6090
[2026-08-04 16:20:10 accelerate.tracking]: [RANK 0] Successfully logged to TensorBoard
[2026-08-04 16:20:30 det.util.engine]: Epoch: [12]  [5000/6471]  eta: 0:10:02  lr: 0.000010  data_time: 0.0010  iter_time: 0.4094  loss: 25.7296 (24.5179)  loss_class: 0.5692 (0.5736)  loss_bbox: 0.0492 (0.0547)  loss_giou: 0.6070 (0.5616)  loss_class_0: 0.6543 (0.7122)  loss_bbox_0: 0.0524 (0.0577)  loss_giou_0: 0.6105 (0.5764)  loss_class_1: 0.5963 (0.6110)  loss_bbox_1: 0.0499 (0.0556)  loss_giou_1: 0.6175 (0.5655)  loss_class_2: 0.5735 (0.5883)  loss_bbox_2: 0.0501 (0.0549)  loss_giou_2: 0.6074 (0.5619)  loss_class_3: 0.5696 (0.5797)  loss_bbox_3: 0.0486 (0.0548)  loss_giou_3: 0.6073 (0.5611)  loss_class_4: 0.5727 (0.5755)  loss_bbox_4: 0.0490 (0.0547)  loss_giou_4: 0.6024 (0.5614)  loss_class_enc: 0.6542 (0.6711)  loss_bbox_enc: 0.0606 (0.0711)  loss_giou_enc: 0.6809 (0.6486)  loss_class_dn: 0.4188 (0.4054)  loss_bbox_dn: 0.0363 (0.0500)  loss_giou_dn: 0.5466 (0.5222)  loss_class_dn_0: 0.4744 (0.4758)  loss_bbox_dn_0: 0.0481 (0.0665)  loss_giou_dn_0: 0.6727 (0.6223)  loss_class_dn_1: 0.4437 (0.4294)  loss_bbox_dn_1: 0.0375 (0.0530)  loss_giou_dn_1: 0.5717 (0.5403)  loss_class_dn_2: 0.4294 (0.4126)  loss_bbox_dn_2: 0.0363 (0.0504)  loss_giou_dn_2: 0.5555 (0.5244)  loss_class_dn_3: 0.4177 (0.4072)  loss_bbox_dn_3: 0.0364 (0.0502)  loss_giou_dn_3: 0.5460 (0.5226)  loss_class_dn_4: 0.4161 (0.4055)  loss_bbox_dn_4: 0.0363 (0.0500)  loss_giou_dn_4: 0.5463 (0.5221)  loss_position: 0.2819 (0.3120)  loss_class_hybrid: 0.5249 (0.5545)  loss_bbox_hybrid: 0.0770 (0.0756)  loss_giou_hybrid: 0.7075 (0.6604)  loss_class_0_hybrid: 0.5221 (0.5759)  loss_bbox_0_hybrid: 0.0906 (0.0850)  loss_giou_0_hybrid: 0.7201 (0.7038)  loss_class_1_hybrid: 0.5254 (0.5635)  loss_bbox_1_hybrid: 0.0823 (0.0787)  loss_giou_1_hybrid: 0.7156 (0.6735)  loss_class_2_hybrid: 0.5317 (0.5573)  loss_bbox_2_hybrid: 0.0792 (0.0770)  loss_giou_2_hybrid: 0.7069 (0.6640)  loss_class_3_hybrid: 0.5275 (0.5549)  loss_bbox_3_hybrid: 0.0763 (0.0760)  loss_giou_3_hybrid: 0.7081 (0.6609)  loss_class_4_hybrid: 0.5256 (0.5541)  loss_bbox_4_hybrid: 0.0767 (0.0756)  loss_giou_4_hybrid: 0.7074 (0.6605)  loss_class_enc_hybrid: 0.5027 (0.5455)  loss_bbox_enc_hybrid: 0.1095 (0.1090)  loss_giou_enc_hybrid: 0.8661 (0.8389)  mem: 795  max mem: 6090
[2026-08-04 16:20:30 accelerate.tracking]: [RANK 0] Successfully logged to TensorBoard
[2026-08-04 16:20:55 det.util.engine]: Epoch: [12]  [5050/6471]  eta: 0:09:43  lr: 0.000010  data_time: 0.0011  iter_time: 0.3963  loss: 26.9873 (24.5267)  loss_class: 0.5267 (0.5735)  loss_bbox: 0.0466 (0.0547)  loss_giou: 0.5898 (0.5620)  loss_class_0: 0.6940 (0.7121)  loss_bbox_0: 0.0540 (0.0577)  loss_giou_0: 0.6011 (0.5768)  loss_class_1: 0.5932 (0.6111)  loss_bbox_1: 0.0470 (0.0556)  loss_giou_1: 0.6091 (0.5659)  loss_class_2: 0.5649 (0.5883)  loss_bbox_2: 0.0469 (0.0549)  loss_giou_2: 0.5868 (0.5623)  loss_class_3: 0.5455 (0.5796)  loss_bbox_3: 0.0469 (0.0548)  loss_giou_3: 0.5840 (0.5615)  loss_class_4: 0.5432 (0.5755)  loss_bbox_4: 0.0467 (0.0546)  loss_giou_4: 0.5837 (0.5617)  loss_class_enc: 0.6193 (0.6711)  loss_bbox_enc: 0.0588 (0.0711)  loss_giou_enc: 0.6806 (0.6490)  loss_class_dn: 0.4130 (0.4054)  loss_bbox_dn: 0.0371 (0.0500)  loss_giou_dn: 0.5827 (0.5225)  loss_class_dn_0: 0.4705 (0.4758)  loss_bbox_dn_0: 0.0518 (0.0665)  loss_giou_dn_0: 0.6691 (0.6226)  loss_class_dn_1: 0.4343 (0.4294)  loss_bbox_dn_1: 0.0387 (0.0530)  loss_giou_dn_1: 0.6152 (0.5406)  loss_class_dn_2: 0.4257 (0.4126)  loss_bbox_dn_2: 0.0377 (0.0504)  loss_giou_dn_2: 0.5848 (0.5247)  loss_class_dn_3: 0.4115 (0.4072)  loss_bbox_dn_3: 0.0381 (0.0502)  loss_giou_dn_3: 0.5808 (0.5229)  loss_class_dn_4: 0.4093 (0.4056)  loss_bbox_dn_4: 0.0372 (0.0500)  loss_giou_dn_4: 0.5820 (0.5224)  loss_position: 0.2785 (0.3119)  loss_class_hybrid: 0.5300 (0.5544)  loss_bbox_hybrid: 0.0717 (0.0757)  loss_giou_hybrid: 0.6341 (0.6610)  loss_class_0_hybrid: 0.5426 (0.5757)  loss_bbox_0_hybrid: 0.0761 (0.0851)  loss_giou_0_hybrid: 0.7117 (0.7045)  loss_class_1_hybrid: 0.5495 (0.5634)  loss_bbox_1_hybrid: 0.0714 (0.0789)  loss_giou_1_hybrid: 0.6590 (0.6741)  loss_class_2_hybrid: 0.5340 (0.5572)  loss_bbox_2_hybrid: 0.0722 (0.0771)  loss_giou_2_hybrid: 0.6432 (0.6647)  loss_class_3_hybrid: 0.5300 (0.5547)  loss_bbox_3_hybrid: 0.0713 (0.0762)  loss_giou_3_hybrid: 0.6361 (0.6616)  loss_class_4_hybrid: 0.5341 (0.5540)  loss_bbox_4_hybrid: 0.0712 (0.0757)  loss_giou_4_hybrid: 0.6339 (0.6612)  loss_class_enc_hybrid: 0.5049 (0.5454)  loss_bbox_enc_hybrid: 0.0971 (0.1092)  loss_giou_enc_hybrid: 0.8763 (0.8397)  mem: 790  max mem: 6090
[2026-08-04 16:20:55 accelerate.tracking]: [RANK 0] Successfully logged to TensorBoard
[2026-08-04 16:21:15 det.util.engine]: Epoch: [12]  [5100/6471]  eta: 0:09:22  lr: 0.000010  data_time: 0.0011  iter_time: 0.4119  loss: 24.7626 (24.5260)  loss_class: 0.5233 (0.5734)  loss_bbox: 0.0492 (0.0547)  loss_giou: 0.5280 (0.5621)  loss_class_0: 0.6760 (0.7119)  loss_bbox_0: 0.0475 (0.0578)  loss_giou_0: 0.5489 (0.5768)  loss_class_1: 0.5935 (0.6109)  loss_bbox_1: 0.0492 (0.0556)  loss_giou_1: 0.5306 (0.5659)  loss_class_2: 0.5755 (0.5881)  loss_bbox_2: 0.0481 (0.0549)  loss_giou_2: 0.5362 (0.5624)  loss_class_3: 0.5291 (0.5795)  loss_bbox_3: 0.0488 (0.0548)  loss_giou_3: 0.5387 (0.5615)  loss_class_4: 0.5216 (0.5753)  loss_bbox_4: 0.0492 (0.0547)  loss_giou_4: 0.5407 (0.5618)  loss_class_enc: 0.6290 (0.6709)  loss_bbox_enc: 0.0654 (0.0711)  loss_giou_enc: 0.6333 (0.6491)  loss_class_dn: 0.4150 (0.4055)  loss_bbox_dn: 0.0413 (0.0501)  loss_giou_dn: 0.5237 (0.5225)  loss_class_dn_0: 0.4755 (0.4759)  loss_bbox_dn_0: 0.0537 (0.0666)  loss_giou_dn_0: 0.6254 (0.6226)  loss_class_dn_1: 0.4355 (0.4295)  loss_bbox_dn_1: 0.0434 (0.0530)  loss_giou_dn_1: 0.5355 (0.5406)  loss_class_dn_2: 0.4184 (0.4127)  loss_bbox_dn_2: 0.0417 (0.0505)  loss_giou_dn_2: 0.5252 (0.5247)  loss_class_dn_3: 0.4144 (0.4073)  loss_bbox_dn_3: 0.0416 (0.0502)  loss_giou_dn_3: 0.5242 (0.5229)  loss_class_dn_4: 0.4145 (0.4057)  loss_bbox_dn_4: 0.0413 (0.0501)  loss_giou_dn_4: 0.5235 (0.5224)  loss_position: 0.2662 (0.3118)  loss_class_hybrid: 0.5260 (0.5543)  loss_bbox_hybrid: 0.0700 (0.0756)  loss_giou_hybrid: 0.5938 (0.6609)  loss_class_0_hybrid: 0.5258 (0.5757)  loss_bbox_0_hybrid: 0.0792 (0.0851)  loss_giou_0_hybrid: 0.6159 (0.7044)  loss_class_1_hybrid: 0.5237 (0.5634)  loss_bbox_1_hybrid: 0.0733 (0.0788)  loss_giou_1_hybrid: 0.5991 (0.6741)  loss_class_2_hybrid: 0.5294 (0.5572)  loss_bbox_2_hybrid: 0.0720 (0.0771)  loss_giou_2_hybrid: 0.5899 (0.6646)  loss_class_3_hybrid: 0.5272 (0.5547)  loss_bbox_3_hybrid: 0.0703 (0.0761)  loss_giou_3_hybrid: 0.5933 (0.6615)  loss_class_4_hybrid: 0.5252 (0.5540)  loss_bbox_4_hybrid: 0.0701 (0.0757)  loss_giou_4_hybrid: 0.5936 (0.6611)  loss_class_enc_hybrid: 0.5134 (0.5454)  loss_bbox_enc_hybrid: 0.1054 (0.1092)  loss_giou_enc_hybrid: 0.7479 (0.8396)  mem: 789  max mem: 6090
[2026-08-04 16:21:15 accelerate.tracking]: [RANK 0] Successfully logged to TensorBoard
[2026-08-04 16:21:34 det.util.engine]: Epoch: [12]  [5150/6471]  eta: 0:09:01  lr: 0.000010  data_time: 0.0010  iter_time: 0.4281  loss: 26.5671 (24.5236)  loss_class: 0.5694 (0.5734)  loss_bbox: 0.0483 (0.0547)  loss_giou: 0.5956 (0.5620)  loss_class_0: 0.6518 (0.7118)  loss_bbox_0: 0.0593 (0.0578)  loss_giou_0: 0.6299 (0.5768)  loss_class_1: 0.5959 (0.6109)  loss_bbox_1: 0.0565 (0.0556)  loss_giou_1: 0.5941 (0.5659)  loss_class_2: 0.5852 (0.5881)  loss_bbox_2: 0.0504 (0.0549)  loss_giou_2: 0.5951 (0.5623)  loss_class_3: 0.5717 (0.5794)  loss_bbox_3: 0.0487 (0.0548)  loss_giou_3: 0.5903 (0.5615)  loss_class_4: 0.5779 (0.5754)  loss_bbox_4: 0.0483 (0.0547)  loss_giou_4: 0.5900 (0.5617)  loss_class_enc: 0.6194 (0.6707)  loss_bbox_enc: 0.0670 (0.0712)  loss_giou_enc: 0.6878 (0.6490)  loss_class_dn: 0.4042 (0.4055)  loss_bbox_dn: 0.0408 (0.0501)  loss_giou_dn: 0.5206 (0.5224)  loss_class_dn_0: 0.4704 (0.4759)  loss_bbox_dn_0: 0.0559 (0.0666)  loss_giou_dn_0: 0.6592 (0.6225)  loss_class_dn_1: 0.4362 (0.4294)  loss_bbox_dn_1: 0.0459 (0.0530)  loss_giou_dn_1: 0.5630 (0.5405)  loss_class_dn_2: 0.4138 (0.4127)  loss_bbox_dn_2: 0.0409 (0.0505)  loss_giou_dn_2: 0.5259 (0.5246)  loss_class_dn_3: 0.4028 (0.4072)  loss_bbox_dn_3: 0.0405 (0.0502)  loss_giou_dn_3: 0.5233 (0.5228)  loss_class_dn_4: 0.4037 (0.4056)  loss_bbox_dn_4: 0.0407 (0.0501)  loss_giou_dn_4: 0.5205 (0.5223)  loss_position: 0.2829 (0.3118)  loss_class_hybrid: 0.5349 (0.5543)  loss_bbox_hybrid: 0.0728 (0.0756)  loss_giou_hybrid: 0.7320 (0.6608)  loss_class_0_hybrid: 0.5294 (0.5756)  loss_bbox_0_hybrid: 0.0809 (0.0851)  loss_giou_0_hybrid: 0.7979 (0.7043)  loss_class_1_hybrid: 0.5198 (0.5633)  loss_bbox_1_hybrid: 0.0771 (0.0788)  loss_giou_1_hybrid: 0.7485 (0.6739)  loss_class_2_hybrid: 0.5301 (0.5572)  loss_bbox_2_hybrid: 0.0748 (0.0771)  loss_giou_2_hybrid: 0.7405 (0.6645)  loss_class_3_hybrid: 0.5263 (0.5547)  loss_bbox_3_hybrid: 0.0735 (0.0761)  loss_giou_3_hybrid: 0.7308 (0.6614)  loss_class_4_hybrid: 0.5294 (0.5540)  loss_bbox_4_hybrid: 0.0730 (0.0757)  loss_giou_4_hybrid: 0.7367 (0.6609)  loss_class_enc_hybrid: 0.5014 (0.5454)  loss_bbox_enc_hybrid: 0.1097 (0.1092)  loss_giou_enc_hybrid: 0.9093 (0.8395)  mem: 795  max mem: 6090
[2026-08-04 16:21:34 accelerate.tracking]: [RANK 0] Successfully logged to TensorBoard
[2026-08-04 16:21:54 det.util.engine]: Epoch: [12]  [5200/6471]  eta: 0:08:40  lr: 0.000010  data_time: 0.0011  iter_time: 0.3549  loss: 23.1057 (24.5216)  loss_class: 0.5993 (0.5737)  loss_bbox: 0.0402 (0.0548)  loss_giou: 0.4495 (0.5616)  loss_class_0: 0.7440 (0.7123)  loss_bbox_0: 0.0430 (0.0578)  loss_giou_0: 0.4700 (0.5764)  loss_class_1: 0.6319 (0.6112)  loss_bbox_1: 0.0392 (0.0556)  loss_giou_1: 0.4579 (0.5655)  loss_class_2: 0.6291 (0.5884)  loss_bbox_2: 0.0404 (0.0549)  loss_giou_2: 0.4493 (0.5619)  loss_class_3: 0.5957 (0.5796)  loss_bbox_3: 0.0400 (0.0548)  loss_giou_3: 0.4563 (0.5611)  loss_class_4: 0.5997 (0.5756)  loss_bbox_4: 0.0400 (0.0547)  loss_giou_4: 0.4496 (0.5613)  loss_class_enc: 0.7007 (0.6710)  loss_bbox_enc: 0.0504 (0.0712)  loss_giou_enc: 0.5599 (0.6487)  loss_class_dn: 0.4068 (0.4055)  loss_bbox_dn: 0.0394 (0.0501)  loss_giou_dn: 0.4902 (0.5222)  loss_class_dn_0: 0.4939 (0.4760)  loss_bbox_dn_0: 0.0502 (0.0666)  loss_giou_dn_0: 0.5765 (0.6224)  loss_class_dn_1: 0.4345 (0.4295)  loss_bbox_dn_1: 0.0396 (0.0531)  loss_giou_dn_1: 0.5092 (0.5404)  loss_class_dn_2: 0.4158 (0.4127)  loss_bbox_dn_2: 0.0394 (0.0505)  loss_giou_dn_2: 0.4906 (0.5245)  loss_class_dn_3: 0.4050 (0.4073)  loss_bbox_dn_3: 0.0395 (0.0502)  loss_giou_dn_3: 0.4940 (0.5227)  loss_class_dn_4: 0.4056 (0.4057)  loss_bbox_dn_4: 0.0395 (0.0501)  loss_giou_dn_4: 0.4906 (0.5222)  loss_position: 0.3030 (0.3119)  loss_class_hybrid: 0.5927 (0.5546)  loss_bbox_hybrid: 0.0576 (0.0756)  loss_giou_hybrid: 0.5376 (0.6603)  loss_class_0_hybrid: 0.6234 (0.5760)  loss_bbox_0_hybrid: 0.0613 (0.0850)  loss_giou_0_hybrid: 0.5788 (0.7037)  loss_class_1_hybrid: 0.5964 (0.5637)  loss_bbox_1_hybrid: 0.0564 (0.0788)  loss_giou_1_hybrid: 0.5310 (0.6734)  loss_class_2_hybrid: 0.5816 (0.5575)  loss_bbox_2_hybrid: 0.0574 (0.0770)  loss_giou_2_hybrid: 0.5381 (0.6639)  loss_class_3_hybrid: 0.5800 (0.5550)  loss_bbox_3_hybrid: 0.0575 (0.0761)  loss_giou_3_hybrid: 0.5370 (0.6609)  loss_class_4_hybrid: 0.5942 (0.5543)  loss_bbox_4_hybrid: 0.0577 (0.0756)  loss_giou_4_hybrid: 0.5376 (0.6604)  loss_class_enc_hybrid: 0.5865 (0.5457)  loss_bbox_enc_hybrid: 0.0800 (0.1091)  loss_giou_enc_hybrid: 0.7284 (0.8391)  mem: 788  max mem: 6090
[2026-08-04 16:21:54 accelerate.tracking]: [RANK 0] Successfully logged to TensorBoard
[2026-08-04 16:22:13 det.util.engine]: Epoch: [12]  [5250/6471]  eta: 0:08:19  lr: 0.000010  data_time: 0.0010  iter_time: 0.3731  loss: 21.4096 (24.5098)  loss_class: 0.5029 (0.5734)  loss_bbox: 0.0349 (0.0547)  loss_giou: 0.4436 (0.5613)  loss_class_0: 0.6874 (0.7121)  loss_bbox_0: 0.0394 (0.0577)  loss_giou_0: 0.4506 (0.5761)  loss_class_1: 0.5289 (0.6109)  loss_bbox_1: 0.0359 (0.0555)  loss_giou_1: 0.4574 (0.5652)  loss_class_2: 0.5156 (0.5880)  loss_bbox_2: 0.0352 (0.0549)  loss_giou_2: 0.4489 (0.5617)  loss_class_3: 0.5046 (0.5794)  loss_bbox_3: 0.0353 (0.0548)  loss_giou_3: 0.4513 (0.5608)  loss_class_4: 0.5075 (0.5754)  loss_bbox_4: 0.0349 (0.0546)  loss_giou_4: 0.4437 (0.5610)  loss_class_enc: 0.6308 (0.6709)  loss_bbox_enc: 0.0519 (0.0711)  loss_giou_enc: 0.5183 (0.6484)  loss_class_dn: 0.4119 (0.4054)  loss_bbox_dn: 0.0295 (0.0500)  loss_giou_dn: 0.4626 (0.5219)  loss_class_dn_0: 0.4665 (0.4759)  loss_bbox_dn_0: 0.0449 (0.0665)  loss_giou_dn_0: 0.5795 (0.6221)  loss_class_dn_1: 0.4346 (0.4294)  loss_bbox_dn_1: 0.0329 (0.0530)  loss_giou_dn_1: 0.4885 (0.5401)  loss_class_dn_2: 0.4153 (0.4126)  loss_bbox_dn_2: 0.0309 (0.0504)  loss_giou_dn_2: 0.4645 (0.5242)  loss_class_dn_3: 0.4106 (0.4072)  loss_bbox_dn_3: 0.0301 (0.0502)  loss_giou_dn_3: 0.4639 (0.5224)  loss_class_dn_4: 0.4105 (0.4056)  loss_bbox_dn_4: 0.0296 (0.0500)  loss_giou_dn_4: 0.4625 (0.5219)  loss_position: 0.2824 (0.3118)  loss_class_hybrid: 0.5402 (0.5544)  loss_bbox_hybrid: 0.0473 (0.0755)  loss_giou_hybrid: 0.4819 (0.6600)  loss_class_0_hybrid: 0.5712 (0.5758)  loss_bbox_0_hybrid: 0.0579 (0.0849)  loss_giou_0_hybrid: 0.5300 (0.7034)  loss_class_1_hybrid: 0.5408 (0.5635)  loss_bbox_1_hybrid: 0.0488 (0.0786)  loss_giou_1_hybrid: 0.4937 (0.6730)  loss_class_2_hybrid: 0.5449 (0.5573)  loss_bbox_2_hybrid: 0.0497 (0.0769)  loss_giou_2_hybrid: 0.4778 (0.6636)  loss_class_3_hybrid: 0.5360 (0.5548)  loss_bbox_3_hybrid: 0.0479 (0.0760)  loss_giou_3_hybrid: 0.4904 (0.6605)  loss_class_4_hybrid: 0.5355 (0.5541)  loss_bbox_4_hybrid: 0.0473 (0.0755)  loss_giou_4_hybrid: 0.4812 (0.6601)  loss_class_enc_hybrid: 0.5359 (0.5456)  loss_bbox_enc_hybrid: 0.0819 (0.1090)  loss_giou_enc_hybrid: 0.7042 (0.8386)  mem: 787  max mem: 6090
[2026-08-04 16:22:13 accelerate.tracking]: [RANK 0] Successfully logged to TensorBoard
[2026-08-04 16:22:34 det.util.engine]: Epoch: [12]  [5300/6471]  eta: 0:07:59  lr: 0.000010  data_time: 0.0010  iter_time: 0.4418  loss: 27.1343 (24.5335)  loss_class: 0.6031 (0.5738)  loss_bbox: 0.0416 (0.0547)  loss_giou: 0.6481 (0.5622)  loss_class_0: 0.7128 (0.7122)  loss_bbox_0: 0.0424 (0.0577)  loss_giou_0: 0.6270 (0.5770)  loss_class_1: 0.6132 (0.6111)  loss_bbox_1: 0.0417 (0.0555)  loss_giou_1: 0.6355 (0.5662)  loss_class_2: 0.5947 (0.5884)  loss_bbox_2: 0.0413 (0.0549)  loss_giou_2: 0.6470 (0.5626)  loss_class_3: 0.6046 (0.5797)  loss_bbox_3: 0.0413 (0.0548)  loss_giou_3: 0.6491 (0.5617)  loss_class_4: 0.5955 (0.5758)  loss_bbox_4: 0.0416 (0.0546)  loss_giou_4: 0.6484 (0.5619)  loss_class_enc: 0.6996 (0.6710)  loss_bbox_enc: 0.0487 (0.0710)  loss_giou_enc: 0.6857 (0.6493)  loss_class_dn: 0.4196 (0.4056)  loss_bbox_dn: 0.0367 (0.0500)  loss_giou_dn: 0.5537 (0.5225)  loss_class_dn_0: 0.4776 (0.4760)  loss_bbox_dn_0: 0.0477 (0.0664)  loss_giou_dn_0: 0.6419 (0.6226)  loss_class_dn_1: 0.4491 (0.4296)  loss_bbox_dn_1: 0.0396 (0.0529)  loss_giou_dn_1: 0.5642 (0.5406)  loss_class_dn_2: 0.4283 (0.4128)  loss_bbox_dn_2: 0.0373 (0.0504)  loss_giou_dn_2: 0.5521 (0.5247)  loss_class_dn_3: 0.4240 (0.4074)  loss_bbox_dn_3: 0.0370 (0.0501)  loss_giou_dn_3: 0.5536 (0.5229)  loss_class_dn_4: 0.4198 (0.4058)  loss_bbox_dn_4: 0.0367 (0.0500)  loss_giou_dn_4: 0.5529 (0.5224)  loss_position: 0.2706 (0.3121)  loss_class_hybrid: 0.5766 (0.5546)  loss_bbox_hybrid: 0.0583 (0.0756)  loss_giou_hybrid: 0.7006 (0.6614)  loss_class_0_hybrid: 0.5575 (0.5757)  loss_bbox_0_hybrid: 0.0719 (0.0850)  loss_giou_0_hybrid: 0.7577 (0.7048)  loss_class_1_hybrid: 0.5744 (0.5635)  loss_bbox_1_hybrid: 0.0609 (0.0788)  loss_giou_1_hybrid: 0.7318 (0.6744)  loss_class_2_hybrid: 0.5683 (0.5575)  loss_bbox_2_hybrid: 0.0587 (0.0770)  loss_giou_2_hybrid: 0.7094 (0.6650)  loss_class_3_hybrid: 0.5842 (0.5549)  loss_bbox_3_hybrid: 0.0581 (0.0761)  loss_giou_3_hybrid: 0.7017 (0.6620)  loss_class_4_hybrid: 0.5776 (0.5542)  loss_bbox_4_hybrid: 0.0582 (0.0756)  loss_giou_4_hybrid: 0.7012 (0.6615)  loss_class_enc_hybrid: 0.5601 (0.5454)  loss_bbox_enc_hybrid: 0.0895 (0.1091)  loss_giou_enc_hybrid: 0.9144 (0.8401)  mem: 789  max mem: 6090
[2026-08-04 16:22:34 accelerate.tracking]: [RANK 0] Successfully logged to TensorBoard
[2026-08-04 16:22:51 det.util.engine]: Epoch: [12]  [5350/6471]  eta: 0:07:38  lr: 0.000010  data_time: 0.0010  iter_time: 0.3557  loss: 22.3644 (24.5280)  loss_class: 0.5351 (0.5739)  loss_bbox: 0.0434 (0.0547)  loss_giou: 0.4316 (0.5619)  loss_class_0: 0.7321 (0.7125)  loss_bbox_0: 0.0449 (0.0577)  loss_giou_0: 0.4411 (0.5767)  loss_class_1: 0.5922 (0.6112)  loss_bbox_1: 0.0441 (0.0555)  loss_giou_1: 0.4410 (0.5659)  loss_class_2: 0.5689 (0.5884)  loss_bbox_2: 0.0438 (0.0549)  loss_giou_2: 0.4218 (0.5623)  loss_class_3: 0.5374 (0.5798)  loss_bbox_3: 0.0432 (0.0548)  loss_giou_3: 0.4228 (0.5614)  loss_class_4: 0.5386 (0.5759)  loss_bbox_4: 0.0434 (0.0546)  loss_giou_4: 0.4313 (0.5616)  loss_class_enc: 0.6751 (0.6711)  loss_bbox_enc: 0.0614 (0.0711)  loss_giou_enc: 0.5175 (0.6490)  loss_class_dn: 0.3951 (0.4056)  loss_bbox_dn: 0.0409 (0.0500)  loss_giou_dn: 0.4167 (0.5222)  loss_class_dn_0: 0.4600 (0.4761)  loss_bbox_dn_0: 0.0610 (0.0665)  loss_giou_dn_0: 0.5343 (0.6224)  loss_class_dn_1: 0.4140 (0.4295)  loss_bbox_dn_1: 0.0455 (0.0530)  loss_giou_dn_1: 0.4463 (0.5403)  loss_class_dn_2: 0.3923 (0.4128)  loss_bbox_dn_2: 0.0412 (0.0504)  loss_giou_dn_2: 0.4240 (0.5245)  loss_class_dn_3: 0.3953 (0.4073)  loss_bbox_dn_3: 0.0406 (0.0501)  loss_giou_dn_3: 0.4187 (0.5227)  loss_class_dn_4: 0.3952 (0.4057)  loss_bbox_dn_4: 0.0409 (0.0500)  loss_giou_dn_4: 0.4168 (0.5221)  loss_position: 0.3071 (0.3122)  loss_class_hybrid: 0.5578 (0.5547)  loss_bbox_hybrid: 0.0521 (0.0756)  loss_giou_hybrid: 0.4478 (0.6608)  loss_class_0_hybrid: 0.6173 (0.5760)  loss_bbox_0_hybrid: 0.0624 (0.0850)  loss_giou_0_hybrid: 0.4980 (0.7043)  loss_class_1_hybrid: 0.5721 (0.5638)  loss_bbox_1_hybrid: 0.0582 (0.0787)  loss_giou_1_hybrid: 0.4715 (0.6739)  loss_class_2_hybrid: 0.5548 (0.5576)  loss_bbox_2_hybrid: 0.0541 (0.0770)  loss_giou_2_hybrid: 0.4425 (0.6645)  loss_class_3_hybrid: 0.5558 (0.5551)  loss_bbox_3_hybrid: 0.0544 (0.0760)  loss_giou_3_hybrid: 0.4430 (0.6614)  loss_class_4_hybrid: 0.5506 (0.5544)  loss_bbox_4_hybrid: 0.0520 (0.0756)  loss_giou_4_hybrid: 0.4456 (0.6610)  loss_class_enc_hybrid: 0.5987 (0.5456)  loss_bbox_enc_hybrid: 0.0939 (0.1091)  loss_giou_enc_hybrid: 0.6695 (0.8396)  mem: 785  max mem: 6090
[2026-08-04 16:22:51 accelerate.tracking]: [RANK 0] Successfully logged to TensorBoard
[2026-08-04 16:23:17 det.util.engine]: Epoch: [12]  [5400/6471]  eta: 0:07:19  lr: 0.000010  data_time: 0.0010  iter_time: 0.4077  loss: 25.3360 (24.5380)  loss_class: 0.5630 (0.5738)  loss_bbox: 0.0454 (0.0547)  loss_giou: 0.5708 (0.5624)  loss_class_0: 0.6982 (0.7122)  loss_bbox_0: 0.0477 (0.0577)  loss_giou_0: 0.5839 (0.5772)  loss_class_1: 0.5907 (0.6110)  loss_bbox_1: 0.0458 (0.0555)  loss_giou_1: 0.5804 (0.5664)  loss_class_2: 0.5713 (0.5883)  loss_bbox_2: 0.0455 (0.0549)  loss_giou_2: 0.5711 (0.5628)  loss_class_3: 0.5663 (0.5797)  loss_bbox_3: 0.0460 (0.0548)  loss_giou_3: 0.5697 (0.5620)  loss_class_4: 0.5680 (0.5758)  loss_bbox_4: 0.0457 (0.0546)  loss_giou_4: 0.5720 (0.5622)  loss_class_enc: 0.6655 (0.6708)  loss_bbox_enc: 0.0595 (0.0711)  loss_giou_enc: 0.6521 (0.6495)  loss_class_dn: 0.4179 (0.4057)  loss_bbox_dn: 0.0386 (0.0500)  loss_giou_dn: 0.5378 (0.5225)  loss_class_dn_0: 0.4766 (0.4761)  loss_bbox_dn_0: 0.0499 (0.0665)  loss_giou_dn_0: 0.6374 (0.6227)  loss_class_dn_1: 0.4441 (0.4296)  loss_bbox_dn_1: 0.0418 (0.0529)  loss_giou_dn_1: 0.5610 (0.5407)  loss_class_dn_2: 0.4280 (0.4129)  loss_bbox_dn_2: 0.0391 (0.0504)  loss_giou_dn_2: 0.5397 (0.5248)  loss_class_dn_3: 0.4188 (0.4074)  loss_bbox_dn_3: 0.0385 (0.0501)  loss_giou_dn_3: 0.5374 (0.5230)  loss_class_dn_4: 0.4159 (0.4058)  loss_bbox_dn_4: 0.0386 (0.0500)  loss_giou_dn_4: 0.5375 (0.5225)  loss_position: 0.2742 (0.3121)  loss_class_hybrid: 0.5494 (0.5544)  loss_bbox_hybrid: 0.0553 (0.0757)  loss_giou_hybrid: 0.6480 (0.6617)  loss_class_0_hybrid: 0.5528 (0.5756)  loss_bbox_0_hybrid: 0.0603 (0.0852)  loss_giou_0_hybrid: 0.6788 (0.7052)  loss_class_1_hybrid: 0.5487 (0.5634)  loss_bbox_1_hybrid: 0.0577 (0.0789)  loss_giou_1_hybrid: 0.6671 (0.6748)  loss_class_2_hybrid: 0.5474 (0.5573)  loss_bbox_2_hybrid: 0.0556 (0.0771)  loss_giou_2_hybrid: 0.6517 (0.6653)  loss_class_3_hybrid: 0.5523 (0.5548)  loss_bbox_3_hybrid: 0.0554 (0.0762)  loss_giou_3_hybrid: 0.6470 (0.6622)  loss_class_4_hybrid: 0.5509 (0.5541)  loss_bbox_4_hybrid: 0.0560 (0.0757)  loss_giou_4_hybrid: 0.6483 (0.6618)  loss_class_enc_hybrid: 0.5623 (0.5452)  loss_bbox_enc_hybrid: 0.0821 (0.1093)  loss_giou_enc_hybrid: 0.8366 (0.8406)  mem: 786  max mem: 6090
[2026-08-04 16:23:17 accelerate.tracking]: [RANK 0] Successfully logged to TensorBoard
[2026-08-04 16:23:36 det.util.engine]: Epoch: [12]  [5450/6471]  eta: 0:06:58  lr: 0.000010  data_time: 0.0010  iter_time: 0.3559  loss: 22.6139 (24.5443)  loss_class: 0.5620 (0.5739)  loss_bbox: 0.0428 (0.0547)  loss_giou: 0.5251 (0.5628)  loss_class_0: 0.6812 (0.7121)  loss_bbox_0: 0.0443 (0.0577)  loss_giou_0: 0.4819 (0.5776)  loss_class_1: 0.6224 (0.6111)  loss_bbox_1: 0.0429 (0.0555)  loss_giou_1: 0.4983 (0.5668)  loss_class_2: 0.5913 (0.5884)  loss_bbox_2: 0.0422 (0.0548)  loss_giou_2: 0.5223 (0.5632)  loss_class_3: 0.5788 (0.5798)  loss_bbox_3: 0.0423 (0.0547)  loss_giou_3: 0.5150 (0.5623)  loss_class_4: 0.5606 (0.5759)  loss_bbox_4: 0.0421 (0.0546)  loss_giou_4: 0.5155 (0.5626)  loss_class_enc: 0.6593 (0.6709)  loss_bbox_enc: 0.0616 (0.0711)  loss_giou_enc: 0.5801 (0.6499)  loss_class_dn: 0.4112 (0.4057)  loss_bbox_dn: 0.0360 (0.0499)  loss_giou_dn: 0.4739 (0.5228)  loss_class_dn_0: 0.4670 (0.4761)  loss_bbox_dn_0: 0.0511 (0.0664)  loss_giou_dn_0: 0.5726 (0.6229)  loss_class_dn_1: 0.4288 (0.4296)  loss_bbox_dn_1: 0.0399 (0.0529)  loss_giou_dn_1: 0.5013 (0.5409)  loss_class_dn_2: 0.4118 (0.4128)  loss_bbox_dn_2: 0.0362 (0.0503)  loss_giou_dn_2: 0.4783 (0.5251)  loss_class_dn_3: 0.4102 (0.4074)  loss_bbox_dn_3: 0.0361 (0.0501)  loss_giou_dn_3: 0.4790 (0.5232)  loss_class_dn_4: 0.4096 (0.4058)  loss_bbox_dn_4: 0.0360 (0.0499)  loss_giou_dn_4: 0.4737 (0.5227)  loss_position: 0.2663 (0.3121)  loss_class_hybrid: 0.5537 (0.5544)  loss_bbox_hybrid: 0.0540 (0.0756)  loss_giou_hybrid: 0.4957 (0.6621)  loss_class_0_hybrid: 0.5668 (0.5755)  loss_bbox_0_hybrid: 0.0622 (0.0851)  loss_giou_0_hybrid: 0.5487 (0.7056)  loss_class_1_hybrid: 0.5550 (0.5634)  loss_bbox_1_hybrid: 0.0573 (0.0788)  loss_giou_1_hybrid: 0.5084 (0.6752)  loss_class_2_hybrid: 0.5538 (0.5573)  loss_bbox_2_hybrid: 0.0562 (0.0771)  loss_giou_2_hybrid: 0.4973 (0.6657)  loss_class_3_hybrid: 0.5529 (0.5548)  loss_bbox_3_hybrid: 0.0552 (0.0761)  loss_giou_3_hybrid: 0.4994 (0.6627)  loss_class_4_hybrid: 0.5559 (0.5541)  loss_bbox_4_hybrid: 0.0540 (0.0757)  loss_giou_4_hybrid: 0.4964 (0.6622)  loss_class_enc_hybrid: 0.5616 (0.5451)  loss_bbox_enc_hybrid: 0.0866 (0.1093)  loss_giou_enc_hybrid: 0.6804 (0.8411)  mem: 787  max mem: 6090
[2026-08-04 16:23:36 accelerate.tracking]: [RANK 0] Successfully logged to TensorBoard
[2026-08-04 16:23:58 det.util.engine]: Epoch: [12]  [5500/6471]  eta: 0:06:38  lr: 0.000010  data_time: 0.0010  iter_time: 0.3561  loss: 24.8333 (24.5459)  loss_class: 0.5577 (0.5737)  loss_bbox: 0.0447 (0.0547)  loss_giou: 0.5290 (0.5628)  loss_class_0: 0.6869 (0.7120)  loss_bbox_0: 0.0437 (0.0578)  loss_giou_0: 0.5197 (0.5776)  loss_class_1: 0.5921 (0.6109)  loss_bbox_1: 0.0428 (0.0556)  loss_giou_1: 0.5429 (0.5668)  loss_class_2: 0.5752 (0.5882)  loss_bbox_2: 0.0449 (0.0549)  loss_giou_2: 0.5229 (0.5632)  loss_class_3: 0.5588 (0.5796)  loss_bbox_3: 0.0436 (0.0548)  loss_giou_3: 0.5264 (0.5624)  loss_class_4: 0.5613 (0.5757)  loss_bbox_4: 0.0447 (0.0547)  loss_giou_4: 0.5287 (0.5626)  loss_class_enc: 0.6689 (0.6707)  loss_bbox_enc: 0.0534 (0.0712)  loss_giou_enc: 0.6183 (0.6500)  loss_class_dn: 0.4181 (0.4057)  loss_bbox_dn: 0.0391 (0.0500)  loss_giou_dn: 0.5624 (0.5228)  loss_class_dn_0: 0.4781 (0.4761)  loss_bbox_dn_0: 0.0490 (0.0665)  loss_giou_dn_0: 0.6385 (0.6230)  loss_class_dn_1: 0.4449 (0.4297)  loss_bbox_dn_1: 0.0404 (0.0529)  loss_giou_dn_1: 0.5802 (0.5410)  loss_class_dn_2: 0.4276 (0.4129)  loss_bbox_dn_2: 0.0391 (0.0504)  loss_giou_dn_2: 0.5620 (0.5251)  loss_class_dn_3: 0.4201 (0.4075)  loss_bbox_dn_3: 0.0390 (0.0501)  loss_giou_dn_3: 0.5641 (0.5233)  loss_class_dn_4: 0.4175 (0.4059)  loss_bbox_dn_4: 0.0391 (0.0500)  loss_giou_dn_4: 0.5620 (0.5227)  loss_position: 0.2639 (0.3119)  loss_class_hybrid: 0.5340 (0.5542)  loss_bbox_hybrid: 0.0524 (0.0758)  loss_giou_hybrid: 0.6279 (0.6623)  loss_class_0_hybrid: 0.5649 (0.5753)  loss_bbox_0_hybrid: 0.0597 (0.0853)  loss_giou_0_hybrid: 0.6729 (0.7059)  loss_class_1_hybrid: 0.5520 (0.5632)  loss_bbox_1_hybrid: 0.0575 (0.0790)  loss_giou_1_hybrid: 0.6416 (0.6755)  loss_class_2_hybrid: 0.5481 (0.5571)  loss_bbox_2_hybrid: 0.0534 (0.0773)  loss_giou_2_hybrid: 0.6298 (0.6660)  loss_class_3_hybrid: 0.5304 (0.5547)  loss_bbox_3_hybrid: 0.0534 (0.0763)  loss_giou_3_hybrid: 0.6272 (0.6629)  loss_class_4_hybrid: 0.5363 (0.5539)  loss_bbox_4_hybrid: 0.0529 (0.0758)  loss_giou_4_hybrid: 0.6297 (0.6624)  loss_class_enc_hybrid: 0.5492 (0.5449)  loss_bbox_enc_hybrid: 0.0848 (0.1095)  loss_giou_enc_hybrid: 0.7865 (0.8414)  mem: 789  max mem: 6090
[2026-08-04 16:23:59 accelerate.tracking]: [RANK 0] Successfully logged to TensorBoard
[2026-08-04 16:24:18 det.util.engine]: Epoch: [12]  [5550/6471]  eta: 0:06:17  lr: 0.000010  data_time: 0.0010  iter_time: 0.3772  loss: 22.9961 (24.5472)  loss_class: 0.5680 (0.5739)  loss_bbox: 0.0444 (0.0547)  loss_giou: 0.4983 (0.5627)  loss_class_0: 0.6906 (0.7122)  loss_bbox_0: 0.0481 (0.0577)  loss_giou_0: 0.5004 (0.5775)  loss_class_1: 0.5986 (0.6111)  loss_bbox_1: 0.0435 (0.0556)  loss_giou_1: 0.4828 (0.5667)  loss_class_2: 0.5769 (0.5884)  loss_bbox_2: 0.0443 (0.0549)  loss_giou_2: 0.4874 (0.5631)  loss_class_3: 0.5685 (0.5798)  loss_bbox_3: 0.0433 (0.0548)  loss_giou_3: 0.4971 (0.5622)  loss_class_4: 0.5682 (0.5759)  loss_bbox_4: 0.0443 (0.0547)  loss_giou_4: 0.4979 (0.5625)  loss_class_enc: 0.6689 (0.6710)  loss_bbox_enc: 0.0594 (0.0711)  loss_giou_enc: 0.5782 (0.6499)  loss_class_dn: 0.4027 (0.4057)  loss_bbox_dn: 0.0395 (0.0500)  loss_giou_dn: 0.4893 (0.5228)  loss_class_dn_0: 0.4763 (0.4762)  loss_bbox_dn_0: 0.0521 (0.0665)  loss_giou_dn_0: 0.6087 (0.6229)  loss_class_dn_1: 0.4304 (0.4297)  loss_bbox_dn_1: 0.0405 (0.0529)  loss_giou_dn_1: 0.5201 (0.5409)  loss_class_dn_2: 0.4154 (0.4129)  loss_bbox_dn_2: 0.0400 (0.0504)  loss_giou_dn_2: 0.4959 (0.5251)  loss_class_dn_3: 0.4083 (0.4075)  loss_bbox_dn_3: 0.0396 (0.0501)  loss_giou_dn_3: 0.4932 (0.5232)  loss_class_dn_4: 0.4053 (0.4059)  loss_bbox_dn_4: 0.0395 (0.0500)  loss_giou_dn_4: 0.4892 (0.5227)  loss_position: 0.2995 (0.3120)  loss_class_hybrid: 0.5580 (0.5544)  loss_bbox_hybrid: 0.0552 (0.0758)  loss_giou_hybrid: 0.5158 (0.6622)  loss_class_0_hybrid: 0.5819 (0.5755)  loss_bbox_0_hybrid: 0.0619 (0.0853)  loss_giou_0_hybrid: 0.5532 (0.7058)  loss_class_1_hybrid: 0.5740 (0.5634)  loss_bbox_1_hybrid: 0.0566 (0.0790)  loss_giou_1_hybrid: 0.5259 (0.6754)  loss_class_2_hybrid: 0.5600 (0.5573)  loss_bbox_2_hybrid: 0.0554 (0.0772)  loss_giou_2_hybrid: 0.5208 (0.6659)  loss_class_3_hybrid: 0.5627 (0.5549)  loss_bbox_3_hybrid: 0.0551 (0.0763)  loss_giou_3_hybrid: 0.5139 (0.6628)  loss_class_4_hybrid: 0.5625 (0.5541)  loss_bbox_4_hybrid: 0.0551 (0.0758)  loss_giou_4_hybrid: 0.5165 (0.6624)  loss_class_enc_hybrid: 0.5676 (0.5452)  loss_bbox_enc_hybrid: 0.0820 (0.1094)  loss_giou_enc_hybrid: 0.6713 (0.8413)  mem: 789  max mem: 6090
[2026-08-04 16:24:18 accelerate.tracking]: [RANK 0] Successfully logged to TensorBoard
[2026-08-04 16:24:38 det.util.engine]: Epoch: [12]  [5600/6471]  eta: 0:05:56  lr: 0.000010  data_time: 0.0010  iter_time: 0.4270  loss: 23.9573 (24.5433)  loss_class: 0.5404 (0.5738)  loss_bbox: 0.0409 (0.0547)  loss_giou: 0.4907 (0.5626)  loss_class_0: 0.6943 (0.7120)  loss_bbox_0: 0.0484 (0.0577)  loss_giou_0: 0.5264 (0.5774)  loss_class_1: 0.5740 (0.6109)  loss_bbox_1: 0.0426 (0.0556)  loss_giou_1: 0.5072 (0.5666)  loss_class_2: 0.5384 (0.5882)  loss_bbox_2: 0.0417 (0.0549)  loss_giou_2: 0.4995 (0.5630)  loss_class_3: 0.5355 (0.5796)  loss_bbox_3: 0.0409 (0.0548)  loss_giou_3: 0.4976 (0.5621)  loss_class_4: 0.5408 (0.5758)  loss_bbox_4: 0.0408 (0.0546)  loss_giou_4: 0.4909 (0.5623)  loss_class_enc: 0.6446 (0.6709)  loss_bbox_enc: 0.0535 (0.0711)  loss_giou_enc: 0.5765 (0.6497)  loss_class_dn: 0.4006 (0.4057)  loss_bbox_dn: 0.0428 (0.0500)  loss_giou_dn: 0.5015 (0.5227)  loss_class_dn_0: 0.4779 (0.4762)  loss_bbox_dn_0: 0.0580 (0.0665)  loss_giou_dn_0: 0.6081 (0.6229)  loss_class_dn_1: 0.4240 (0.4297)  loss_bbox_dn_1: 0.0447 (0.0529)  loss_giou_dn_1: 0.5256 (0.5409)  loss_class_dn_2: 0.4127 (0.4129)  loss_bbox_dn_2: 0.0434 (0.0504)  loss_giou_dn_2: 0.4991 (0.5250)  loss_class_dn_3: 0.4008 (0.4074)  loss_bbox_dn_3: 0.0430 (0.0501)  loss_giou_dn_3: 0.5042 (0.5231)  loss_class_dn_4: 0.3989 (0.4058)  loss_bbox_dn_4: 0.0428 (0.0500)  loss_giou_dn_4: 0.5014 (0.5226)  loss_position: 0.3394 (0.3120)  loss_class_hybrid: 0.5095 (0.5543)  loss_bbox_hybrid: 0.0620 (0.0758)  loss_giou_hybrid: 0.5211 (0.6623)  loss_class_0_hybrid: 0.5444 (0.5753)  loss_bbox_0_hybrid: 0.0777 (0.0852)  loss_giou_0_hybrid: 0.5908 (0.7058)  loss_class_1_hybrid: 0.5271 (0.5633)  loss_bbox_1_hybrid: 0.0708 (0.0790)  loss_giou_1_hybrid: 0.5403 (0.6754)  loss_class_2_hybrid: 0.5106 (0.5572)  loss_bbox_2_hybrid: 0.0656 (0.0772)  loss_giou_2_hybrid: 0.5154 (0.6659)  loss_class_3_hybrid: 0.5039 (0.5547)  loss_bbox_3_hybrid: 0.0634 (0.0763)  loss_giou_3_hybrid: 0.5188 (0.6628)  loss_class_4_hybrid: 0.5028 (0.5540)  loss_bbox_4_hybrid: 0.0623 (0.0758)  loss_giou_4_hybrid: 0.5184 (0.6624)  loss_class_enc_hybrid: 0.5480 (0.5451)  loss_bbox_enc_hybrid: 0.0974 (0.1094)  loss_giou_enc_hybrid: 0.7797 (0.8412)  mem: 795  max mem: 6090
[2026-08-04 16:24:38 accelerate.tracking]: [RANK 0] Successfully logged to TensorBoard
[2026-08-04 16:25:00 det.util.engine]: Epoch: [12]  [5650/6471]  eta: 0:05:36  lr: 0.000010  data_time: 0.0010  iter_time: 0.5084  loss: 24.6378 (24.5530)  loss_class: 0.5478 (0.5739)  loss_bbox: 0.0457 (0.0547)  loss_giou: 0.5099 (0.5630)  loss_class_0: 0.7220 (0.7119)  loss_bbox_0: 0.0508 (0.0577)  loss_giou_0: 0.5849 (0.5778)  loss_class_1: 0.5934 (0.6110)  loss_bbox_1: 0.0453 (0.0556)  loss_giou_1: 0.5697 (0.5670)  loss_class_2: 0.5596 (0.5884)  loss_bbox_2: 0.0443 (0.0549)  loss_giou_2: 0.5710 (0.5633)  loss_class_3: 0.5510 (0.5797)  loss_bbox_3: 0.0442 (0.0548)  loss_giou_3: 0.5376 (0.5625)  loss_class_4: 0.5538 (0.5758)  loss_bbox_4: 0.0453 (0.0547)  loss_giou_4: 0.5164 (0.5627)  loss_class_enc: 0.6383 (0.6708)  loss_bbox_enc: 0.0571 (0.0711)  loss_giou_enc: 0.6417 (0.6500)  loss_class_dn: 0.4176 (0.4057)  loss_bbox_dn: 0.0388 (0.0500)  loss_giou_dn: 0.5315 (0.5230)  loss_class_dn_0: 0.4773 (0.4762)  loss_bbox_dn_0: 0.0523 (0.0665)  loss_giou_dn_0: 0.6296 (0.6232)  loss_class_dn_1: 0.4426 (0.4298)  loss_bbox_dn_1: 0.0395 (0.0530)  loss_giou_dn_1: 0.5383 (0.5412)  loss_class_dn_2: 0.4252 (0.4129)  loss_bbox_dn_2: 0.0390 (0.0504)  loss_giou_dn_2: 0.5312 (0.5253)  loss_class_dn_3: 0.4203 (0.4075)  loss_bbox_dn_3: 0.0388 (0.0501)  loss_giou_dn_3: 0.5294 (0.5235)  loss_class_dn_4: 0.4182 (0.4059)  loss_bbox_dn_4: 0.0388 (0.0500)  loss_giou_dn_4: 0.5312 (0.5229)  loss_position: 0.2873 (0.3120)  loss_class_hybrid: 0.5463 (0.5542)  loss_bbox_hybrid: 0.0702 (0.0759)  loss_giou_hybrid: 0.6231 (0.6629)  loss_class_0_hybrid: 0.5733 (0.5752)  loss_bbox_0_hybrid: 0.0728 (0.0853)  loss_giou_0_hybrid: 0.7276 (0.7064)  loss_class_1_hybrid: 0.5512 (0.5632)  loss_bbox_1_hybrid: 0.0717 (0.0791)  loss_giou_1_hybrid: 0.6322 (0.6760)  loss_class_2_hybrid: 0.5559 (0.5571)  loss_bbox_2_hybrid: 0.0695 (0.0773)  loss_giou_2_hybrid: 0.6186 (0.6665)  loss_class_3_hybrid: 0.5438 (0.5547)  loss_bbox_3_hybrid: 0.0702 (0.0764)  loss_giou_3_hybrid: 0.6215 (0.6634)  loss_class_4_hybrid: 0.5508 (0.5539)  loss_bbox_4_hybrid: 0.0704 (0.0759)  loss_giou_4_hybrid: 0.6224 (0.6630)  loss_class_enc_hybrid: 0.5364 (0.5449)  loss_bbox_enc_hybrid: 0.1014 (0.1095)  loss_giou_enc_hybrid: 0.8073 (0.8419)  mem: 788  max mem: 6090
[2026-08-04 16:25:00 accelerate.tracking]: [RANK 0] Successfully logged to TensorBoard
[2026-08-04 16:25:24 det.util.engine]: Epoch: [12]  [5700/6471]  eta: 0:05:16  lr: 0.000010  data_time: 0.0010  iter_time: 0.6504  loss: 25.4059 (24.5662)  loss_class: 0.5547 (0.5740)  loss_bbox: 0.0467 (0.0547)  loss_giou: 0.6060 (0.5637)  loss_class_0: 0.6369 (0.7117)  loss_bbox_0: 0.0529 (0.0578)  loss_giou_0: 0.6383 (0.5786)  loss_class_1: 0.5636 (0.6110)  loss_bbox_1: 0.0483 (0.0556)  loss_giou_1: 0.6048 (0.5677)  loss_class_2: 0.5569 (0.5884)  loss_bbox_2: 0.0484 (0.0549)  loss_giou_2: 0.6040 (0.5641)  loss_class_3: 0.5549 (0.5798)  loss_bbox_3: 0.0466 (0.0548)  loss_giou_3: 0.6060 (0.5632)  loss_class_4: 0.5527 (0.5759)  loss_bbox_4: 0.0467 (0.0547)  loss_giou_4: 0.6062 (0.5635)  loss_class_enc: 0.6442 (0.6706)  loss_bbox_enc: 0.0644 (0.0711)  loss_giou_enc: 0.6381 (0.6508)  loss_class_dn: 0.4210 (0.4058)  loss_bbox_dn: 0.0410 (0.0500)  loss_giou_dn: 0.5667 (0.5233)  loss_class_dn_0: 0.4659 (0.4762)  loss_bbox_dn_0: 0.0523 (0.0665)  loss_giou_dn_0: 0.6448 (0.6235)  loss_class_dn_1: 0.4402 (0.4298)  loss_bbox_dn_1: 0.0438 (0.0529)  loss_giou_dn_1: 0.5802 (0.5414)  loss_class_dn_2: 0.4255 (0.4130)  loss_bbox_dn_2: 0.0416 (0.0504)  loss_giou_dn_2: 0.5693 (0.5255)  loss_class_dn_3: 0.4225 (0.4076)  loss_bbox_dn_3: 0.0412 (0.0501)  loss_giou_dn_3: 0.5675 (0.5237)  loss_class_dn_4: 0.4202 (0.4060)  loss_bbox_dn_4: 0.0409 (0.0500)  loss_giou_dn_4: 0.5663 (0.5232)  loss_position: 0.3284 (0.3122)  loss_class_hybrid: 0.4962 (0.5541)  loss_bbox_hybrid: 0.0718 (0.0759)  loss_giou_hybrid: 0.6521 (0.6637)  loss_class_0_hybrid: 0.4930 (0.5749)  loss_bbox_0_hybrid: 0.0796 (0.0854)  loss_giou_0_hybrid: 0.6812 (0.7074)  loss_class_1_hybrid: 0.4902 (0.5630)  loss_bbox_1_hybrid: 0.0711 (0.0792)  loss_giou_1_hybrid: 0.6548 (0.6769)  loss_class_2_hybrid: 0.4934 (0.5570)  loss_bbox_2_hybrid: 0.0722 (0.0774)  loss_giou_2_hybrid: 0.6499 (0.6674)  loss_class_3_hybrid: 0.4904 (0.5545)  loss_bbox_3_hybrid: 0.0716 (0.0764)  loss_giou_3_hybrid: 0.6508 (0.6643)  loss_class_4_hybrid: 0.4955 (0.5538)  loss_bbox_4_hybrid: 0.0717 (0.0760)  loss_giou_4_hybrid: 0.6503 (0.6639)  loss_class_enc_hybrid: 0.5001 (0.5446)  loss_bbox_enc_hybrid: 0.1052 (0.1096)  loss_giou_enc_hybrid: 0.8027 (0.8428)  mem: 788  max mem: 6090
[2026-08-04 16:25:24 accelerate.tracking]: [RANK 0] Successfully logged to TensorBoard
[2026-08-04 16:25:44 det.util.engine]: Epoch: [12]  [5750/6471]  eta: 0:04:55  lr: 0.000010  data_time: 0.0011  iter_time: 0.3591  loss: 22.4127 (24.5628)  loss_class: 0.5847 (0.5740)  loss_bbox: 0.0402 (0.0547)  loss_giou: 0.4540 (0.5635)  loss_class_0: 0.7211 (0.7117)  loss_bbox_0: 0.0418 (0.0578)  loss_giou_0: 0.4595 (0.5784)  loss_class_1: 0.6454 (0.6110)  loss_bbox_1: 0.0399 (0.0556)  loss_giou_1: 0.4526 (0.5675)  loss_class_2: 0.6068 (0.5885)  loss_bbox_2: 0.0393 (0.0549)  loss_giou_2: 0.4516 (0.5639)  loss_class_3: 0.5909 (0.5798)  loss_bbox_3: 0.0395 (0.0548)  loss_giou_3: 0.4539 (0.5631)  loss_class_4: 0.5908 (0.5760)  loss_bbox_4: 0.0401 (0.0547)  loss_giou_4: 0.4536 (0.5633)  loss_class_enc: 0.7124 (0.6707)  loss_bbox_enc: 0.0491 (0.0711)  loss_giou_enc: 0.5475 (0.6506)  loss_class_dn: 0.4137 (0.4058)  loss_bbox_dn: 0.0373 (0.0499)  loss_giou_dn: 0.5058 (0.5233)  loss_class_dn_0: 0.4839 (0.4762)  loss_bbox_dn_0: 0.0500 (0.0664)  loss_giou_dn_0: 0.5987 (0.6235)  loss_class_dn_1: 0.4288 (0.4298)  loss_bbox_dn_1: 0.0383 (0.0529)  loss_giou_dn_1: 0.5173 (0.5414)  loss_class_dn_2: 0.4188 (0.4130)  loss_bbox_dn_2: 0.0375 (0.0503)  loss_giou_dn_2: 0.5065 (0.5255)  loss_class_dn_3: 0.4104 (0.4076)  loss_bbox_dn_3: 0.0379 (0.0501)  loss_giou_dn_3: 0.5037 (0.5237)  loss_class_dn_4: 0.4113 (0.4060)  loss_bbox_dn_4: 0.0373 (0.0499)  loss_giou_dn_4: 0.5061 (0.5232)  loss_position: 0.2837 (0.3119)  loss_class_hybrid: 0.5967 (0.5541)  loss_bbox_hybrid: 0.0494 (0.0759)  loss_giou_hybrid: 0.5294 (0.6635)  loss_class_0_hybrid: 0.6295 (0.5750)  loss_bbox_0_hybrid: 0.0547 (0.0854)  loss_giou_0_hybrid: 0.5639 (0.7072)  loss_class_1_hybrid: 0.6061 (0.5631)  loss_bbox_1_hybrid: 0.0512 (0.0791)  loss_giou_1_hybrid: 0.5364 (0.6767)  loss_class_2_hybrid: 0.5998 (0.5570)  loss_bbox_2_hybrid: 0.0496 (0.0773)  loss_giou_2_hybrid: 0.5399 (0.6672)  loss_class_3_hybrid: 0.5963 (0.5546)  loss_bbox_3_hybrid: 0.0491 (0.0764)  loss_giou_3_hybrid: 0.5361 (0.6641)  loss_class_4_hybrid: 0.5929 (0.5538)  loss_bbox_4_hybrid: 0.0495 (0.0759)  loss_giou_4_hybrid: 0.5338 (0.6637)  loss_class_enc_hybrid: 0.6196 (0.5446)  loss_bbox_enc_hybrid: 0.0718 (0.1096)  loss_giou_enc_hybrid: 0.6901 (0.8426)  mem: 789  max mem: 6090
[2026-08-04 16:25:44 accelerate.tracking]: [RANK 0] Successfully logged to TensorBoard
[2026-08-04 16:26:05 det.util.engine]: Epoch: [12]  [5800/6471]  eta: 0:04:35  lr: 0.000010  data_time: 0.0010  iter_time: 0.3914  loss: 26.3839 (24.5760)  loss_class: 0.5784 (0.5742)  loss_bbox: 0.0457 (0.0547)  loss_giou: 0.5774 (0.5641)  loss_class_0: 0.6802 (0.7117)  loss_bbox_0: 0.0479 (0.0578)  loss_giou_0: 0.6196 (0.5791)  loss_class_1: 0.5954 (0.6112)  loss_bbox_1: 0.0457 (0.0556)  loss_giou_1: 0.5876 (0.5681)  loss_class_2: 0.5968 (0.5886)  loss_bbox_2: 0.0453 (0.0549)  loss_giou_2: 0.5759 (0.5645)  loss_class_3: 0.5647 (0.5799)  loss_bbox_3: 0.0456 (0.0548)  loss_giou_3: 0.5758 (0.5637)  loss_class_4: 0.5719 (0.5761)  loss_bbox_4: 0.0457 (0.0547)  loss_giou_4: 0.5770 (0.5638)  loss_class_enc: 0.6618 (0.6707)  loss_bbox_enc: 0.0578 (0.0711)  loss_giou_enc: 0.6504 (0.6512)  loss_class_dn: 0.4169 (0.4058)  loss_bbox_dn: 0.0408 (0.0499)  loss_giou_dn: 0.5696 (0.5236)  loss_class_dn_0: 0.4839 (0.4763)  loss_bbox_dn_0: 0.0515 (0.0665)  loss_giou_dn_0: 0.7011 (0.6238)  loss_class_dn_1: 0.4384 (0.4299)  loss_bbox_dn_1: 0.0427 (0.0529)  loss_giou_dn_1: 0.6036 (0.5418)  loss_class_dn_2: 0.4213 (0.4130)  loss_bbox_dn_2: 0.0411 (0.0503)  loss_giou_dn_2: 0.5738 (0.5259)  loss_class_dn_3: 0.4177 (0.4076)  loss_bbox_dn_3: 0.0407 (0.0501)  loss_giou_dn_3: 0.5713 (0.5241)  loss_class_dn_4: 0.4159 (0.4060)  loss_bbox_dn_4: 0.0408 (0.0499)  loss_giou_dn_4: 0.5699 (0.5235)  loss_position: 0.2842 (0.3121)  loss_class_hybrid: 0.5469 (0.5541)  loss_bbox_hybrid: 0.0574 (0.0759)  loss_giou_hybrid: 0.7393 (0.6644)  loss_class_0_hybrid: 0.5455 (0.5749)  loss_bbox_0_hybrid: 0.0698 (0.0854)  loss_giou_0_hybrid: 0.8041 (0.7081)  loss_class_1_hybrid: 0.5466 (0.5630)  loss_bbox_1_hybrid: 0.0603 (0.0791)  loss_giou_1_hybrid: 0.7697 (0.6775)  loss_class_2_hybrid: 0.5542 (0.5569)  loss_bbox_2_hybrid: 0.0576 (0.0774)  loss_giou_2_hybrid: 0.7456 (0.6680)  loss_class_3_hybrid: 0.5531 (0.5545)  loss_bbox_3_hybrid: 0.0578 (0.0764)  loss_giou_3_hybrid: 0.7411 (0.6649)  loss_class_4_hybrid: 0.5509 (0.5538)  loss_bbox_4_hybrid: 0.0573 (0.0759)  loss_giou_4_hybrid: 0.7418 (0.6645)  loss_class_enc_hybrid: 0.4867 (0.5445)  loss_bbox_enc_hybrid: 0.1023 (0.1097)  loss_giou_enc_hybrid: 0.9940 (0.8436)  mem: 788  max mem: 6090
[2026-08-04 16:26:05 accelerate.tracking]: [RANK 0] Successfully logged to TensorBoard
[2026-08-04 16:26:26 det.util.engine]: Epoch: [12]  [5850/6471]  eta: 0:04:15  lr: 0.000010  data_time: 0.0010  iter_time: 0.4693  loss: 23.0022 (24.5792)  loss_class: 0.5664 (0.5742)  loss_bbox: 0.0504 (0.0547)  loss_giou: 0.4939 (0.5641)  loss_class_0: 0.7117 (0.7119)  loss_bbox_0: 0.0544 (0.0578)  loss_giou_0: 0.5107 (0.5790)  loss_class_1: 0.5977 (0.6113)  loss_bbox_1: 0.0529 (0.0556)  loss_giou_1: 0.5032 (0.5680)  loss_class_2: 0.5725 (0.5887)  loss_bbox_2: 0.0507 (0.0549)  loss_giou_2: 0.4940 (0.5644)  loss_class_3: 0.5529 (0.5800)  loss_bbox_3: 0.0503 (0.0548)  loss_giou_3: 0.4949 (0.5636)  loss_class_4: 0.5674 (0.5762)  loss_bbox_4: 0.0504 (0.0547)  loss_giou_4: 0.4941 (0.5638)  loss_class_enc: 0.7011 (0.6709)  loss_bbox_enc: 0.0655 (0.0711)  loss_giou_enc: 0.5852 (0.6512)  loss_class_dn: 0.4196 (0.4059)  loss_bbox_dn: 0.0424 (0.0501)  loss_giou_dn: 0.5238 (0.5236)  loss_class_dn_0: 0.4853 (0.4764)  loss_bbox_dn_0: 0.0549 (0.0666)  loss_giou_dn_0: 0.6147 (0.6239)  loss_class_dn_1: 0.4469 (0.4300)  loss_bbox_dn_1: 0.0442 (0.0530)  loss_giou_dn_1: 0.5354 (0.5418)  loss_class_dn_2: 0.4248 (0.4131)  loss_bbox_dn_2: 0.0423 (0.0505)  loss_giou_dn_2: 0.5211 (0.5259)  loss_class_dn_3: 0.4220 (0.4077)  loss_bbox_dn_3: 0.0424 (0.0502)  loss_giou_dn_3: 0.5223 (0.5241)  loss_class_dn_4: 0.4196 (0.4061)  loss_bbox_dn_4: 0.0424 (0.0501)  loss_giou_dn_4: 0.5236 (0.5236)  loss_position: 0.2869 (0.3120)  loss_class_hybrid: 0.5351 (0.5541)  loss_bbox_hybrid: 0.0580 (0.0760)  loss_giou_hybrid: 0.5334 (0.6644)  loss_class_0_hybrid: 0.5959 (0.5750)  loss_bbox_0_hybrid: 0.0687 (0.0855)  loss_giou_0_hybrid: 0.5658 (0.7081)  loss_class_1_hybrid: 0.5794 (0.5631)  loss_bbox_1_hybrid: 0.0625 (0.0792)  loss_giou_1_hybrid: 0.5292 (0.6776)  loss_class_2_hybrid: 0.5274 (0.5570)  loss_bbox_2_hybrid: 0.0605 (0.0775)  loss_giou_2_hybrid: 0.5311 (0.6680)  loss_class_3_hybrid: 0.5318 (0.5545)  loss_bbox_3_hybrid: 0.0587 (0.0765)  loss_giou_3_hybrid: 0.5254 (0.6649)  loss_class_4_hybrid: 0.5385 (0.5538)  loss_bbox_4_hybrid: 0.0579 (0.0761)  loss_giou_4_hybrid: 0.5284 (0.6645)  loss_class_enc_hybrid: 0.5604 (0.5446)  loss_bbox_enc_hybrid: 0.0938 (0.1098)  loss_giou_enc_hybrid: 0.7104 (0.8437)  mem: 785  max mem: 6090
[2026-08-04 16:26:26 accelerate.tracking]: [RANK 0] Successfully logged to TensorBoard
[2026-08-04 16:26:46 det.util.engine]: Epoch: [12]  [5900/6471]  eta: 0:03:54  lr: 0.000010  data_time: 0.0010  iter_time: 0.3723  loss: 23.9821 (24.5824)  loss_class: 0.5517 (0.5741)  loss_bbox: 0.0421 (0.0548)  loss_giou: 0.5121 (0.5643)  loss_class_0: 0.6905 (0.7116)  loss_bbox_0: 0.0445 (0.0578)  loss_giou_0: 0.5082 (0.5793)  loss_class_1: 0.6052 (0.6112)  loss_bbox_1: 0.0424 (0.0556)  loss_giou_1: 0.5127 (0.5683)  loss_class_2: 0.6025 (0.5886)  loss_bbox_2: 0.0421 (0.0550)  loss_giou_2: 0.5149 (0.5647)  loss_class_3: 0.6011 (0.5799)  loss_bbox_3: 0.0424 (0.0548)  loss_giou_3: 0.5099 (0.5639)  loss_class_4: 0.5543 (0.5760)  loss_bbox_4: 0.0421 (0.0547)  loss_giou_4: 0.5121 (0.5641)  loss_class_enc: 0.6299 (0.6707)  loss_bbox_enc: 0.0556 (0.0711)  loss_giou_enc: 0.5784 (0.6514)  loss_class_dn: 0.4099 (0.4059)  loss_bbox_dn: 0.0459 (0.0500)  loss_giou_dn: 0.4927 (0.5237)  loss_class_dn_0: 0.4774 (0.4764)  loss_bbox_dn_0: 0.0560 (0.0665)  loss_giou_dn_0: 0.5856 (0.6239)  loss_class_dn_1: 0.4363 (0.4300)  loss_bbox_dn_1: 0.0475 (0.0530)  loss_giou_dn_1: 0.5295 (0.5419)  loss_class_dn_2: 0.4215 (0.4131)  loss_bbox_dn_2: 0.0456 (0.0504)  loss_giou_dn_2: 0.5075 (0.5260)  loss_class_dn_3: 0.4124 (0.4077)  loss_bbox_dn_3: 0.0453 (0.0502)  loss_giou_dn_3: 0.4983 (0.5242)  loss_class_dn_4: 0.4075 (0.4061)  loss_bbox_dn_4: 0.0459 (0.0500)  loss_giou_dn_4: 0.4928 (0.5236)  loss_position: 0.3124 (0.3119)  loss_class_hybrid: 0.5513 (0.5539)  loss_bbox_hybrid: 0.0502 (0.0761)  loss_giou_hybrid: 0.5365 (0.6648)  loss_class_0_hybrid: 0.5797 (0.5748)  loss_bbox_0_hybrid: 0.0602 (0.0856)  loss_giou_0_hybrid: 0.5650 (0.7085)  loss_class_1_hybrid: 0.5519 (0.5628)  loss_bbox_1_hybrid: 0.0537 (0.0793)  loss_giou_1_hybrid: 0.5455 (0.6780)  loss_class_2_hybrid: 0.5535 (0.5568)  loss_bbox_2_hybrid: 0.0559 (0.0775)  loss_giou_2_hybrid: 0.5367 (0.6685)  loss_class_3_hybrid: 0.5489 (0.5543)  loss_bbox_3_hybrid: 0.0550 (0.0766)  loss_giou_3_hybrid: 0.5333 (0.6654)  loss_class_4_hybrid: 0.5493 (0.5536)  loss_bbox_4_hybrid: 0.0518 (0.0761)  loss_giou_4_hybrid: 0.5348 (0.6650)  loss_class_enc_hybrid: 0.5816 (0.5444)  loss_bbox_enc_hybrid: 0.0815 (0.1098)  loss_giou_enc_hybrid: 0.6718 (0.8440)  mem: 793  max mem: 6090
[2026-08-04 16:26:46 accelerate.tracking]: [RANK 0] Successfully logged to TensorBoard
[2026-08-04 16:27:10 det.util.engine]: Epoch: [12]  [5950/6471]  eta: 0:03:34  lr: 0.000010  data_time: 0.0010  iter_time: 0.5490  loss: 23.4984 (24.5836)  loss_class: 0.4815 (0.5738)  loss_bbox: 0.0533 (0.0548)  loss_giou: 0.5242 (0.5644)  loss_class_0: 0.6624 (0.7114)  loss_bbox_0: 0.0586 (0.0579)  loss_giou_0: 0.5327 (0.5794)  loss_class_1: 0.5361 (0.6109)  loss_bbox_1: 0.0532 (0.0557)  loss_giou_1: 0.5339 (0.5684)  loss_class_2: 0.5370 (0.5883)  loss_bbox_2: 0.0533 (0.0550)  loss_giou_2: 0.5207 (0.5648)  loss_class_3: 0.4995 (0.5796)  loss_bbox_3: 0.0534 (0.0549)  loss_giou_3: 0.5276 (0.5640)  loss_class_4: 0.4906 (0.5757)  loss_bbox_4: 0.0530 (0.0548)  loss_giou_4: 0.5241 (0.5642)  loss_class_enc: 0.6174 (0.6705)  loss_bbox_enc: 0.0729 (0.0712)  loss_giou_enc: 0.6177 (0.6515)  loss_class_dn: 0.4018 (0.4058)  loss_bbox_dn: 0.0440 (0.0501)  loss_giou_dn: 0.5075 (0.5237)  loss_class_dn_0: 0.4750 (0.4763)  loss_bbox_dn_0: 0.0610 (0.0666)  loss_giou_dn_0: 0.6233 (0.6239)  loss_class_dn_1: 0.4330 (0.4299)  loss_bbox_dn_1: 0.0454 (0.0530)  loss_giou_dn_1: 0.5430 (0.5419)  loss_class_dn_2: 0.4124 (0.4130)  loss_bbox_dn_2: 0.0446 (0.0505)  loss_giou_dn_2: 0.5108 (0.5261)  loss_class_dn_3: 0.4083 (0.4076)  loss_bbox_dn_3: 0.0444 (0.0502)  loss_giou_dn_3: 0.5105 (0.5242)  loss_class_dn_4: 0.4006 (0.4060)  loss_bbox_dn_4: 0.0440 (0.0501)  loss_giou_dn_4: 0.5076 (0.5237)  loss_position: 0.2625 (0.3121)  loss_class_hybrid: 0.4859 (0.5538)  loss_bbox_hybrid: 0.0676 (0.0762)  loss_giou_hybrid: 0.5850 (0.6651)  loss_class_0_hybrid: 0.5500 (0.5747)  loss_bbox_0_hybrid: 0.0722 (0.0858)  loss_giou_0_hybrid: 0.6569 (0.7088)  loss_class_1_hybrid: 0.5236 (0.5627)  loss_bbox_1_hybrid: 0.0690 (0.0794)  loss_giou_1_hybrid: 0.5928 (0.6783)  loss_class_2_hybrid: 0.5044 (0.5566)  loss_bbox_2_hybrid: 0.0690 (0.0777)  loss_giou_2_hybrid: 0.5856 (0.6688)  loss_class_3_hybrid: 0.4907 (0.5542)  loss_bbox_3_hybrid: 0.0675 (0.0768)  loss_giou_3_hybrid: 0.5843 (0.6657)  loss_class_4_hybrid: 0.5024 (0.5534)  loss_bbox_4_hybrid: 0.0672 (0.0763)  loss_giou_4_hybrid: 0.5850 (0.6652)  loss_class_enc_hybrid: 0.5125 (0.5443)  loss_bbox_enc_hybrid: 0.0996 (0.1100)  loss_giou_enc_hybrid: 0.7620 (0.8442)  mem: 793  max mem: 6090
[2026-08-04 16:27:10 accelerate.tracking]: [RANK 0] Successfully logged to TensorBoard
[2026-08-04 16:27:38 det.util.engine]: Epoch: [12]  [6000/6471]  eta: 0:03:14  lr: 0.000010  data_time: 0.0010  iter_time: 0.3572  loss: 25.1184 (24.5786)  loss_class: 0.5720 (0.5737)  loss_bbox: 0.0446 (0.0548)  loss_giou: 0.5257 (0.5643)  loss_class_0: 0.6964 (0.7114)  loss_bbox_0: 0.0449 (0.0578)  loss_giou_0: 0.5281 (0.5792)  loss_class_1: 0.6152 (0.6109)  loss_bbox_1: 0.0426 (0.0556)  loss_giou_1: 0.5144 (0.5682)  loss_class_2: 0.5961 (0.5882)  loss_bbox_2: 0.0428 (0.0550)  loss_giou_2: 0.5151 (0.5646)  loss_class_3: 0.5671 (0.5795)  loss_bbox_3: 0.0434 (0.0549)  loss_giou_3: 0.5161 (0.5638)  loss_class_4: 0.5844 (0.5757)  loss_bbox_4: 0.0444 (0.0547)  loss_giou_4: 0.5254 (0.5640)  loss_class_enc: 0.6499 (0.6705)  loss_bbox_enc: 0.0566 (0.0712)  loss_giou_enc: 0.6276 (0.6514)  loss_class_dn: 0.4192 (0.4057)  loss_bbox_dn: 0.0417 (0.0500)  loss_giou_dn: 0.4964 (0.5235)  loss_class_dn_0: 0.4728 (0.4763)  loss_bbox_dn_0: 0.0521 (0.0665)  loss_giou_dn_0: 0.5972 (0.6238)  loss_class_dn_1: 0.4345 (0.4298)  loss_bbox_dn_1: 0.0446 (0.0530)  loss_giou_dn_1: 0.5026 (0.5417)  loss_class_dn_2: 0.4211 (0.4129)  loss_bbox_dn_2: 0.0417 (0.0504)  loss_giou_dn_2: 0.4959 (0.5258)  loss_class_dn_3: 0.4174 (0.4075)  loss_bbox_dn_3: 0.0416 (0.0502)  loss_giou_dn_3: 0.4954 (0.5240)  loss_class_dn_4: 0.4182 (0.4059)  loss_bbox_dn_4: 0.0417 (0.0500)  loss_giou_dn_4: 0.4964 (0.5235)  loss_position: 0.2585 (0.3121)  loss_class_hybrid: 0.5556 (0.5539)  loss_bbox_hybrid: 0.0561 (0.0763)  loss_giou_hybrid: 0.5707 (0.6647)  loss_class_0_hybrid: 0.5597 (0.5748)  loss_bbox_0_hybrid: 0.0626 (0.0858)  loss_giou_0_hybrid: 0.6167 (0.7084)  loss_class_1_hybrid: 0.5533 (0.5628)  loss_bbox_1_hybrid: 0.0564 (0.0795)  loss_giou_1_hybrid: 0.5833 (0.6779)  loss_class_2_hybrid: 0.5573 (0.5567)  loss_bbox_2_hybrid: 0.0558 (0.0778)  loss_giou_2_hybrid: 0.5701 (0.6684)  loss_class_3_hybrid: 0.5561 (0.5542)  loss_bbox_3_hybrid: 0.0558 (0.0768)  loss_giou_3_hybrid: 0.5702 (0.6653)  loss_class_4_hybrid: 0.5587 (0.5535)  loss_bbox_4_hybrid: 0.0555 (0.0763)  loss_giou_4_hybrid: 0.5720 (0.6649)  loss_class_enc_hybrid: 0.5447 (0.5444)  loss_bbox_enc_hybrid: 0.0832 (0.1101)  loss_giou_enc_hybrid: 0.7273 (0.8440)  mem: 788  max mem: 6090
[2026-08-04 16:27:38 accelerate.tracking]: [RANK 0] Successfully logged to TensorBoard
[2026-08-04 16:28:00 det.util.engine]: Epoch: [12]  [6050/6471]  eta: 0:02:53  lr: 0.000010  data_time: 0.0010  iter_time: 0.3388  loss: 23.7762 (24.5828)  loss_class: 0.5820 (0.5738)  loss_bbox: 0.0392 (0.0548)  loss_giou: 0.4418 (0.5644)  loss_class_0: 0.7634 (0.7114)  loss_bbox_0: 0.0441 (0.0578)  loss_giou_0: 0.4469 (0.5794)  loss_class_1: 0.6242 (0.6109)  loss_bbox_1: 0.0409 (0.0557)  loss_giou_1: 0.4438 (0.5684)  loss_class_2: 0.6017 (0.5883)  loss_bbox_2: 0.0388 (0.0550)  loss_giou_2: 0.4455 (0.5647)  loss_class_3: 0.5959 (0.5796)  loss_bbox_3: 0.0393 (0.0549)  loss_giou_3: 0.4438 (0.5640)  loss_class_4: 0.5852 (0.5757)  loss_bbox_4: 0.0392 (0.0547)  loss_giou_4: 0.4424 (0.5641)  loss_class_enc: 0.6958 (0.6704)  loss_bbox_enc: 0.0561 (0.0712)  loss_giou_enc: 0.5272 (0.6517)  loss_class_dn: 0.3956 (0.4057)  loss_bbox_dn: 0.0388 (0.0500)  loss_giou_dn: 0.4440 (0.5236)  loss_class_dn_0: 0.4840 (0.4763)  loss_bbox_dn_0: 0.0483 (0.0666)  loss_giou_dn_0: 0.5373 (0.6239)  loss_class_dn_1: 0.4164 (0.4298)  loss_bbox_dn_1: 0.0406 (0.0530)  loss_giou_dn_1: 0.4662 (0.5418)  loss_class_dn_2: 0.4028 (0.4129)  loss_bbox_dn_2: 0.0380 (0.0504)  loss_giou_dn_2: 0.4458 (0.5259)  loss_class_dn_3: 0.3992 (0.4075)  loss_bbox_dn_3: 0.0388 (0.0502)  loss_giou_dn_3: 0.4440 (0.5241)  loss_class_dn_4: 0.3972 (0.4059)  loss_bbox_dn_4: 0.0388 (0.0500)  loss_giou_dn_4: 0.4436 (0.5235)  loss_position: 0.3119 (0.3123)  loss_class_hybrid: 0.6101 (0.5539)  loss_bbox_hybrid: 0.0497 (0.0764)  loss_giou_hybrid: 0.5232 (0.6649)  loss_class_0_hybrid: 0.6292 (0.5747)  loss_bbox_0_hybrid: 0.0563 (0.0859)  loss_giou_0_hybrid: 0.5457 (0.7087)  loss_class_1_hybrid: 0.6082 (0.5627)  loss_bbox_1_hybrid: 0.0527 (0.0796)  loss_giou_1_hybrid: 0.5187 (0.6782)  loss_class_2_hybrid: 0.6069 (0.5567)  loss_bbox_2_hybrid: 0.0505 (0.0779)  loss_giou_2_hybrid: 0.5191 (0.6687)  loss_class_3_hybrid: 0.6069 (0.5542)  loss_bbox_3_hybrid: 0.0499 (0.0769)  loss_giou_3_hybrid: 0.5205 (0.6655)  loss_class_4_hybrid: 0.6079 (0.5535)  loss_bbox_4_hybrid: 0.0499 (0.0764)  loss_giou_4_hybrid: 0.5277 (0.6651)  loss_class_enc_hybrid: 0.5831 (0.5442)  loss_bbox_enc_hybrid: 0.0815 (0.1102)  loss_giou_enc_hybrid: 0.6792 (0.8443)  mem: 792  max mem: 6090
[2026-08-04 16:28:00 accelerate.tracking]: [RANK 0] Successfully logged to TensorBoard
[2026-08-04 16:28:22 det.util.engine]: Epoch: [12]  [6100/6471]  eta: 0:02:33  lr: 0.000010  data_time: 0.0010  iter_time: 0.3921  loss: 25.3531 (24.5821)  loss_class: 0.5583 (0.5738)  loss_bbox: 0.0460 (0.0548)  loss_giou: 0.5914 (0.5643)  loss_class_0: 0.6820 (0.7113)  loss_bbox_0: 0.0515 (0.0578)  loss_giou_0: 0.6056 (0.5794)  loss_class_1: 0.5918 (0.6109)  loss_bbox_1: 0.0424 (0.0557)  loss_giou_1: 0.6118 (0.5684)  loss_class_2: 0.5806 (0.5883)  loss_bbox_2: 0.0407 (0.0550)  loss_giou_2: 0.6033 (0.5647)  loss_class_3: 0.5677 (0.5795)  loss_bbox_3: 0.0453 (0.0549)  loss_giou_3: 0.5844 (0.5639)  loss_class_4: 0.5596 (0.5758)  loss_bbox_4: 0.0459 (0.0547)  loss_giou_4: 0.5914 (0.5640)  loss_class_enc: 0.6443 (0.6703)  loss_bbox_enc: 0.0622 (0.0712)  loss_giou_enc: 0.6993 (0.6517)  loss_class_dn: 0.4136 (0.4057)  loss_bbox_dn: 0.0418 (0.0500)  loss_giou_dn: 0.5520 (0.5236)  loss_class_dn_0: 0.4651 (0.4763)  loss_bbox_dn_0: 0.0521 (0.0665)  loss_giou_dn_0: 0.6341 (0.6239)  loss_class_dn_1: 0.4359 (0.4298)  loss_bbox_dn_1: 0.0430 (0.0530)  loss_giou_dn_1: 0.5631 (0.5418)  loss_class_dn_2: 0.4179 (0.4129)  loss_bbox_dn_2: 0.0409 (0.0504)  loss_giou_dn_2: 0.5504 (0.5259)  loss_class_dn_3: 0.4183 (0.4075)  loss_bbox_dn_3: 0.0413 (0.0502)  loss_giou_dn_3: 0.5482 (0.5241)  loss_class_dn_4: 0.4124 (0.4059)  loss_bbox_dn_4: 0.0418 (0.0500)  loss_giou_dn_4: 0.5525 (0.5235)  loss_position: 0.3024 (0.3122)  loss_class_hybrid: 0.5449 (0.5538)  loss_bbox_hybrid: 0.0546 (0.0764)  loss_giou_hybrid: 0.7329 (0.6649)  loss_class_0_hybrid: 0.5528 (0.5747)  loss_bbox_0_hybrid: 0.0672 (0.0860)  loss_giou_0_hybrid: 0.7783 (0.7087)  loss_class_1_hybrid: 0.5491 (0.5627)  loss_bbox_1_hybrid: 0.0595 (0.0796)  loss_giou_1_hybrid: 0.7365 (0.6782)  loss_class_2_hybrid: 0.5403 (0.5566)  loss_bbox_2_hybrid: 0.0552 (0.0779)  loss_giou_2_hybrid: 0.7248 (0.6686)  loss_class_3_hybrid: 0.5400 (0.5542)  loss_bbox_3_hybrid: 0.0552 (0.0769)  loss_giou_3_hybrid: 0.7232 (0.6655)  loss_class_4_hybrid: 0.5432 (0.5535)  loss_bbox_4_hybrid: 0.0547 (0.0764)  loss_giou_4_hybrid: 0.7307 (0.6650)  loss_class_enc_hybrid: 0.5189 (0.5442)  loss_bbox_enc_hybrid: 0.0921 (0.1103)  loss_giou_enc_hybrid: 0.9371 (0.8444)  mem: 785  max mem: 6090
[2026-08-04 16:28:22 accelerate.tracking]: [RANK 0] Successfully logged to TensorBoard
[2026-08-04 16:28:40 det.util.engine]: Epoch: [12]  [6150/6471]  eta: 0:02:12  lr: 0.000010  data_time: 0.0011  iter_time: 0.3633  loss: 21.5135 (24.5768)  loss_class: 0.5517 (0.5738)  loss_bbox: 0.0374 (0.0547)  loss_giou: 0.4503 (0.5641)  loss_class_0: 0.6863 (0.7115)  loss_bbox_0: 0.0446 (0.0578)  loss_giou_0: 0.4656 (0.5792)  loss_class_1: 0.5757 (0.6109)  loss_bbox_1: 0.0387 (0.0556)  loss_giou_1: 0.4675 (0.5682)  loss_class_2: 0.5559 (0.5883)  loss_bbox_2: 0.0393 (0.0549)  loss_giou_2: 0.4521 (0.5644)  loss_class_3: 0.5444 (0.5795)  loss_bbox_3: 0.0376 (0.0548)  loss_giou_3: 0.4516 (0.5637)  loss_class_4: 0.5471 (0.5757)  loss_bbox_4: 0.0373 (0.0547)  loss_giou_4: 0.4501 (0.5638)  loss_class_enc: 0.6103 (0.6705)  loss_bbox_enc: 0.0547 (0.0712)  loss_giou_enc: 0.5774 (0.6516)  loss_class_dn: 0.3871 (0.4057)  loss_bbox_dn: 0.0353 (0.0500)  loss_giou_dn: 0.4074 (0.5234)  loss_class_dn_0: 0.4648 (0.4763)  loss_bbox_dn_0: 0.0507 (0.0665)  loss_giou_dn_0: 0.5272 (0.6238)  loss_class_dn_1: 0.4107 (0.4298)  loss_bbox_dn_1: 0.0408 (0.0530)  loss_giou_dn_1: 0.4187 (0.5417)  loss_class_dn_2: 0.3963 (0.4129)  loss_bbox_dn_2: 0.0384 (0.0504)  loss_giou_dn_2: 0.4100 (0.5258)  loss_class_dn_3: 0.3911 (0.4074)  loss_bbox_dn_3: 0.0357 (0.0501)  loss_giou_dn_3: 0.4099 (0.5239)  loss_class_dn_4: 0.3894 (0.4058)  loss_bbox_dn_4: 0.0352 (0.0500)  loss_giou_dn_4: 0.4073 (0.5234)  loss_position: 0.2508 (0.3122)  loss_class_hybrid: 0.5192 (0.5539)  loss_bbox_hybrid: 0.0422 (0.0763)  loss_giou_hybrid: 0.5514 (0.6645)  loss_class_0_hybrid: 0.5420 (0.5747)  loss_bbox_0_hybrid: 0.0515 (0.0859)  loss_giou_0_hybrid: 0.5740 (0.7084)  loss_class_1_hybrid: 0.5262 (0.5627)  loss_bbox_1_hybrid: 0.0477 (0.0795)  loss_giou_1_hybrid: 0.5587 (0.6778)  loss_class_2_hybrid: 0.5221 (0.5567)  loss_bbox_2_hybrid: 0.0464 (0.0778)  loss_giou_2_hybrid: 0.5564 (0.6682)  loss_class_3_hybrid: 0.5190 (0.5542)  loss_bbox_3_hybrid: 0.0452 (0.0768)  loss_giou_3_hybrid: 0.5534 (0.6651)  loss_class_4_hybrid: 0.5208 (0.5535)  loss_bbox_4_hybrid: 0.0430 (0.0763)  loss_giou_4_hybrid: 0.5518 (0.6647)  loss_class_enc_hybrid: 0.5170 (0.5442)  loss_bbox_enc_hybrid: 0.0828 (0.1102)  loss_giou_enc_hybrid: 0.6913 (0.8441)  mem: 793  max mem: 6090
[2026-08-04 16:28:40 accelerate.tracking]: [RANK 0] Successfully logged to TensorBoard
[2026-08-04 16:29:00 det.util.engine]: Epoch: [12]  [6200/6471]  eta: 0:01:51  lr: 0.000010  data_time: 0.0010  iter_time: 0.4454  loss: 25.0272 (24.5820)  loss_class: 0.5844 (0.5740)  loss_bbox: 0.0508 (0.0547)  loss_giou: 0.6077 (0.5643)  loss_class_0: 0.6984 (0.7115)  loss_bbox_0: 0.0530 (0.0578)  loss_giou_0: 0.6009 (0.5794)  loss_class_1: 0.6062 (0.6111)  loss_bbox_1: 0.0501 (0.0556)  loss_giou_1: 0.6068 (0.5683)  loss_class_2: 0.5892 (0.5885)  loss_bbox_2: 0.0503 (0.0549)  loss_giou_2: 0.6063 (0.5647)  loss_class_3: 0.5763 (0.5797)  loss_bbox_3: 0.0519 (0.0548)  loss_giou_3: 0.6080 (0.5639)  loss_class_4: 0.5862 (0.5759)  loss_bbox_4: 0.0508 (0.0547)  loss_giou_4: 0.6077 (0.5640)  loss_class_enc: 0.6758 (0.6705)  loss_bbox_enc: 0.0650 (0.0711)  loss_giou_enc: 0.6783 (0.6518)  loss_class_dn: 0.4297 (0.4057)  loss_bbox_dn: 0.0443 (0.0500)  loss_giou_dn: 0.5599 (0.5236)  loss_class_dn_0: 0.4910 (0.4763)  loss_bbox_dn_0: 0.0600 (0.0665)  loss_giou_dn_0: 0.6607 (0.6239)  loss_class_dn_1: 0.4585 (0.4298)  loss_bbox_dn_1: 0.0449 (0.0530)  loss_giou_dn_1: 0.5681 (0.5418)  loss_class_dn_2: 0.4440 (0.4129)  loss_bbox_dn_2: 0.0443 (0.0504)  loss_giou_dn_2: 0.5529 (0.5259)  loss_class_dn_3: 0.4325 (0.4075)  loss_bbox_dn_3: 0.0442 (0.0501)  loss_giou_dn_3: 0.5591 (0.5241)  loss_class_dn_4: 0.4308 (0.4059)  loss_bbox_dn_4: 0.0443 (0.0500)  loss_giou_dn_4: 0.5595 (0.5236)  loss_position: 0.2878 (0.3123)  loss_class_hybrid: 0.5759 (0.5540)  loss_bbox_hybrid: 0.0652 (0.0762)  loss_giou_hybrid: 0.6398 (0.6647)  loss_class_0_hybrid: 0.5616 (0.5747)  loss_bbox_0_hybrid: 0.0687 (0.0858)  loss_giou_0_hybrid: 0.6833 (0.7086)  loss_class_1_hybrid: 0.5584 (0.5628)  loss_bbox_1_hybrid: 0.0657 (0.0795)  loss_giou_1_hybrid: 0.6584 (0.6780)  loss_class_2_hybrid: 0.5608 (0.5567)  loss_bbox_2_hybrid: 0.0634 (0.0777)  loss_giou_2_hybrid: 0.6448 (0.6684)  loss_class_3_hybrid: 0.5550 (0.5543)  loss_bbox_3_hybrid: 0.0626 (0.0768)  loss_giou_3_hybrid: 0.6445 (0.6653)  loss_class_4_hybrid: 0.5759 (0.5536)  loss_bbox_4_hybrid: 0.0660 (0.0763)  loss_giou_4_hybrid: 0.6432 (0.6649)  loss_class_enc_hybrid: 0.5532 (0.5442)  loss_bbox_enc_hybrid: 0.0977 (0.1102)  loss_giou_enc_hybrid: 0.8539 (0.8445)  mem: 795  max mem: 6090
[2026-08-04 16:29:00 accelerate.tracking]: [RANK 0] Successfully logged to TensorBoard
[2026-08-04 16:29:20 det.util.engine]: Epoch: [12]  [6250/6471]  eta: 0:01:31  lr: 0.000010  data_time: 0.0010  iter_time: 0.4309  loss: 25.6054 (24.5777)  loss_class: 0.5914 (0.5740)  loss_bbox: 0.0463 (0.0547)  loss_giou: 0.4761 (0.5640)  loss_class_0: 0.7544 (0.7116)  loss_bbox_0: 0.0513 (0.0578)  loss_giou_0: 0.5053 (0.5792)  loss_class_1: 0.6400 (0.6111)  loss_bbox_1: 0.0493 (0.0556)  loss_giou_1: 0.4817 (0.5681)  loss_class_2: 0.5962 (0.5885)  loss_bbox_2: 0.0479 (0.0549)  loss_giou_2: 0.4830 (0.5644)  loss_class_3: 0.5859 (0.5797)  loss_bbox_3: 0.0467 (0.0548)  loss_giou_3: 0.4781 (0.5637)  loss_class_4: 0.5819 (0.5760)  loss_bbox_4: 0.0463 (0.0546)  loss_giou_4: 0.4800 (0.5638)  loss_class_enc: 0.6955 (0.6705)  loss_bbox_enc: 0.0620 (0.0711)  loss_giou_enc: 0.5671 (0.6516)  loss_class_dn: 0.4184 (0.4057)  loss_bbox_dn: 0.0441 (0.0500)  loss_giou_dn: 0.4935 (0.5235)  loss_class_dn_0: 0.4761 (0.4763)  loss_bbox_dn_0: 0.0620 (0.0665)  loss_giou_dn_0: 0.6150 (0.6238)  loss_class_dn_1: 0.4425 (0.4298)  loss_bbox_dn_1: 0.0458 (0.0529)  loss_giou_dn_1: 0.5146 (0.5417)  loss_class_dn_2: 0.4304 (0.4129)  loss_bbox_dn_2: 0.0436 (0.0504)  loss_giou_dn_2: 0.4997 (0.5258)  loss_class_dn_3: 0.4230 (0.4075)  loss_bbox_dn_3: 0.0441 (0.0501)  loss_giou_dn_3: 0.4972 (0.5240)  loss_class_dn_4: 0.4191 (0.4058)  loss_bbox_dn_4: 0.0442 (0.0500)  loss_giou_dn_4: 0.4935 (0.5234)  loss_position: 0.2762 (0.3121)  loss_class_hybrid: 0.5639 (0.5541)  loss_bbox_hybrid: 0.0590 (0.0762)  loss_giou_hybrid: 0.4994 (0.6645)  loss_class_0_hybrid: 0.5892 (0.5748)  loss_bbox_0_hybrid: 0.0693 (0.0858)  loss_giou_0_hybrid: 0.5407 (0.7084)  loss_class_1_hybrid: 0.5723 (0.5629)  loss_bbox_1_hybrid: 0.0602 (0.0795)  loss_giou_1_hybrid: 0.5087 (0.6778)  loss_class_2_hybrid: 0.5574 (0.5568)  loss_bbox_2_hybrid: 0.0580 (0.0777)  loss_giou_2_hybrid: 0.5024 (0.6682)  loss_class_3_hybrid: 0.5574 (0.5544)  loss_bbox_3_hybrid: 0.0583 (0.0767)  loss_giou_3_hybrid: 0.4987 (0.6651)  loss_class_4_hybrid: 0.5620 (0.5537)  loss_bbox_4_hybrid: 0.0590 (0.0762)  loss_giou_4_hybrid: 0.4990 (0.6646)  loss_class_enc_hybrid: 0.6055 (0.5442)  loss_bbox_enc_hybrid: 0.0926 (0.1102)  loss_giou_enc_hybrid: 0.6428 (0.8442)  mem: 793  max mem: 6090
[2026-08-04 16:29:20 accelerate.tracking]: [RANK 0] Successfully logged to TensorBoard
[2026-08-04 16:29:39 det.util.engine]: Epoch: [12]  [6300/6471]  eta: 0:01:10  lr: 0.000010  data_time: 0.0010  iter_time: 0.3705  loss: 24.4244 (24.5725)  loss_class: 0.6013 (0.5742)  loss_bbox: 0.0438 (0.0547)  loss_giou: 0.5149 (0.5637)  loss_class_0: 0.7175 (0.7118)  loss_bbox_0: 0.0467 (0.0577)  loss_giou_0: 0.5040 (0.5788)  loss_class_1: 0.6458 (0.6113)  loss_bbox_1: 0.0449 (0.0555)  loss_giou_1: 0.5081 (0.5677)  loss_class_2: 0.6141 (0.5886)  loss_bbox_2: 0.0440 (0.0548)  loss_giou_2: 0.5288 (0.5641)  loss_class_3: 0.6020 (0.5799)  loss_bbox_3: 0.0428 (0.0547)  loss_giou_3: 0.4848 (0.5633)  loss_class_4: 0.6013 (0.5762)  loss_bbox_4: 0.0429 (0.0546)  loss_giou_4: 0.4857 (0.5634)  loss_class_enc: 0.6944 (0.6707)  loss_bbox_enc: 0.0592 (0.0711)  loss_giou_enc: 0.5902 (0.6511)  loss_class_dn: 0.4137 (0.4058)  loss_bbox_dn: 0.0440 (0.0500)  loss_giou_dn: 0.4836 (0.5232)  loss_class_dn_0: 0.4759 (0.4764)  loss_bbox_dn_0: 0.0530 (0.0664)  loss_giou_dn_0: 0.5987 (0.6235)  loss_class_dn_1: 0.4394 (0.4299)  loss_bbox_dn_1: 0.0438 (0.0529)  loss_giou_dn_1: 0.5168 (0.5415)  loss_class_dn_2: 0.4271 (0.4129)  loss_bbox_dn_2: 0.0436 (0.0504)  loss_giou_dn_2: 0.4880 (0.5256)  loss_class_dn_3: 0.4219 (0.4075)  loss_bbox_dn_3: 0.0437 (0.0501)  loss_giou_dn_3: 0.4851 (0.5237)  loss_class_dn_4: 0.4150 (0.4059)  loss_bbox_dn_4: 0.0440 (0.0500)  loss_giou_dn_4: 0.4836 (0.5232)  loss_position: 0.2672 (0.3120)  loss_class_hybrid: 0.5856 (0.5543)  loss_bbox_hybrid: 0.0562 (0.0762)  loss_giou_hybrid: 0.5967 (0.6640)  loss_class_0_hybrid: 0.5844 (0.5750)  loss_bbox_0_hybrid: 0.0604 (0.0857)  loss_giou_0_hybrid: 0.6242 (0.7079)  loss_class_1_hybrid: 0.6024 (0.5631)  loss_bbox_1_hybrid: 0.0564 (0.0794)  loss_giou_1_hybrid: 0.5886 (0.6774)  loss_class_2_hybrid: 0.5793 (0.5570)  loss_bbox_2_hybrid: 0.0552 (0.0777)  loss_giou_2_hybrid: 0.5888 (0.6678)  loss_class_3_hybrid: 0.5843 (0.5546)  loss_bbox_3_hybrid: 0.0558 (0.0767)  loss_giou_3_hybrid: 0.5867 (0.6646)  loss_class_4_hybrid: 0.5803 (0.5539)  loss_bbox_4_hybrid: 0.0563 (0.0762)  loss_giou_4_hybrid: 0.5905 (0.6642)  loss_class_enc_hybrid: 0.5669 (0.5444)  loss_bbox_enc_hybrid: 0.0817 (0.1101)  loss_giou_enc_hybrid: 0.7519 (0.8438)  mem: 786  max mem: 6090
[2026-08-04 16:29:39 accelerate.tracking]: [RANK 0] Successfully logged to TensorBoard
[2026-08-04 16:29:56 det.util.engine]: Epoch: [12]  [6350/6471]  eta: 0:00:49  lr: 0.000010  data_time: 0.0010  iter_time: 0.3464  loss: 21.8001 (24.5687)  loss_class: 0.5430 (0.5743)  loss_bbox: 0.0565 (0.0547)  loss_giou: 0.4800 (0.5634)  loss_class_0: 0.6876 (0.7120)  loss_bbox_0: 0.0584 (0.0578)  loss_giou_0: 0.5077 (0.5785)  loss_class_1: 0.5968 (0.6115)  loss_bbox_1: 0.0538 (0.0555)  loss_giou_1: 0.5046 (0.5674)  loss_class_2: 0.5651 (0.5889)  loss_bbox_2: 0.0566 (0.0548)  loss_giou_2: 0.4690 (0.5638)  loss_class_3: 0.5628 (0.5801)  loss_bbox_3: 0.0569 (0.0547)  loss_giou_3: 0.4838 (0.5630)  loss_class_4: 0.5436 (0.5763)  loss_bbox_4: 0.0568 (0.0546)  loss_giou_4: 0.4709 (0.5631)  loss_class_enc: 0.7044 (0.6709)  loss_bbox_enc: 0.0667 (0.0711)  loss_giou_enc: 0.5743 (0.6509)  loss_class_dn: 0.3847 (0.4057)  loss_bbox_dn: 0.0464 (0.0500)  loss_giou_dn: 0.4592 (0.5230)  loss_class_dn_0: 0.4850 (0.4765)  loss_bbox_dn_0: 0.0608 (0.0665)  loss_giou_dn_0: 0.5600 (0.6234)  loss_class_dn_1: 0.4200 (0.4299)  loss_bbox_dn_1: 0.0481 (0.0530)  loss_giou_dn_1: 0.4715 (0.5413)  loss_class_dn_2: 0.4016 (0.4129)  loss_bbox_dn_2: 0.0451 (0.0504)  loss_giou_dn_2: 0.4645 (0.5254)  loss_class_dn_3: 0.3850 (0.4075)  loss_bbox_dn_3: 0.0461 (0.0501)  loss_giou_dn_3: 0.4613 (0.5235)  loss_class_dn_4: 0.3824 (0.4059)  loss_bbox_dn_4: 0.0464 (0.0500)  loss_giou_dn_4: 0.4595 (0.5230)  loss_position: 0.2962 (0.3120)  loss_class_hybrid: 0.5625 (0.5545)  loss_bbox_hybrid: 0.0600 (0.0761)  loss_giou_hybrid: 0.4850 (0.6635)  loss_class_0_hybrid: 0.5954 (0.5752)  loss_bbox_0_hybrid: 0.0622 (0.0857)  loss_giou_0_hybrid: 0.5282 (0.7074)  loss_class_1_hybrid: 0.5663 (0.5634)  loss_bbox_1_hybrid: 0.0597 (0.0793)  loss_giou_1_hybrid: 0.4980 (0.6768)  loss_class_2_hybrid: 0.5629 (0.5573)  loss_bbox_2_hybrid: 0.0623 (0.0776)  loss_giou_2_hybrid: 0.4896 (0.6672)  loss_class_3_hybrid: 0.5605 (0.5548)  loss_bbox_3_hybrid: 0.0609 (0.0766)  loss_giou_3_hybrid: 0.4885 (0.6641)  loss_class_4_hybrid: 0.5524 (0.5542)  loss_bbox_4_hybrid: 0.0598 (0.0761)  loss_giou_4_hybrid: 0.4855 (0.6636)  loss_class_enc_hybrid: 0.6046 (0.5447)  loss_bbox_enc_hybrid: 0.0914 (0.1100)  loss_giou_enc_hybrid: 0.6479 (0.8433)  mem: 792  max mem: 6090
[2026-08-04 16:29:56 accelerate.tracking]: [RANK 0] Successfully logged to TensorBoard
[2026-08-04 16:30:23 det.util.engine]: Epoch: [12]  [6400/6471]  eta: 0:00:29  lr: 0.000010  data_time: 0.0010  iter_time: 0.7256  loss: 24.1356 (24.5726)  loss_class: 0.5445 (0.5744)  loss_bbox: 0.0462 (0.0547)  loss_giou: 0.5148 (0.5635)  loss_class_0: 0.6834 (0.7120)  loss_bbox_0: 0.0549 (0.0578)  loss_giou_0: 0.5225 (0.5787)  loss_class_1: 0.6049 (0.6116)  loss_bbox_1: 0.0488 (0.0555)  loss_giou_1: 0.5197 (0.5676)  loss_class_2: 0.5718 (0.5889)  loss_bbox_2: 0.0459 (0.0548)  loss_giou_2: 0.5042 (0.5640)  loss_class_3: 0.5488 (0.5801)  loss_bbox_3: 0.0470 (0.0548)  loss_giou_3: 0.5124 (0.5632)  loss_class_4: 0.5516 (0.5764)  loss_bbox_4: 0.0462 (0.0546)  loss_giou_4: 0.5145 (0.5633)  loss_class_enc: 0.6594 (0.6709)  loss_bbox_enc: 0.0604 (0.0711)  loss_giou_enc: 0.5717 (0.6511)  loss_class_dn: 0.4168 (0.4058)  loss_bbox_dn: 0.0402 (0.0500)  loss_giou_dn: 0.5084 (0.5231)  loss_class_dn_0: 0.4760 (0.4765)  loss_bbox_dn_0: 0.0496 (0.0665)  loss_giou_dn_0: 0.6320 (0.6234)  loss_class_dn_1: 0.4408 (0.4299)  loss_bbox_dn_1: 0.0413 (0.0530)  loss_giou_dn_1: 0.5424 (0.5414)  loss_class_dn_2: 0.4201 (0.4130)  loss_bbox_dn_2: 0.0400 (0.0504)  loss_giou_dn_2: 0.5100 (0.5255)  loss_class_dn_3: 0.4188 (0.4076)  loss_bbox_dn_3: 0.0402 (0.0501)  loss_giou_dn_3: 0.5085 (0.5236)  loss_class_dn_4: 0.4175 (0.4059)  loss_bbox_dn_4: 0.0402 (0.0500)  loss_giou_dn_4: 0.5081 (0.5231)  loss_position: 0.2797 (0.3120)  loss_class_hybrid: 0.5301 (0.5546)  loss_bbox_hybrid: 0.0534 (0.0761)  loss_giou_hybrid: 0.5510 (0.6637)  loss_class_0_hybrid: 0.5429 (0.5752)  loss_bbox_0_hybrid: 0.0587 (0.0857)  loss_giou_0_hybrid: 0.5883 (0.7075)  loss_class_1_hybrid: 0.5400 (0.5634)  loss_bbox_1_hybrid: 0.0538 (0.0794)  loss_giou_1_hybrid: 0.5632 (0.6770)  loss_class_2_hybrid: 0.5410 (0.5573)  loss_bbox_2_hybrid: 0.0554 (0.0776)  loss_giou_2_hybrid: 0.5538 (0.6674)  loss_class_3_hybrid: 0.5362 (0.5549)  loss_bbox_3_hybrid: 0.0525 (0.0766)  loss_giou_3_hybrid: 0.5492 (0.6643)  loss_class_4_hybrid: 0.5248 (0.5542)  loss_bbox_4_hybrid: 0.0542 (0.0762)  loss_giou_4_hybrid: 0.5510 (0.6638)  loss_class_enc_hybrid: 0.5261 (0.5447)  loss_bbox_enc_hybrid: 0.0869 (0.1100)  loss_giou_enc_hybrid: 0.7036 (0.8434)  mem: 792  max mem: 6090
[2026-08-04 16:30:23 accelerate.tracking]: [RANK 0] Successfully logged to TensorBoard
[2026-08-04 16:30:41 det.util.engine]: Epoch: [12]  [6450/6471]  eta: 0:00:08  lr: 0.000010  data_time: 0.0010  iter_time: 0.3765  loss: 23.0174 (24.5708)  loss_class: 0.5316 (0.5744)  loss_bbox: 0.0501 (0.0547)  loss_giou: 0.5394 (0.5635)  loss_class_0: 0.6412 (0.7119)  loss_bbox_0: 0.0547 (0.0578)  loss_giou_0: 0.5571 (0.5787)  loss_class_1: 0.5601 (0.6115)  loss_bbox_1: 0.0532 (0.0556)  loss_giou_1: 0.5145 (0.5676)  loss_class_2: 0.5464 (0.5889)  loss_bbox_2: 0.0511 (0.0549)  loss_giou_2: 0.5267 (0.5640)  loss_class_3: 0.5395 (0.5801)  loss_bbox_3: 0.0506 (0.0548)  loss_giou_3: 0.5350 (0.5632)  loss_class_4: 0.5296 (0.5764)  loss_bbox_4: 0.0499 (0.0546)  loss_giou_4: 0.5388 (0.5632)  loss_class_enc: 0.6214 (0.6709)  loss_bbox_enc: 0.0614 (0.0711)  loss_giou_enc: 0.6800 (0.6510)  loss_class_dn: 0.4070 (0.4058)  loss_bbox_dn: 0.0440 (0.0500)  loss_giou_dn: 0.5051 (0.5231)  loss_class_dn_0: 0.4776 (0.4765)  loss_bbox_dn_0: 0.0509 (0.0665)  loss_giou_dn_0: 0.5965 (0.6234)  loss_class_dn_1: 0.4228 (0.4299)  loss_bbox_dn_1: 0.0446 (0.0530)  loss_giou_dn_1: 0.5221 (0.5413)  loss_class_dn_2: 0.4097 (0.4130)  loss_bbox_dn_2: 0.0439 (0.0504)  loss_giou_dn_2: 0.5069 (0.5255)  loss_class_dn_3: 0.4066 (0.4076)  loss_bbox_dn_3: 0.0439 (0.0501)  loss_giou_dn_3: 0.5048 (0.5236)  loss_class_dn_4: 0.4065 (0.4060)  loss_bbox_dn_4: 0.0440 (0.0500)  loss_giou_dn_4: 0.5052 (0.5230)  loss_position: 0.2737 (0.3119)  loss_class_hybrid: 0.5081 (0.5546)  loss_bbox_hybrid: 0.0677 (0.0761)  loss_giou_hybrid: 0.5888 (0.6635)  loss_class_0_hybrid: 0.5232 (0.5752)  loss_bbox_0_hybrid: 0.0788 (0.0857)  loss_giou_0_hybrid: 0.6246 (0.7074)  loss_class_1_hybrid: 0.5235 (0.5634)  loss_bbox_1_hybrid: 0.0723 (0.0793)  loss_giou_1_hybrid: 0.5955 (0.6768)  loss_class_2_hybrid: 0.5217 (0.5573)  loss_bbox_2_hybrid: 0.0687 (0.0776)  loss_giou_2_hybrid: 0.5915 (0.6672)  loss_class_3_hybrid: 0.5055 (0.5549)  loss_bbox_3_hybrid: 0.0694 (0.0766)  loss_giou_3_hybrid: 0.5833 (0.6641)  loss_class_4_hybrid: 0.5065 (0.5542)  loss_bbox_4_hybrid: 0.0681 (0.0761)  loss_giou_4_hybrid: 0.5900 (0.6636)  loss_class_enc_hybrid: 0.5118 (0.5447)  loss_bbox_enc_hybrid: 0.1041 (0.1100)  loss_giou_enc_hybrid: 0.8137 (0.8432)  mem: 792  max mem: 6090
[2026-08-04 16:30:41 accelerate.tracking]: [RANK 0] Successfully logged to TensorBoard
[2026-08-04 16:30:49 det.util.engine]: Averaged stats: lr: 0.000010  data_time: 0.0010  iter_time: 0.3815  loss: 24.6262 (24.5715)  loss_class: 0.5744 (0.5744)  loss_bbox: 0.0401 (0.0547)  loss_giou: 0.5693 (0.5636)  loss_class_0: 0.6826 (0.7118)  loss_bbox_0: 0.0447 (0.0577)  loss_giou_0: 0.5366 (0.5788)  loss_class_1: 0.6067 (0.6114)  loss_bbox_1: 0.0453 (0.0555)  loss_giou_1: 0.5704 (0.5677)  loss_class_2: 0.5915 (0.5888)  loss_bbox_2: 0.0449 (0.0548)  loss_giou_2: 0.5581 (0.5641)  loss_class_3: 0.5788 (0.5801)  loss_bbox_3: 0.0403 (0.0547)  loss_giou_3: 0.5617 (0.5633)  loss_class_4: 0.5732 (0.5763)  loss_bbox_4: 0.0402 (0.0546)  loss_giou_4: 0.5694 (0.5633)  loss_class_enc: 0.6320 (0.6709)  loss_bbox_enc: 0.0534 (0.0710)  loss_giou_enc: 0.6138 (0.6511)  loss_class_dn: 0.4092 (0.4058)  loss_bbox_dn: 0.0355 (0.0500)  loss_giou_dn: 0.5286 (0.5232)  loss_class_dn_0: 0.4708 (0.4765)  loss_bbox_dn_0: 0.0450 (0.0664)  loss_giou_dn_0: 0.6460 (0.6234)  loss_class_dn_1: 0.4345 (0.4299)  loss_bbox_dn_1: 0.0378 (0.0529)  loss_giou_dn_1: 0.5644 (0.5414)  loss_class_dn_2: 0.4157 (0.4130)  loss_bbox_dn_2: 0.0356 (0.0504)  loss_giou_dn_2: 0.5395 (0.5255)  loss_class_dn_3: 0.4108 (0.4076)  loss_bbox_dn_3: 0.0356 (0.0501)  loss_giou_dn_3: 0.5316 (0.5236)  loss_class_dn_4: 0.4099 (0.4060)  loss_bbox_dn_4: 0.0355 (0.0500)  loss_giou_dn_4: 0.5286 (0.5231)  loss_position: 0.3039 (0.3121)  loss_class_hybrid: 0.5254 (0.5545)  loss_bbox_hybrid: 0.0568 (0.0761)  loss_giou_hybrid: 0.6422 (0.6637)  loss_class_0_hybrid: 0.5565 (0.5752)  loss_bbox_0_hybrid: 0.0611 (0.0856)  loss_giou_0_hybrid: 0.6682 (0.7075)  loss_class_1_hybrid: 0.5522 (0.5634)  loss_bbox_1_hybrid: 0.0572 (0.0793)  loss_giou_1_hybrid: 0.6568 (0.6770)  loss_class_2_hybrid: 0.5405 (0.5572)  loss_bbox_2_hybrid: 0.0574 (0.0776)  loss_giou_2_hybrid: 0.6468 (0.6674)  loss_class_3_hybrid: 0.5288 (0.5548)  loss_bbox_3_hybrid: 0.0568 (0.0766)  loss_giou_3_hybrid: 0.6402 (0.6643)  loss_class_4_hybrid: 0.5280 (0.5541)  loss_bbox_4_hybrid: 0.0568 (0.0761)  loss_giou_4_hybrid: 0.6412 (0.6638)  loss_class_enc_hybrid: 0.5498 (0.5447)  loss_bbox_enc_hybrid: 0.0780 (0.1099)  loss_giou_enc_hybrid: 0.8245 (0.8433)
WARNING [2026-08-04 16:30:49 accelerate.accelerator]: [RANK 0] Deleting 1 checkpoints to make room for new checkpoint.
[2026-08-04 16:30:49 accelerate.accelerator]: [RANK 0] Saving current state to /workspace/ASR-Position-DETR/output_position_detr_saliency_all_k3_original/checkpoints/checkpoint_12
[2026-08-04 16:30:49 accelerate.checkpointing]: [RANK 0] Model weights saved in /workspace/ASR-Position-DETR/output_position_detr_saliency_all_k3_original/checkpoints/checkpoint_12/pytorch_model.bin
[2026-08-04 16:30:49 accelerate.checkpointing]: [RANK 0] Optimizer state saved in /workspace/ASR-Position-DETR/output_position_detr_saliency_all_k3_original/checkpoints/checkpoint_12/optimizer.bin
[2026-08-04 16:30:49 accelerate.checkpointing]: [RANK 0] Scheduler state saved in /workspace/ASR-Position-DETR/output_position_detr_saliency_all_k3_original/checkpoints/checkpoint_12/scheduler.bin
[2026-08-04 16:30:49 accelerate.checkpointing]: [RANK 0] Sampler state for dataloader 0 saved in /workspace/ASR-Position-DETR/output_position_detr_saliency_all_k3_original/checkpoints/checkpoint_12/sampler.bin
[2026-08-04 16:30:49 accelerate.checkpointing]: [RANK 0] Sampler state for dataloader 1 saved in /workspace/ASR-Position-DETR/output_position_detr_saliency_all_k3_original/checkpoints/checkpoint_12/sampler_1.bin
[2026-08-04 16:30:49 accelerate.checkpointing]: [RANK 0] Random states saved in /workspace/ASR-Position-DETR/output_position_detr_saliency_all_k3_original/checkpoints/checkpoint_12/random_states_0.pkl
[2026-08-04 16:30:49 det.__main__]: [RANK 0] Start evaluation
WARNING [2026-08-04 16:30:50 py.warnings]: /venv/main/lib/python3.12/site-packages/torch/utils/checkpoint.py:238: UserWarning: None of the inputs have requires_grad=True. Gradients will be None
  check_backward_validity(args)

[2026-08-04 16:30:50 det.util.utils]: Test:  [  0/548]  eta: 0:03:39  model_time: 0.0974 (0.0974)  evaluator_time: 0.1021 (0.1021)  time: 0.3998  data: 0.2000  mem: 782  max mem: 6090
[2026-08-04 16:30:52 det.util.utils]: Test:  [ 10/548]  eta: 0:01:37  model_time: 0.0671 (0.0699)  evaluator_time: 0.1021 (0.0913)  time: 0.1803  data: 0.0188  mem: 778  max mem: 6090
[2026-08-04 16:30:53 det.util.utils]: Test:  [ 20/548]  eta: 0:01:12  model_time: 0.0625 (0.0662)  evaluator_time: 0.0359 (0.0610)  time: 0.1243  data: 0.0005  mem: 778  max mem: 6090
[2026-08-04 16:30:53 det.util.utils]: Test:  [ 30/548]  eta: 0:01:01  model_time: 0.0621 (0.0656)  evaluator_time: 0.0175 (0.0461)  time: 0.0850  data: 0.0004  mem: 779  max mem: 6090
[2026-08-04 16:30:55 det.util.utils]: Test:  [ 40/548]  eta: 0:00:59  model_time: 0.0622 (0.0651)  evaluator_time: 0.0200 (0.0471)  time: 0.0971  data: 0.0004  mem: 779  max mem: 6090
[2026-08-04 16:30:56 det.util.utils]: Test:  [ 50/548]  eta: 0:01:01  model_time: 0.0635 (0.0649)  evaluator_time: 0.0513 (0.0538)  time: 0.1304  data: 0.0004  mem: 778  max mem: 6090
[2026-08-04 16:30:57 det.util.utils]: Test:  [ 60/548]  eta: 0:00:57  model_time: 0.0625 (0.0645)  evaluator_time: 0.0178 (0.0498)  time: 0.1193  data: 0.0005  mem: 779  max mem: 6090
[2026-08-04 16:30:58 det.util.utils]: Test:  [ 70/548]  eta: 0:00:56  model_time: 0.0617 (0.0642)  evaluator_time: 0.0178 (0.0512)  time: 0.1074  data: 0.0005  mem: 779  max mem: 6090
[2026-08-04 16:30:59 det.util.utils]: Test:  [ 80/548]  eta: 0:00:56  model_time: 0.0620 (0.0641)  evaluator_time: 0.0544 (0.0528)  time: 0.1255  data: 0.0005  mem: 778  max mem: 6090
[2026-08-04 16:31:01 det.util.utils]: Test:  [ 90/548]  eta: 0:00:55  model_time: 0.0619 (0.0639)  evaluator_time: 0.0614 (0.0547)  time: 0.1310  data: 0.0005  mem: 778  max mem: 6090
[2026-08-04 16:31:02 det.util.utils]: Test:  [100/548]  eta: 0:00:53  model_time: 0.0614 (0.0639)  evaluator_time: 0.0518 (0.0532)  time: 0.1184  data: 0.0004  mem: 782  max mem: 6090
[2026-08-04 16:31:03 det.util.utils]: Test:  [110/548]  eta: 0:00:52  model_time: 0.0614 (0.0637)  evaluator_time: 0.0501 (0.0546)  time: 0.1176  data: 0.0004  mem: 778  max mem: 6090
[2026-08-04 16:31:04 det.util.utils]: Test:  [120/548]  eta: 0:00:51  model_time: 0.0620 (0.0636)  evaluator_time: 0.0542 (0.0551)  time: 0.1281  data: 0.0004  mem: 779  max mem: 6090
[2026-08-04 16:31:06 det.util.utils]: Test:  [130/548]  eta: 0:00:51  model_time: 0.0624 (0.0636)  evaluator_time: 0.0661 (0.0581)  time: 0.1414  data: 0.0005  mem: 779  max mem: 6090
[2026-08-04 16:31:07 det.util.utils]: Test:  [140/548]  eta: 0:00:50  model_time: 0.0612 (0.0634)  evaluator_time: 0.0611 (0.0575)  time: 0.1346  data: 0.0005  mem: 778  max mem: 6090
[2026-08-04 16:31:08 det.util.utils]: Test:  [150/548]  eta: 0:00:48  model_time: 0.0611 (0.0633)  evaluator_time: 0.0425 (0.0560)  time: 0.1039  data: 0.0005  mem: 778  max mem: 6090
[2026-08-04 16:31:09 det.util.utils]: Test:  [160/548]  eta: 0:00:46  model_time: 0.0614 (0.0632)  evaluator_time: 0.0273 (0.0546)  time: 0.0966  data: 0.0004  mem: 778  max mem: 6090
[2026-08-04 16:31:10 det.util.utils]: Test:  [170/548]  eta: 0:00:45  model_time: 0.0610 (0.0631)  evaluator_time: 0.0464 (0.0561)  time: 0.1190  data: 0.0004  mem: 778  max mem: 6090
[2026-08-04 16:31:12 det.util.utils]: Test:  [180/548]  eta: 0:00:44  model_time: 0.0612 (0.0630)  evaluator_time: 0.0667 (0.0560)  time: 0.1291  data: 0.0004  mem: 778  max mem: 6090
[2026-08-04 16:31:13 det.util.utils]: Test:  [190/548]  eta: 0:00:43  model_time: 0.0612 (0.0630)  evaluator_time: 0.0553 (0.0568)  time: 0.1252  data: 0.0004  mem: 779  max mem: 6090
[2026-08-04 16:31:14 det.util.utils]: Test:  [200/548]  eta: 0:00:42  model_time: 0.0610 (0.0630)  evaluator_time: 0.0476 (0.0561)  time: 0.1208  data: 0.0005  mem: 779  max mem: 6090
[2026-08-04 16:31:15 det.util.utils]: Test:  [210/548]  eta: 0:00:41  model_time: 0.0614 (0.0630)  evaluator_time: 0.0497 (0.0572)  time: 0.1254  data: 0.0005  mem: 779  max mem: 6090
[2026-08-04 16:31:17 det.util.utils]: Test:  [220/548]  eta: 0:00:40  model_time: 0.0638 (0.0634)  evaluator_time: 0.0611 (0.0576)  time: 0.1413  data: 0.0005  mem: 779  max mem: 6090
[2026-08-04 16:31:18 det.util.utils]: Test:  [230/548]  eta: 0:00:38  model_time: 0.0648 (0.0635)  evaluator_time: 0.0426 (0.0567)  time: 0.1217  data: 0.0005  mem: 779  max mem: 6090
[2026-08-04 16:31:19 det.util.utils]: Test:  [240/548]  eta: 0:00:37  model_time: 0.0626 (0.0636)  evaluator_time: 0.0378 (0.0563)  time: 0.1074  data: 0.0005  mem: 779  max mem: 6090
[2026-08-04 16:31:20 det.util.utils]: Test:  [250/548]  eta: 0:00:36  model_time: 0.0609 (0.0635)  evaluator_time: 0.0592 (0.0560)  time: 0.1115  data: 0.0005  mem: 779  max mem: 6090
[2026-08-04 16:31:22 det.util.utils]: Test:  [260/548]  eta: 0:00:35  model_time: 0.0609 (0.0635)  evaluator_time: 0.0657 (0.0568)  time: 0.1265  data: 0.0006  mem: 779  max mem: 6090
[2026-08-04 16:31:23 det.util.utils]: Test:  [270/548]  eta: 0:00:34  model_time: 0.0612 (0.0634)  evaluator_time: 0.0727 (0.0578)  time: 0.1443  data: 0.0006  mem: 779  max mem: 6090
[2026-08-04 16:31:24 det.util.utils]: Test:  [280/548]  eta: 0:00:33  model_time: 0.0611 (0.0634)  evaluator_time: 0.0727 (0.0584)  time: 0.1422  data: 0.0005  mem: 779  max mem: 6090
[2026-08-04 16:31:25 det.util.utils]: Test:  [290/548]  eta: 0:00:31  model_time: 0.0613 (0.0633)  evaluator_time: 0.0508 (0.0577)  time: 0.1181  data: 0.0005  mem: 779  max mem: 6090
[2026-08-04 16:31:26 det.util.utils]: Test:  [300/548]  eta: 0:00:30  model_time: 0.0611 (0.0633)  evaluator_time: 0.0429 (0.0571)  time: 0.1011  data: 0.0005  mem: 779  max mem: 6090
[2026-08-04 16:31:27 det.util.utils]: Test:  [310/548]  eta: 0:00:28  model_time: 0.0609 (0.0632)  evaluator_time: 0.0360 (0.0565)  time: 0.1027  data: 0.0005  mem: 779  max mem: 6090
[2026-08-04 16:31:28 det.util.utils]: Test:  [320/548]  eta: 0:00:27  model_time: 0.0615 (0.0632)  evaluator_time: 0.0360 (0.0559)  time: 0.1016  data: 0.0005  mem: 779  max mem: 6090
[2026-08-04 16:31:30 det.util.utils]: Test:  [330/548]  eta: 0:00:26  model_time: 0.0615 (0.0632)  evaluator_time: 0.0439 (0.0564)  time: 0.1171  data: 0.0005  mem: 779  max mem: 6090
[2026-08-04 16:31:31 det.util.utils]: Test:  [340/548]  eta: 0:00:25  model_time: 0.0614 (0.0631)  evaluator_time: 0.0634 (0.0565)  time: 0.1283  data: 0.0005  mem: 779  max mem: 6090
[2026-08-04 16:31:33 det.util.utils]: Test:  [350/548]  eta: 0:00:24  model_time: 0.0614 (0.0631)  evaluator_time: 0.0696 (0.0581)  time: 0.1483  data: 0.0005  mem: 779  max mem: 6090
[2026-08-04 16:31:35 det.util.utils]: Test:  [360/548]  eta: 0:00:23  model_time: 0.0609 (0.0631)  evaluator_time: 0.1082 (0.0598)  time: 0.1787  data: 0.0006  mem: 779  max mem: 6090
[2026-08-04 16:31:37 det.util.utils]: Test:  [370/548]  eta: 0:00:22  model_time: 0.0609 (0.0630)  evaluator_time: 0.1429 (0.0629)  time: 0.2103  data: 0.0006  mem: 779  max mem: 6090
[2026-08-04 16:31:39 det.util.utils]: Test:  [380/548]  eta: 0:00:21  model_time: 0.0611 (0.0630)  evaluator_time: 0.1639 (0.0663)  time: 0.2457  data: 0.0006  mem: 779  max mem: 6090
[2026-08-04 16:31:41 det.util.utils]: Test:  [390/548]  eta: 0:00:20  model_time: 0.0613 (0.0630)  evaluator_time: 0.0741 (0.0663)  time: 0.1918  data: 0.0006  mem: 779  max mem: 6090
[2026-08-04 16:31:42 det.util.utils]: Test:  [400/548]  eta: 0:00:19  model_time: 0.0608 (0.0630)  evaluator_time: 0.0596 (0.0661)  time: 0.1263  data: 0.0006  mem: 779  max mem: 6090
[2026-08-04 16:31:43 det.util.utils]: Test:  [410/548]  eta: 0:00:17  model_time: 0.0606 (0.0629)  evaluator_time: 0.0315 (0.0653)  time: 0.1083  data: 0.0006  mem: 779  max mem: 6090
[2026-08-04 16:31:44 det.util.utils]: Test:  [420/548]  eta: 0:00:16  model_time: 0.0612 (0.0629)  evaluator_time: 0.0526 (0.0652)  time: 0.1096  data: 0.0006  mem: 779  max mem: 6090
[2026-08-04 16:31:46 det.util.utils]: Test:  [430/548]  eta: 0:00:15  model_time: 0.0618 (0.0629)  evaluator_time: 0.0672 (0.0658)  time: 0.1395  data: 0.0006  mem: 779  max mem: 6090
[2026-08-04 16:31:47 det.util.utils]: Test:  [440/548]  eta: 0:00:14  model_time: 0.0618 (0.0629)  evaluator_time: 0.0914 (0.0662)  time: 0.1499  data: 0.0006  mem: 779  max mem: 6090
[2026-08-04 16:31:48 det.util.utils]: Test:  [450/548]  eta: 0:00:12  model_time: 0.0615 (0.0629)  evaluator_time: 0.0549 (0.0661)  time: 0.1367  data: 0.0007  mem: 779  max mem: 6090
[2026-08-04 16:31:50 det.util.utils]: Test:  [460/548]  eta: 0:00:11  model_time: 0.0615 (0.0633)  evaluator_time: 0.0510 (0.0657)  time: 0.1277  data: 0.0007  mem: 779  max mem: 6090
[2026-08-04 16:31:51 det.util.utils]: Test:  [470/548]  eta: 0:00:10  model_time: 0.0611 (0.0633)  evaluator_time: 0.0495 (0.0655)  time: 0.1251  data: 0.0006  mem: 779  max mem: 6090
[2026-08-04 16:31:52 det.util.utils]: Test:  [480/548]  eta: 0:00:08  model_time: 0.0606 (0.0633)  evaluator_time: 0.0277 (0.0646)  time: 0.1038  data: 0.0006  mem: 779  max mem: 6090
[2026-08-04 16:31:53 det.util.utils]: Test:  [490/548]  eta: 0:00:07  model_time: 0.0608 (0.0632)  evaluator_time: 0.0337 (0.0647)  time: 0.1077  data: 0.0005  mem: 779  max mem: 6090
[2026-08-04 16:31:54 det.util.utils]: Test:  [500/548]  eta: 0:00:06  model_time: 0.0609 (0.0632)  evaluator_time: 0.0705 (0.0648)  time: 0.1316  data: 0.0005  mem: 779  max mem: 6090
[2026-08-04 16:31:56 det.util.utils]: Test:  [510/548]  eta: 0:00:04  model_time: 0.0609 (0.0632)  evaluator_time: 0.0705 (0.0648)  time: 0.1304  data: 0.0006  mem: 779  max mem: 6090
[2026-08-04 16:31:57 det.util.utils]: Test:  [520/548]  eta: 0:00:03  model_time: 0.0607 (0.0631)  evaluator_time: 0.0354 (0.0642)  time: 0.1101  data: 0.0006  mem: 779  max mem: 6090
[2026-08-04 16:31:58 det.util.utils]: Test:  [530/548]  eta: 0:00:02  model_time: 0.0606 (0.0631)  evaluator_time: 0.0395 (0.0638)  time: 0.1015  data: 0.0005  mem: 779  max mem: 6090
[2026-08-04 16:31:59 det.util.utils]: Test:  [540/548]  eta: 0:00:01  model_time: 0.0605 (0.0631)  evaluator_time: 0.0395 (0.0632)  time: 0.1001  data: 0.0005  mem: 779  max mem: 6090
[2026-08-04 16:31:59 det.util.utils]: Test:  [547/548]  eta: 0:00:00  model_time: 0.0598 (0.0630)  evaluator_time: 0.0364 (0.0631)  time: 0.1001  data: 0.0005  mem: 778  max mem: 6090
Test: Total time: 0:01:09 (0.1273 s / it)
[2026-08-04 16:31:59 det.util.engine]: Averaged stats: model_time: 0.0598 (0.0630)  evaluator_time: 0.0364 (0.0631)
[2026-08-04 16:32:01 det.util.engine]: Accumulating evaluation results...
DONE (t=1.19s).
IoU metric: bbox
 Average Precision  (AP) @[ IoU=0.50:0.95 | area=   all | maxDets=100 ] = 0.271
 Average Precision  (AP) @[ IoU=0.50      | area=   all | maxDets=100 ] = 0.469
 Average Precision  (AP) @[ IoU=0.75      | area=   all | maxDets=100 ] = 0.265
 Average Precision  (AP) @[ IoU=0.50:0.95 | area= small | maxDets=100 ] = 0.173
 Average Precision  (AP) @[ IoU=0.50:0.95 | area=medium | maxDets=100 ] = 0.388
 Average Precision  (AP) @[ IoU=0.50:0.95 | area= large | maxDets=100 ] = 0.547
 Average Recall     (AR) @[ IoU=0.50:0.95 | area=   all | maxDets=  1 ] = 0.111
 Average Recall     (AR) @[ IoU=0.50:0.95 | area=   all | maxDets= 10 ] = 0.320
 Average Recall     (AR) @[ IoU=0.50:0.95 | area=   all | maxDets=100 ] = 0.422
 Average Recall     (AR) @[ IoU=0.50:0.95 | area= small | maxDets=100 ] = 0.326
 Average Recall     (AR) @[ IoU=0.50:0.95 | area=medium | maxDets=100 ] = 0.553
 Average Recall     (AR) @[ IoU=0.50:0.95 | area= large | maxDets=100 ] = 0.691

[2026-08-04 16:32:01 det.util.engine]: 
+-----------------+------+-------+-------+--------+-------+
| class           | imgs | gts   | dets  | recall | ap    |
+-----------------+------+-------+-------+--------+-------+
| pedestrian      | 520  | 8844  | 39591 | 0.710  | 0.541 |
| people          | 482  | 5125  | 26035 | 0.689  | 0.463 |
| bicycle         | 364  | 1287  | 10754 | 0.580  | 0.270 |
| car             | 515  | 14064 | 38426 | 0.890  | 0.818 |
| van             | 421  | 1975  | 12926 | 0.778  | 0.480 |
| truck           | 266  | 750   | 5854  | 0.687  | 0.412 |
| tricycle        | 337  | 1045  | 16237 | 0.684  | 0.350 |
| awning-tricycle | 158  | 1577  | 16237 | 0.555  | 0.189 |
| bus             | 131  | 251   | 1333  | 0.693  | 0.591 |
| motor           | 485  | 4886  | 19762 | 0.791  | 0.573 |
+-----------------+------+-------+-------+--------+-------+
| mean results    |      |       |       | 0.706  | 0.469 |
+-----------------+------+-------+-------+--------+-------+
[2026-08-04 16:32:01 accelerate.tracking]: [RANK 0] Successfully logged to TensorBoard
[2026-08-04 16:32:01 det.util.utils]: [RANK 0] the best ap model is saved to /workspace/ASR-Position-DETR/output_position_detr_saliency_all_k3_original/best_ap.pth
[2026-08-04 16:32:02 det.util.utils]: [RANK 0] the best ap50 model is saved to /workspace/ASR-Position-DETR/output_position_detr_saliency_all_k3_original/best_ap50.pth
[2026-08-04 16:32:02 det.util.engine]: Epoch: [13]  [0/6471]  eta: 0:42:06  lr: 0.000010  data_time: 0.0082  iter_time: 0.3905  loss: 28.5456 (28.5456)  loss_class: 0.6153 (0.6153)  loss_bbox: 0.0397 (0.0397)  loss_giou: 0.7250 (0.7250)  loss_class_0: 0.7485 (0.7485)  loss_bbox_0: 0.0398 (0.0398)  loss_giou_0: 0.7276 (0.7276)  loss_class_1: 0.6758 (0.6758)  loss_bbox_1: 0.0364 (0.0364)  loss_giou_1: 0.7042 (0.7042)  loss_class_2: 0.6654 (0.6654)  loss_bbox_2: 0.0395 (0.0395)  loss_giou_2: 0.7122 (0.7122)  loss_class_3: 0.5961 (0.5961)  loss_bbox_3: 0.0413 (0.0413)  loss_giou_3: 0.7384 (0.7384)  loss_class_4: 0.6249 (0.6249)  loss_bbox_4: 0.0398 (0.0398)  loss_giou_4: 0.7241 (0.7241)  loss_class_enc: 0.6245 (0.6245)  loss_bbox_enc: 0.0509 (0.0509)  loss_giou_enc: 0.8297 (0.8297)  loss_class_dn: 0.4322 (0.4322)  loss_bbox_dn: 0.0349 (0.0349)  loss_giou_dn: 0.6771 (0.6771)  loss_class_dn_0: 0.4972 (0.4972)  loss_bbox_dn_0: 0.0456 (0.0456)  loss_giou_dn_0: 0.7351 (0.7351)  loss_class_dn_1: 0.4645 (0.4645)  loss_bbox_dn_1: 0.0353 (0.0353)  loss_giou_dn_1: 0.6792 (0.6792)  loss_class_dn_2: 0.4448 (0.4448)  loss_bbox_dn_2: 0.0351 (0.0351)  loss_giou_dn_2: 0.6800 (0.6800)  loss_class_dn_3: 0.4345 (0.4345)  loss_bbox_dn_3: 0.0352 (0.0352)  loss_giou_dn_3: 0.6786 (0.6786)  loss_class_dn_4: 0.4357 (0.4357)  loss_bbox_dn_4: 0.0349 (0.0349)  loss_giou_dn_4: 0.6770 (0.6770)  loss_position: 0.3320 (0.3320)  loss_class_hybrid: 0.5429 (0.5429)  loss_bbox_hybrid: 0.0732 (0.0732)  loss_giou_hybrid: 0.9365 (0.9365)  loss_class_0_hybrid: 0.5491 (0.5491)  loss_bbox_0_hybrid: 0.0782 (0.0782)  loss_giou_0_hybrid: 0.9963 (0.9963)  loss_class_1_hybrid: 0.5345 (0.5345)  loss_bbox_1_hybrid: 0.0748 (0.0748)  loss_giou_1_hybrid: 0.9484 (0.9484)  loss_class_2_hybrid: 0.5462 (0.5462)  loss_bbox_2_hybrid: 0.0754 (0.0754)  loss_giou_2_hybrid: 0.9509 (0.9509)  loss_class_3_hybrid: 0.5461 (0.5461)  loss_bbox_3_hybrid: 0.0708 (0.0708)  loss_giou_3_hybrid: 0.9323 (0.9323)  loss_class_4_hybrid: 0.5501 (0.5501)  loss_bbox_4_hybrid: 0.0709 (0.0709)  loss_giou_4_hybrid: 0.9298 (0.9298)  loss_class_enc_hybrid: 0.4618 (0.4618)  loss_bbox_enc_hybrid: 0.1051 (0.1051)  loss_giou_enc_hybrid: 1.1842 (1.1842)  mem: 793  max mem: 6090
[2026-08-04 16:32:02 accelerate.tracking]: [RANK 0] Successfully logged to TensorBoard
